Project,StationName,StationCode,Latitude,Longitude,TripCode,SampleTime_UTC,SampleTime_Local,Year,Month,Day,Time,Depth,SST,Chla,Salinity,SOI,Biomass,AshFreeBiomass,Acartia danae,Acartia fossae,Acartia negligens,Acartia pacifica,Acartia pietschmani,Acartia simplex,Acartia tonsa,Acartia tranteri,Acrocalanus gibber,Acrocalanus gracilis,Acrocalanus longicornis,Acrocalanus monachus,Aetideus acutus,Agetus flaccus,Agetus limbatus,Agetus typicus,Amallothrix tenuiserrata,Bestiolina similis,Calanoides carinatus,Calanoides macrocarinatus,Calanopia aurivilli,Calanopia australica,Calanopia elliptica,Calanopia minor,Calanus australis,Calocalanus contractus,Calocalanus pavo,Calocalanus plumulosus,Calocalanus styliremis,Calocalanus tenuis,Candacia bipinnata,Candacia bradyi,Candacia catula,Candacia cheirura,Candacia discaudata,Candacia ethiopica,Candacia truncata,Candacia worthingtoni,Canthocalanus pauper,Centropages australiensis,Centropages bradyi,Centropages furcatus,Centropages gracilis,Centropages orsinii,Clausocalanus arcuicornis,Clausocalanus brevipes,Clausocalanus farrani,Clausocalanus furcatus,Clausocalanus ingens,Clausocalanus jobei,Clausocalanus mastigophorus,Clausocalanus minor,Clausocalanus parapergens,Clausocalanus paululus,Clausocalanus pergens,Clytemnestra farrani,Clytemnestra scutellata,Copilia hendorffi,Copilia mirabilis,Copilia quadrata,Corycaeus clausi,Corycaeus crassiusculus,Corycaeus speciosus,Corycaeus vitreus,Cosmocalanus darwinii,Ctenocalanus citer,Ctenocalanus vanus,Delibus nudus,Dioithona oculata,Dioithona rigida,Ditrichocorycaeus andrewsi,Ditrichocorycaeus anglicus,Ditrichocorycaeus asiaticus,Ditrichocorycaeus aucklandicus,Ditrichocorycaeus dahli,Ditrichocorycaeus erythraeus,Ditrichocorycaeus lubbocki,Ditrichocorycaeus minimus,Ditrichocorycaeus subtilis,Ditrichocorycaeus tenuis,Eucalanus hyalinus,Euchaeta acuta,Euchaeta concinna,Euchaeta indica,Euchaeta longicornis,Euchaeta marina,Euchaeta marinella,Euchaeta rimana,Euchirella rostrata,Euchirella rostromagna,Euterpina acutifrons,Farranula carinata,Farranula concinna,Farranula curta,Farranula gibbula,Farranula gracilis,Farranula rostrata,Haloptilus longicornis,Heterorhabdus lobatus,Heterorhabdus papilliger,Labidocera acuta,Labidocera cervi,Labidocera farrani,Labidocera kroyeri,Labidocera minuta,Labidocera tasmanica,Lubbockia squillimana,Lucicutia flavicornis,Lucicutia gaussae,Macrosetella gracilis,Mecynocera clausi,Mesocalanus tenuicornis,Metacalanus aurivillii,Metridia lucens,Microsetella norvegica,Microsetella rosea,Nannocalanus minor,Neocalanus gracilis,Neocalanus tonsus,Oculosetella gracilis,Oithona atlantica,Oithona attenuata,Oithona australis,Oithona brevicornis,Oithona decipiens,Oithona fallax,Oithona longispina,Oithona nana,Oithona plumifera,Oithona robusta,Oithona setigera,Oithona similis,Oithona simplex,Oithona tenuis,Oncaea clevei,Oncaea media,Oncaea mediterranea,Oncaea paraclevei,Oncaea scottodicarloi,Oncaea venusta,Oncaea waldemari,Onychocorycaeus agilis,Onychocorycaeus catus,Onychocorycaeus giesbrechti,Onychocorycaeus latus,Onychocorycaeus pacificus,Onychocorycaeus pumilus,Paracalanus aculeatus,Paracalanus denudatus,Paracalanus indicus,Paracalanus nanus,Paracalanus parvus,Pareucalanus sewelli,Parundinella dakini,Parvocalanus crassirostris,Pleuromamma abdominalis,Pleuromamma borealis,Pleuromamma gracilis,Pleuromamma piseki,Pontella aculeata,Pontellopsis macronyx,Pseudodiaptomus aurivillii,Pseudodiaptomus mertoni,Rhincalanus cornutus,Rhincalanus nasutus,Rhincalanus rostrifrons,Sapphirina angusta,Sapphirina nigromaculata,Sapphirina opalina,Sapphirina scarlata,Sapphirina stellata,Scaphocalanus curtus,Scaphocalanus echinatus,Scolecithricella dentata,Scolecithricella longifurca,Scolecithricella minor,Scolecithrix bradyi,Scolecithrix danae,Scolecitrichopsis ctenopus,Stephos maculosus,Subeucalanus crassus,Subeucalanus longiceps,Subeucalanus mucronatus,Subeucalanus pileatus,Subeucalanus subcrassus,Subeucalanus subtenuis,Temora discaudata,Temora turbinata,Temoropia mayumbaensis,Tortanus barbatus,Tortanus gracilis,Triconia conifera,Triconia denticula,Triconia dentipes,Triconia umerus,Undinula vulgaris,Urocorycaeus furcifer,Urocorycaeus lautus,Urocorycaeus longistylis
NRS,Darwin,DAR,12.4,130.768,DAR20120114_2130,2012-01-14T21:30:00Z,2012-01-15T07:00:00Z,2012,1,15,7:00:00,17.4,31.4462,NA,33.6385,La Nina,39.1297,NA,0,0,0,41.12,0,0,0,0,20.56,0,0,0,0,0,0,0,0,493.4397,0,0,0,0,0,20.56,0,0,0,0,0,0,0,20.56,0,0,0,0,0,0,82.24,0,0,0,0,0,0,0,0,0,0,0,0,0,0,0,0,0,0,0,0,0,0,0,0,0,0,0,0,0,0,0,102.8,0,0,0,0,0,0,0,0,0,0,0,0,0,0,0,0,0,0,0,287.8398,0,0,0,0,0,0,0,0,0,0,0,0,0,0,0,0,0,0,0,0,0,0,0,82.24,0,0,0,0,0,0,493.4397,0,0,0,0,0,20.56,0,0,0,0,884.0795,0,0,0,0,0,0,0,0,0,0,0,0,0,0,41.12,0,0,0,0,0,0,2467.1986,0,0,0,0,0,0,0,0,0,0,0,0,0,0,0,0,0,0,0,0,0,0,0,0,0,0,0,0,41.12,0,0,0,0,0,0,0,0,0,0,0,0,0,0,0
NRS,Darwin,DAR,12.4,130.768,DAR20120417,2012-04-17T00:12:00Z,2012-04-17T09:42:00Z,2012,4,17,9:42:00,16,30.0875,0.6205499999999999,32.7255,Neutral,27.0307,NA,0,0,0,0,0,0,0,0,22.102,0,0,0,0,0,0,0,0,0,0,0,0,0,0,0,0,0,0,0,0,0,0,0,0,0,0,0,0,0,22.102,0,0,0,0,0,0,0,0,0,0,0,0,0,0,0,0,0,0,0,0,0,0,0,0,0,0,0,0,0,0,0,44.204,0,44.204,0,0,0,0,0,0,0,0,0,0,0,0,0,0,0,0,0,950.3855,0,0,0,0,0,0,0,0,0,0,0,0,0,0,0,0,0,0,0,0,0,0,0,287.3258,0,0,0,0,0,0,198.9179,0,0,0,0,0,353.6318,0,0,0,0,464.1417,0,22.102,0,0,0,0,0,0,0,0,0,0,0,0,198.9179,0,22.102,0,0,0,0,132.6119,0,0,0,0,0,0,0,0,0,0,0,0,0,0,0,0,0,0,0,0,0,0,0,0,0,0,0,0,0,0,0,0,0,0,0,0,0,0,0,0,0,0,0,0
NRS,Darwin,DAR,12.4,130.768,DAR20120730_0130,2012-07-30T01:30:00Z,2012-07-30T11:00:00Z,2012,7,30,11:00:00,22,24.1451,0.47544,33.9936,Neutral,30.9588,NA,0,0,0,0,0,0,0,0,0,16.0742,0,0,0,0,0,0,0,16.0742,0,0,0,0,0,16.0742,0,0,0,0,0,0,0,0,0,0,0,0,0,0,0,0,0,0,0,0,0,0,0,0,0,0,0,0,0,0,0,0,0,0,0,0,0,0,0,0,0,0,0,0,0,0,0,0,0,0,48.2225,0,0,0,0,0,0,0,0,0,0,0,0,0,0,0,241.1126,0,0,0,0,0,0,0,0,0,0,0,0,0,0,0,0,0,0,0,0,0,64.2967,0,64.2967,0,0,0,0,0,0,32.1483,0,0,0,0,0,208.9642,0,0,0,0,225.0384,0,48.2225,0,0,0,0,0,0,0,0,0,0,0,0,80.3709,0,16.0742,0,0,0,0,337.5577,0,0,0,0,0,0,0,0,0,0,0,0,0,0,0,0,0,0,0,0,0,0,0,0,0,0,0,0,0,0,0,0,0,0,0,0,0,0,0,0,0,0,0,0
NRS,Darwin,DAR,12.4,130.768,DAR20121030,2012-10-30T22:21:00Z,2012-10-31T07:51:00Z,2012,10,31,7:51:00,18,30.5708,0.7308,34.4619,Neutral,47.8778,NA,0,0,0,0,0,0,0,0,8.9301,7.1441,0,0,0,0,0,0,0,0,0,0,0,0,0,0,0,0,0,0,0,0,0,0,0,0,0,0,0,0,16.0742,0,0,0,0,0,0,0,0,0,0,0,0,0,0,0,0,0,0,0,0,0,0,0,1.786,0,0,0,0,0,0,0,0,0,0,0,0,0,0,0,0,0,0,0,0,0,0,0,0,0,0,0,7.1441,0,0,0,0,0,0,0,0,0,0,0,0,0,0,0,0,0,0,1.786,0,0,0,0,1.786,0,0,0,0,0,0,28.5763,0,0,0,0,0,32.1483,0,0,0,0,1.786,0,0,0,0,0,0,0,0,0,0,0,1.786,1.786,0,0,0,32.1483,0,0,0,0,330.4136,0,0,0,0,0,0,0,1.786,0,0,0,0,0,0,0,0,0,0,0,0,0,0,0,0,0,0,0,0,0,0,0,0,0,0,1.786,0,0,0,0,0,0,0,0,0
NRS,Darwin,DAR,12.4,130.768,DAR20121209_0300,2012-12-09T03:00:00Z,2012-12-09T12:30:00Z,2012,12,9,12:30:00,21,31.9678,13.2384,34.5114,Neutral,12.8655,NA,50.5188,0,0,0,0,0,0,0,16.8396,0,0,0,0,0,0,0,0,33.6792,0,0,0,0,0,0,0,0,0,0,0,0,0,0,0,0,0,0,0,0,33.6792,0,0,0,0,0,0,0,0,0,0,0,0,0,0,0,0,0,0,0,0,0,0,0,0,0,0,0,0,0,0,0,33.6792,0,67.3584,0,33.6792,0,16.8396,33.6792,0,0,0,0,0,0,0,0,0,0,0,0,488.3486,0,0,0,0,0,0,0,0,0,0,0,0,0,0,0,0,0,0,50.5188,0,0,0,0,84.198,0,0,0,0,0,0,185.2357,0,0,0,0,0,0,0,0,0,0,471.5091,0,0,0,0,0,0,0,0,0,0,0,0,0,0,16.8396,0,16.8396,0,0,0,0,404.1507,0,0,0,0,0,0,0,33.6792,0,0,0,0,0,0,0,0,0,0,0,0,0,0,0,0,0,0,0,0,0,0,0,0,0,0,0,0,0,0,0,0,0,0,0,0
NRS,Darwin,DAR,12.4,130.768,DAR20130405,2013-04-05T00:10:00Z,2013-04-05T09:40:00Z,2013,4,5,9:40:00,21,30.1876,0.6205499999999999,33.1644,Neutral,3.2164,NA,0,0,0,25.2594,0,0,0,0,16.8396,0,0,0,0,0,0,0,0,8.4198,0,0,0,0,0,0,0,0,0,0,0,0,0,0,0,0,0,0,0,0,0,0,0,0,0,0,0,0,0,0,0,0,0,0,0,0,0,0,0,0,0,0,0,0,0,0,0,0,0,0,0,0,42.099,0,0,0,16.8396,0,0,0,0,0,0,0,0,0,0,0,0,0,0,0,117.8772,0,0,0,0,0,0,0,0,0,0,0,0,0,0,0,0,0,0,0,0,0,0,0,16.8396,0,0,0,0,0,0,8.4198,117.8773,8.4198,0,0,0,42.099,0,0,0,0,252.5941,0,0,0,0,0,0,0,0,0,0,0,0,0,0,0,0,0,0,0,0,0,261.0139,0,0,0,0,0,0,0,0,0,0,0,0,0,0,0,0,0,0,0,0,0,0,0,0,0,0,0,0,0,0,0,0,0,0,0,0,0,0,0,0,0,0,0,0
NRS,Darwin,DAR,12.4,130.768,DAR20130617_0800,2013-06-17T08:00:00Z,2013-06-17T17:30:00Z,2013,6,17,17:30:00,23,27.0375,NA,34.107,La Nina,11.8236,NA,0,0,0,0,0,0,0,0,5.1251,0,0,0,0,0,0,0,0,0,0,0,0,0,0,0,0,0,0,0,0,0,0,5.1251,0,0,0,0,0,0,20.5004,0,0,0,0,0,0,0,0,0,0,0,0,0,0,0,0,0,0,0,0,0,0,0,0,0,0,0,0,0,0,0,5.1251,0,0,0,0,0,0,0,0,0,0,0,0,0,0,0,0,0,0,0,153.753,0,0,0,0,0,0,0,0,0,0,0,0,0,0,0,0,0,0,0,0,0,0,0,20.5004,0,0,0,0,0,0,61.5012,0,0,0,0,0,30.7506,0,0,0,0,143.5028,0,0,0,0,0,0,0,0,0,0,0,0,0,0,10.2502,0,10.2502,0,0,0,0,322.8812,0,0,0,0,0,0,0,0,0,0,0,0,0,0,0,0,0,0,0,0,0,0,0,0,0,0,0,0,5.1251,0,0,0,0,0,0,0,0,0,0,0,0,0,0,0
NRS,Darwin,DAR,12.4,130.768,DAR20130617_1500,2013-06-17T15:00:00Z,2013-06-18T00:30:00Z,2013,6,18,0:30:00,25,27.0979,NA,34.1046,La Nina,23.6933,NA,0,0,0,0,0,0,0,0,0,0,0,0,0,0,0,0,0,0,0,0,0,0,0,0,0,0,0,0,0,0,0,0,0,0,0,0,0,0,0,0,0,0,0,0,0,0,0,0,0,42.4358,0,0,0,0,0,0,0,0,0,0,0,14.1453,0,0,0,0,0,99.0169,0,0,0,0,0,0,0,0,0,0,0,0,0,0,0,0,0,0,0,0,0,0,14.1453,14.1453,0,0,0,0,14.1453,0,0,0,0,0,0,0,0,0,0,0,0,0,42.4358,0,0,0,155.598,0,14.1453,14.1453,0,0,0,28.2905,0,0,0,0,0,0,141.4527,0,0,0,28.2905,14.1453,0,0,0,0,28.2905,70.7263,0,0,0,0,0,0,0,56.5811,0,28.2906,0,0,14.1453,0,28.2905,0,0,0,0,0,0,0,0,0,0,14.1453,0,0,0,0,0,0,0,0,0,0,0,0,0,0,0,0,0,0,0,0,0,0,0,0,0,0,0,0,0,0,0,0,0
NRS,Darwin,DAR,12.4,130.768,DAR20130916,2013-09-16T01:56:00Z,2013-09-16T11:26:00Z,2013,9,16,11:26:00,22,27.762,0.6063,34.7368,Neutral,32.8878,NA,0,0,0,0,0,0,0,0,0,0,0,0,0,0,0,0,0,8.0371,0,0,0,0,0,0,0,0,0,0,0,0,0,0,0,0,0,0,0,0,0,0,0,0,0,0,0,0,0,0,0,0,0,0,0,0,0,0,0,0,0,0,0,0,0,0,0,0,0,0,0,0,0,0,0,0,0,0,0,8.0371,0,0,0,0,0,0,0,0,0,0,0,0,458.1139,0,0,0,0,0,0,0,0,0,0,0,0,0,8.0371,0,0,0,0,0,0,0,0,0,64.2967,0,0,0,0,0,0,8.0371,0,0,0,0,0,265.2238,0,0,0,0,160.7417,0,0,0,0,8.0371,0,0,0,0,0,0,0,0,0,16.0742,0,24.1113,0,0,0,0,168.7788,0,0,0,0,0,0,0,0,0,0,0,0,0,0,0,0,0,0,0,0,0,0,0,0,0,0,0,0,0,0,0,0,0,0,8.0371,0,0,0,0,0,0,0,0,0
NRS,Darwin,DAR,12.4,130.768,DAR20140117_1950,2014-01-17T19:50:00Z,2014-01-18T05:20:00Z,2014,1,18,5:20:00,24,31.4462,NA,33.6385,Neutral,1.444,NA,0,0,0,0,0,0,0,0,7.3673,0,0,0,0,0,0,0,0,22.102,0,0,0,0,0,0,0,0,0,0,0,0,0,0,0,0,0,0,0,0,14.7347,0,0,0,0,0,0,0,0,0,0,0,0,0,0,0,0,0,0,0,0,0,0,0,0,0,0,0,0,0,0,0,44.204,0,0,0,0,0,0,44.204,0,0,0,0,0,0,0,0,0,0,0,0,176.8159,0,0,0,0,0,0,0,0,0,0,0,0,0,7.3673,0,0,0,0,0,0,0,0,0,154.7139,0,0,0,0,0,0,81.0406,0,7.3673,0,0,0,103.1426,0,0,0,0,243.1219,0,0,0,0,0,0,0,0,0,0,0,0,0,0,0,0,7.3673,0,0,0,0,272.5911,0,0,0,0,0,0,7.3673,0,0,0,0,0,0,0,0,0,0,0,0,0,0,0,0,0,0,0,0,0,0,0,0,0,0,0,51.5713,0,0,0,0,0,0,0,0,0
NRS,Darwin,DAR,12.4,130.768,DAR20140403,2014-04-03T22:33:00Z,2014-04-04T08:03:00Z,2014,4,4,8:03:00,27,30.211275,0.6205499999999999,33.322649999999996,Neutral,69.4428,NA,0,0,0,13.0975,0,0,0,0,104.7798,0,0,0,0,0,0,0,0,0,0,0,0,0,0,0,0,0,0,0,0,0,0,0,0,0,0,0,0,0,144.0722,0,0,0,0,0,0,0,0,0,0,0,0,0,0,0,0,0,0,0,0,0,0,0,0,0,0,0,0,0,0,0,104.7797,0,0,0,13.0975,0,13.0975,0,0,0,0,0,0,0,0,0,0,0,0,0,694.1662,0,0,0,0,0,0,0,0,0,0,0,0,0,0,0,0,0,0,0,0,0,0,0,275.047,0,0,0,0,0,0,196.4621,0,0,0,0,0,209.5596,0,0,0,0,956.1156,0,26.1949,0,0,0,0,0,0,0,0,0,0,0,0,170.2672,0,0,0,0,0,0,3470.8306,0,0,0,0,0,0,0,0,0,0,0,0,0,0,0,0,0,0,0,0,0,0,0,0,0,0,0,0,26.195,0,0,0,0,0,0,0,0,0,0,0,0,0,0,0
NRS,Darwin,DAR,12.4,130.768,DAR20140702,2014-07-02T23:38:00Z,2014-07-03T09:08:00Z,2014,7,3,9:08:00,24,25.991083333333332,0.47544,34.597433333333335,Neutral,31.0459,NA,0,0,0,0,0,0,0,0,0,0,0,0,0,0,0,0,0,29.4693,0,0,0,0,0,0,0,0,0,0,0,0,0,0,0,0,0,0,0,0,36.8366,0,0,7.3673,0,0,0,0,0,0,0,0,0,0,0,0,0,0,0,0,0,0,0,0,0,0,0,0,0,0,0,0,22.102,0,29.4694,0,51.5713,0,0,0,0,0,0,0,0,0,0,0,0,0,0,0,279.9585,0,0,0,0,0,0,0,0,0,0,0,0,0,0,0,0,0,0,0,0,0,0,0,29.4693,0,0,0,0,0,0,36.8366,0,0,0,0,0,66.306,0,0,0,0,103.1426,0,0,0,0,0,0,0,0,0,0,0,0,0,0,14.7347,0,7.3673,0,0,0,0,810.4062,0,0,0,0,0,0,0,0,0,0,0,0,0,0,0,0,0,0,0,0,0,0,0,0,0,0,0,0,0,0,0,0,0,0,14.7347,0,0,0,0,0,0,0,0,0
NRS,Darwin,DAR,12.4,130.768,DAR20140906_0030,2014-09-06T00:30:00Z,2014-09-06T10:00:00Z,2014,9,6,10:00:00,24,25.7297,0.6063,34.4616,Neutral,43.2234,NA,0,0,0,19.6462,0,0,0,0,19.6462,0,0,0,0,0,0,0,0,0,0,0,0,0,0,0,0,0,0,0,0,0,0,0,0,0,0,0,0,0,9.8231,0,0,0,0,0,0,0,0,0,0,0,0,0,0,0,0,0,0,0,0,0,0,0,0,0,0,0,0,0,0,0,9.8231,0,0,0,0,9.8231,0,9.8231,0,0,0,0,0,0,0,0,0,0,0,0,221.0198,0,0,0,0,0,0,0,0,0,0,0,0,0,0,0,0,0,0,0,0,0,9.8231,0,9.8231,0,0,0,0,0,0,49.1155,0,0,0,0,0,157.1697,0,0,0,0,265.2238,0,0,9.8231,0,0,0,0,0,0,0,0,0,0,0,29.4693,0,0,0,0,0,0,333.9856,0,0,0,0,0,0,0,0,0,0,0,0,0,0,0,0,0,0,0,0,0,0,0,0,0,0,0,0,0,0,0,0,0,0,9.8231,0,0,0,0,0,0,0,0,0
NRS,Darwin,DAR,12.4,130.768,DAR20141130,2014-11-30T21:48:00Z,2014-12-01T07:18:00Z,2014,12,1,7:18:00,18,31.1982,13.2384,35.0214,Neutral,28.5263,NA,0,0,0,0,0,0,0,0,19.6462,0,0,0,0,0,0,0,0,117.8773,0,0,0,0,0,0,0,0,0,0,0,0,0,0,0,0,0,0,0,0,19.6462,0,0,0,0,0,0,0,0,0,0,0,0,0,0,0,0,0,0,0,0,0,0,0,0,0,0,0,0,0,0,0,0,0,0,0,0,0,0,0,0,0,0,0,0,0,0,0,0,0,0,0,373.278,0,0,0,0,0,0,0,0,0,0,0,0,0,0,0,0,0,0,0,0,0,0,0,39.2924,0,0,0,0,0,0,157.1697,0,0,0,0,0,0,0,0,0,0,687.6174,0,0,0,0,0,0,0,0,0,0,0,0,0,0,78.5848,0,19.6462,0,0,0,0,491.1552,0,0,0,0,0,0,0,0,0,0,0,0,0,0,0,0,0,0,0,0,0,0,0,0,0,0,0,0,0,0,0,0,0,0,0,0,0,0,0,0,0,0,0,0
NRS,Darwin,DAR,12.4,130.768,DAR20150203_0030,2015-02-03T00:30:00Z,2015-02-03T10:00:00Z,2015,2,3,10:00:00,23,29.8585,1.031,33.1616,Neutral,48.4476,NA,0,0,0,0,0,0,0,0,46.1259,0,0,0,0,0,0,0,0,15.3753,0,0,0,0,0,0,0,0,0,0,0,0,0,0,0,0,0,0,0,0,15.3753,0,0,0,0,0,0,0,0,0,0,0,0,0,0,0,0,0,0,0,0,0,0,0,0,0,0,0,0,0,0,0,107.6271,0,0,0,0,0,0,0,0,0,0,0,0,0,0,0,0,0,0,0,1260.7743,0,0,0,0,0,0,0,0,0,0,0,0,0,0,0,0,0,0,0,0,0,0,0,61.5012,0,0,0,0,0,0,92.2518,0,15.3753,0,0,0,76.8765,0,0,0,0,845.6413,0,0,0,0,0,0,0,0,0,0,0,0,0,0,15.3753,0,15.3753,0,0,0,0,184.5036,0,0,0,0,0,0,30.7506,0,0,0,0,0,0,0,0,0,0,0,0,0,0,0,0,0,0,0,0,0,0,0,0,0,0,0,30.7506,0,0,0,0,0,0,0,0,0
NRS,Darwin,DAR,12.4,130.768,DAR20150316,2015-03-16T23:05:00Z,2015-03-17T08:35:00Z,2015,3,17,8:35:00,16,30.3205,0.7361,32.6933,Neutral,36.844,NA,0,0,0,0,0,0,0,0,0,0,0,0,0,0,0,0,0,26.5224,0,0,0,0,0,0,0,0,0,0,0,0,0,0,0,0,0,0,0,0,0,0,0,0,0,0,0,0,0,0,0,0,0,0,0,0,0,0,0,0,0,0,0,0,0,0,0,0,0,0,0,0,0,0,8.8408,0,0,0,8.8408,0,0,0,0,0,0,0,0,0,0,0,0,0,238.7015,0,0,0,0,0,0,0,0,0,0,0,0,0,0,0,0,0,0,0,0,0,0,0,0,0,0,0,0,0,0,106.0895,0,0,0,0,0,44.204,0,0,0,0,512.7661,0,0,0,0,0,0,0,0,0,0,0,0,0,0,61.8856,0,8.8408,0,0,0,0,123.7711,0,0,0,0,0,0,0,8.8408,0,0,0,0,0,0,0,0,0,0,0,0,0,0,0,0,0,0,0,0,0,0,0,0,0,0,8.8408,0,0,0,0,0,0,0,0,0
NRS,Darwin,DAR,12.4,130.768,DAR20150505,2015-05-05T22:54:00Z,2015-05-06T08:24:00Z,2015,5,6,8:24:00,18,28.6471,0.7059,33.7234,El Nino,30.5498,NA,0,0,0,0,0,0,0,0,47.1509,0,0,0,0,0,0,0,0,23.5755,0,0,0,7.8585,0,0,0,0,0,0,0,0,0,0,0,0,0,0,0,0,15.717,0,0,7.8585,0,0,0,0,0,0,0,0,0,0,0,0,0,0,0,0,0,0,0,0,0,0,0,0,0,0,0,0,39.2924,0,0,0,7.8585,0,7.8585,0,0,0,0,0,0,0,0,0,0,0,0,0,149.3112,0,0,0,0,0,0,0,0,0,0,0,0,0,0,0,0,0,0,0,0,0,0,0,23.5755,0,0,0,0,0,0,133.5942,0,0,0,0,0,70.7264,0,0,0,0,534.3769,0,0,0,0,0,0,0,0,0,0,0,7.8585,0,0,15.717,0,0,0,0,0,0,1037.3199,0,0,0,0,0,0,0,0,0,0,0,0,0,0,0,0,0,0,0,0,0,0,0,0,0,0,0,0,15.717,0,0,0,0,0,0,0,0,0,0,0,0,0,0,0
NRS,Darwin,DAR,12.4,130.768,DAR20150804_0430,2015-08-04T04:30:00Z,2015-08-04T14:00:00Z,2015,8,4,14:00:00,16,25.7816,1.1656,34.8415,El Nino,20.5106,NA,0,0,0,0,0,0,0,0,22.102,0,0,0,0,0,0,0,0,0,0,0,0,0,0,0,0,0,0,0,0,0,0,0,0,0,0,0,0,0,176.8159,0,0,0,0,0,0,0,0,0,0,0,0,0,0,0,0,0,0,0,0,0,0,0,0,0,0,0,0,0,0,0,0,0,0,0,22.102,0,22.102,0,0,0,0,0,0,0,0,0,0,0,0,0,44.204,0,0,0,0,0,0,0,0,0,0,0,0,0,0,0,0,0,0,0,0,0,0,0,154.7139,0,0,0,0,0,0,88.4079,0,0,0,0,0,309.4278,0,0,0,0,132.6119,0,22.102,0,0,0,0,0,0,0,0,0,0,0,0,88.4079,0,0,0,0,0,0,640.9576,0,0,0,0,0,0,0,0,0,0,0,0,0,0,0,0,0,0,0,0,0,0,0,0,0,0,0,0,0,0,0,0,0,0,0,0,0,0,0,0,0,0,0,0
NRS,Darwin,DAR,12.4,130.768,DAR20151117,2015-11-17T22:46:00Z,2015-11-18T08:16:00Z,2015,11,18,8:16:00,17,31.0559,0.5801,35.4882,El Nino,12.2731,NA,0,0,0,0,0,0,0,0,0,0,0,0,0,0,0,0,0,8.3207,0,0,0,0,0,0,0,0,0,0,0,0,0,0,0,0,0,0,0,0,0,0,0,0,0,0,0,0,0,0,0,0,0,0,0,0,0,0,0,0,0,0,0,0,0,0,0,0,0,0,0,0,0,0,0,0,8.3207,0,8.3207,0,0,0,0,0,0,0,0,0,0,0,0,0,124.8112,0,0,0,0,0,0,0,0,0,0,0,0,0,0,0,0,0,0,0,0,0,0,0,66.5659,0,0,0,0,0,0,66.566,0,16.6415,0,0,0,16.6415,0,0,0,0,58.2452,0,0,0,0,0,0,0,0,0,0,0,0,0,0,8.3207,0,0,0,0,0,0,440.9996,0,0,0,0,0,0,24.9622,0,0,0,0,0,0,0,0,0,0,0,0,0,0,0,0,0,0,0,0,0,0,0,0,0,0,0,0,0,0,0,0,0,0,0,0,0
NRS,Darwin,DAR,12.4,130.768,DAR20160201_2130,2016-02-01T21:30:00Z,2016-02-02T07:00:00Z,2016,2,2,7:00:00,26,30.6785,0.5407,33.4695,El Nino,20.3928,NA,0,0,0,0,0,0,0,0,13.6012,0,0,0,0,0,0,0,0,13.6012,0,0,0,0,0,0,0,0,0,0,0,0,0,0,0,0,0,0,0,0,0,0,0,0,0,0,0,0,0,0,0,0,0,0,0,0,0,0,0,0,0,0,0,0,0,0,0,0,0,0,0,0,40.8037,0,0,0,0,0,13.6012,0,0,0,0,0,0,0,0,0,0,0,0,0,108.8098,0,0,0,0,0,0,0,0,0,0,0,0,0,0,0,0,0,0,0,0,0,0,0,27.2024,0,0,0,0,0,0,68.0061,0,0,0,0,0,108.8098,0,0,0,0,0,0,0,0,0,0,0,0,0,0,0,0,0,0,0,0,0,27.2024,0,0,0,0,380.8342,0,0,0,0,0,0,0,0,0,0,0,0,0,0,0,0,0,0,0,0,0,0,0,0,0,0,0,0,0,0,0,0,0,0,0,0,0,0,0,0,0,0,0,0
NRS,Darwin,DAR,12.4,130.768,DAR20160530,2016-05-30T22:20:00Z,2016-05-31T07:50:00Z,2016,5,31,7:50:00,15,29.9424,0.4658,34.4526,El Nino,29.3043,NA,0,0,0,0,0,0,0,0,23.5755,0,0,0,0,0,0,0,0,0,0,0,0,0,0,0,0,0,0,0,0,0,0,0,0,0,0,0,0,0,23.5755,0,0,0,0,0,0,0,0,0,0,0,0,0,0,0,0,0,0,0,0,0,0,0,0,0,0,0,0,0,0,0,0,0,0,0,0,0,0,0,0,0,0,0,0,0,0,0,0,0,0,0,495.0845,0,0,0,0,0,0,0,0,0,0,0,0,0,0,0,0,0,0,0,0,0,0,0,23.5755,0,0,0,0,0,0,259.33,0,0,0,0,0,330.0563,0,0,0,0,1414.5272,0,0,0,0,0,0,0,0,0,0,0,0,0,0,70.7264,0,0,0,0,0,0,565.8109,0,0,0,0,0,0,23.5755,0,0,0,0,0,0,0,0,0,0,0,0,0,0,0,0,0,0,0,0,0,0,0,0,0,0,0,0,0,0,0,0,0,0,0,0,0
NRS,Darwin,DAR,12.4,130.768,DAR20160724_0730,2016-07-24T07:30:00Z,2016-07-24T17:00:00Z,2016,7,24,17:00:00,18,26.2174,0.4967,35.1366,La Nina,31.0606,NA,0,0,0,0,0,0,0,0,0,0,0,0,0,0,0,0,0,39.2924,0,0,0,0,0,0,0,0,0,0,0,0,0,0,0,0,0,0,0,0,39.2924,0,0,0,0,0,0,0,0,0,0,0,0,0,0,0,0,0,0,0,0,0,0,0,0,0,0,0,0,0,0,0,0,0,0,0,0,0,0,0,0,0,0,0,0,0,0,0,0,0,0,0,432.2166,0,0,0,0,0,0,0,0,0,0,0,0,0,0,0,0,0,0,0,0,0,0,0,39.2924,176.8159,0,0,0,0,0,58.9386,0,0,0,0,0,157.1697,0,0,0,0,58.9386,0,0,0,0,0,0,0,0,0,0,0,0,0,0,58.9386,0,0,0,0,0,0,550.094,0,0,0,0,0,0,19.6462,0,0,0,0,0,0,0,0,0,0,0,0,0,0,0,0,0,0,0,0,0,0,0,0,0,0,0,0,0,0,0,0,0,0,0,0,0
NRS,Darwin,DAR,12.4,130.768,DAR20161107,2016-11-07T22:41:00Z,2016-11-08T08:11:00Z,2016,11,8,8:11:00,16,31.3839,0.4243,35.552,Neutral,22.0357,NA,0,0,0,0,0,0,0,0,0,0,0,0,0,0,0,0,0,22.102,0,0,0,0,0,0,0,0,0,0,0,0,0,0,0,0,0,0,0,0,0,0,0,0,0,0,0,0,0,0,0,0,0,0,0,0,0,0,0,0,0,0,0,0,0,0,0,0,0,0,0,0,0,0,0,0,0,0,0,0,0,0,0,0,0,0,0,0,0,0,0,0,331.5298,0,0,0,0,0,0,0,0,0,0,0,0,0,0,0,0,0,0,22.102,0,0,0,0,0,0,0,0,0,0,0,66.306,0,0,0,0,0,110.5099,0,0,0,0,751.4676,0,0,0,0,0,0,0,0,0,0,0,0,0,0,66.306,0,0,0,0,0,0,795.6715,0,0,0,0,0,0,0,0,0,0,0,0,0,0,0,0,0,0,0,0,0,0,0,0,0,0,0,0,0,0,0,0,0,0,0,0,0,0,0,0,0,0,0,0
NRS,Darwin,DAR,12.4,130.768,DAR20170203_0630,2017-02-03T06:30:00Z,2017-02-03T16:00:00Z,2017,2,3,16:00:00,17,30.5751,1.1559,32.817,Neutral,47.6779,NA,0,0,0,0,0,0,0,0,20.8019,0,0,0,0,0,0,0,0,41.6037,0,0,0,0,0,0,0,0,0,0,0,0,0,0,0,0,0,0,0,0,20.8019,0,0,0,0,0,0,0,0,0,0,0,0,0,0,0,0,0,0,0,0,0,0,0,0,0,0,0,0,0,0,20.8019,208.0187,0,0,0,20.8019,0,0,0,0,0,0,0,0,0,0,0,0,0,0,0,312.028,0,0,0,0,0,0,0,0,0,0,0,0,0,0,0,0,0,0,0,0,0,0,0,124.8112,0,0,0,0,0,0,20.8019,0,0,0,0,0,208.0187,0,0,0,0,124.8112,0,0,0,0,0,0,0,0,0,0,0,0,0,0,0,0,0,0,0,0,0,124.8112,0,0,0,0,0,0,20.8019,0,0,0,0,0,0,0,0,0,0,0,0,0,0,0,0,0,0,0,0,0,0,0,0,0,0,0,0,20.8019,0,0,0,0,0,0,0,0
NRS,Darwin,DAR,12.4,130.768,DAR20170516,2017-05-16T23:17:00Z,2017-05-17T08:47:00Z,2017,5,17,8:47:00,17,28.97908,0.527375,34.1498,Neutral,58.266,NA,0,0,0,0,0,0,0,0,0,0,0,0,0,0,0,0,0,62.4056,0,0,0,0,0,0,0,0,0,0,0,0,0,0,0,0,0,0,0,0,0,0,0,0,0,0,0,0,0,0,0,0,0,0,0,0,0,0,0,0,0,0,0,0,0,0,0,0,0,0,0,0,62.4056,0,0,0,20.8019,0,0,0,0,0,0,0,0,0,0,0,0,0,0,0,353.6317,0,0,0,0,0,0,0,0,0,0,0,0,0,20.8019,0,0,0,0,0,0,0,0,0,62.4056,62.4056,0,0,0,0,0,249.6224,0,0,0,0,0,0,0,0,0,0,561.6505,0,20.8019,0,0,0,0,0,0,0,0,0,0,0,0,228.8206,0,0,0,0,0,0,1643.3478,0,0,0,0,0,0,0,0,0,0,0,0,0,0,0,0,0,0,0,0,0,0,0,0,0,0,0,0,0,0,0,0,0,0,0,0,0,0,0,0,0,0,0,0
NRS,Darwin,DAR,12.4,130.768,DAR20170715_0630,2017-07-15T06:30:00Z,2017-07-15T16:00:00Z,2017,7,15,16:00:00,16,26.8189,0.5857,34.3442,La Nina,137.4744,NA,0,0,0,0,0,0,0,0,22.102,0,0,0,0,0,0,0,0,66.306,0,0,0,0,0,0,0,0,0,0,0,0,0,0,0,0,0,0,0,0,0,0,0,0,0,0,0,0,0,0,0,0,0,0,0,0,0,0,0,0,0,0,0,0,0,0,0,0,0,0,0,0,44.204,0,0,0,0,0,0,0,0,0,0,0,0,0,0,0,0,0,0,0,353.6318,0,0,0,0,0,0,0,0,0,0,0,0,0,0,0,0,0,0,0,0,0,0,0,110.5099,0,0,0,0,0,0,265.2238,44.204,0,0,0,0,0,0,0,0,0,287.3258,0,22.102,0,0,0,0,0,0,0,0,0,0,0,0,22.102,0,0,0,0,0,0,1016.6914,0,0,0,0,0,0,0,0,0,0,0,0,0,0,0,0,0,0,0,0,0,0,0,0,0,0,0,0,0,0,0,0,22.102,0,22.102,0,0,0,0,0,0,0,0,0
NRS,Darwin,DAR,12.4,130.768,DAR20171009,2017-10-09T22:27:00Z,2017-10-10T07:57:00Z,2017,10,10,7:57:00,16,30.2517,0.7308,34.915,La Nina,87.8112,NA,0,0,0,0,0,0,0,0,44.204,0,0,0,0,0,0,0,0,22.102,0,0,0,0,0,0,0,0,0,0,0,0,0,0,0,0,0,0,0,0,44.204,0,0,0,0,0,0,0,0,0,0,0,0,0,0,0,0,0,0,0,0,0,0,0,0,0,0,0,0,0,0,0,22.102,0,0,0,0,0,0,0,0,0,0,0,0,0,0,0,0,0,0,0,265.2238,0,0,0,0,0,0,0,0,0,0,0,0,0,0,0,0,0,0,0,0,0,0,0,0,66.306,0,0,0,0,0,44.204,0,0,0,0,0,0,0,0,0,0,198.9179,0,0,0,0,0,0,0,0,0,0,0,0,0,0,0,0,0,0,0,0,0,950.3855,0,0,0,0,0,0,0,0,0,0,0,0,0,0,0,0,0,0,0,0,0,0,0,0,0,0,0,0,0,0,0,0,0,0,0,0,0,0,0,0,0,0,0,0
NRS,Darwin,DAR,12.4,130.768,DAR20180209_0030,2018-02-09T00:30:00Z,2018-02-09T10:00:00Z,2018,2,9,10:00:00,16.4,29.6169,0.7687,32.9766,La Nina,42.6514,NA,0,0,0,0,0,0,0,0,43.6582,0,0,0,0,0,0,0,0,43.6582,0,0,0,0,0,0,0,0,0,0,0,0,0,0,0,0,0,0,0,0,43.6582,0,0,0,0,0,0,0,0,0,0,0,0,0,0,0,0,0,0,0,0,0,0,0,0,0,0,0,0,0,0,0,0,0,0,0,0,0,0,0,0,0,0,0,0,0,0,0,0,0,0,0,261.9495,0,0,0,0,0,0,0,0,0,0,0,0,0,0,0,0,0,0,0,0,0,0,0,0,0,0,0,0,0,0,261.9495,0,0,0,0,0,567.5572,0,0,0,0,392.9242,0,0,0,0,0,0,0,0,0,0,0,0,0,0,0,0,130.9747,0,0,0,0,873.1649,0,0,0,0,0,0,0,0,0,0,0,0,0,0,0,0,0,0,0,0,0,0,0,0,0,0,0,0,0,0,0,0,0,0,43.6582,0,0,0,0,0,0,0,0,0
NRS,Darwin,DAR,12.4,130.768,DAR20180509,2018-05-09T21:32:00Z,2018-05-10T07:02:00Z,2018,5,10,7:02:00,16,29.6459,0.527375,33.0818,La Nina,16.8417,NA,0,0,0,0,0,0,0,0,0,0,0,0,0,0,0,0,0,0,0,0,22.102,0,0,0,0,0,0,0,0,0,0,0,0,0,0,0,0,0,22.102,0,0,0,0,0,0,0,0,0,0,0,0,0,0,0,0,0,0,0,0,0,0,0,0,0,0,0,0,0,0,0,0,0,22.102,0,22.102,0,0,22.102,0,0,0,0,0,0,0,0,0,0,0,0,66.306,0,0,0,0,0,0,0,0,0,0,0,0,0,0,0,0,0,0,0,0,0,0,0,66.306,0,0,0,0,0,0,154.7139,0,0,0,0,0,176.8159,0,0,0,0,1414.5272,0,0,0,0,0,0,0,0,0,0,0,0,0,0,44.204,0,0,0,0,0,0,375.7337,0,0,0,0,0,0,0,0,0,0,0,0,0,0,0,0,0,0,0,0,0,0,0,0,0,0,0,0,22.102,0,0,0,0,0,22.102,0,0,0,0,0,0,0,0,0
NRS,Darwin,DAR,12.4,130.768,DAR20180731_0630,2018-07-31T06:30:00Z,2018-07-31T16:00:00Z,2018,7,31,16:00:00,20,26.7492,0.018,34.1835,Neutral,25.9389,NA,0,0,0,18.6122,0,0,0,0,18.6122,0,0,0,0,0,0,0,0,37.2244,0,0,0,0,0,0,0,0,0,0,0,0,0,0,0,0,0,0,0,0,55.8366,0,0,0,0,0,0,0,0,0,0,0,0,0,0,0,0,0,0,0,0,0,0,0,0,0,0,0,0,0,0,0,0,0,18.6122,0,18.6122,0,0,0,0,0,0,0,0,0,0,0,0,0,0,0,241.9586,0,0,0,0,0,0,0,0,0,0,0,0,0,0,0,0,0,0,0,0,0,0,0,130.2854,0,0,0,0,0,0,37.2244,0,0,0,0,0,18.6122,18.6122,0,0,0,186.122,0,0,0,0,0,0,0,0,0,0,0,0,0,0,93.061,0,0,0,0,0,0,1191.1808,0,0,0,0,0,0,0,0,0,0,0,0,0,0,0,0,0,0,0,0,0,0,0,0,0,0,0,0,0,0,0,0,0,0,0,0,0,0,0,0,0,0,0,0
NRS,Darwin,DAR,12.4,130.768,DAR20190214_0030,2019-02-14T00:30:00Z,2019-02-14T10:00:00Z,2019,2,14,10:00:00,17,29.7959,0.5578,34.1111,Neutral,10.1513,NA,0,0,0,0,0,0,0,0,10.4009,0,0,0,0,0,0,0,0,10.4009,0,0,0,0,0,0,0,0,0,0,0,0,0,0,0,0,0,0,0,0,10.4009,0,0,0,0,0,0,0,0,0,0,0,0,0,0,0,0,0,0,0,0,0,0,0,0,0,0,0,0,0,0,0,0,0,0,0,0,0,10.4009,0,0,0,0,0,0,0,0,0,0,0,0,0,135.2121,0,0,0,0,0,0,0,0,0,0,0,0,0,0,0,0,0,0,0,0,0,0,0,20.8018,0,0,0,0,0,0,93.6084,0,0,0,0,0,83.2075,0,0,0,0,218.4196,0,0,0,0,0,0,0,0,0,0,0,0,0,0,0,0,0,0,0,0,0,603.2543,0,0,0,0,0,0,0,10.4009,0,0,0,0,0,0,0,0,0,0,0,0,0,0,0,0,0,0,0,0,10.4009,0,0,0,0,0,0,0,0,0,0,0,0,0,0,0
NRS,Darwin,DAR,12.4,130.768,DAR20190529,2019-05-29T23:09:00Z,2019-05-30T08:39:00Z,2019,5,30,8:39:00,14,27.8253,0.3058,34.6792,Neutral,93.9398,NA,0,0,0,0,0,0,0,0,0,0,0,0,0,0,0,0,0,0,0,0,0,0,0,0,0,0,0,0,0,0,0,0,0,0,0,0,0,0,0,0,0,0,0,0,0,0,0,0,0,0,0,0,0,0,0,0,0,0,0,0,0,0,0,0,0,0,0,0,0,0,0,0,0,0,0,0,0,50.5188,0,0,0,0,0,0,0,0,0,0,0,0,353.6318,0,0,0,0,0,0,0,0,0,0,0,0,0,25.2594,0,0,0,0,0,0,0,0,0,75.7782,0,0,0,0,0,0,277.8536,0,0,0,0,0,101.0377,0,0,0,0,783.0418,0,0,0,0,0,0,0,0,0,0,0,0,0,0,75.7782,0,0,0,0,0,0,555.7071,0,0,0,0,0,0,0,0,0,0,0,0,0,0,0,0,0,0,0,0,0,0,0,0,0,0,0,0,0,0,0,0,0,0,0,0,0,0,0,0,0,0,0,0
NRS,Darwin,DAR,12.4,130.768,DAR20190723_0630,2019-07-23T06:30:00Z,2019-07-23T16:00:00Z,2019,7,23,16:00:00,15,25.1084,0.6485,35.2325,Neutral,33.2414,NA,0,0,0,0,0,0,0,0,0,0,0,0,0,0,0,0,0,25.2594,0,0,0,0,0,0,0,0,0,0,0,0,0,0,0,0,0,0,0,0,0,0,0,0,0,0,0,0,0,0,0,0,0,0,0,0,0,0,0,0,0,0,0,0,0,0,0,0,0,0,0,0,0,0,0,0,0,0,25.2594,0,0,0,0,0,0,0,0,0,0,0,0,0,479.9288,0,0,0,0,0,0,0,0,0,0,0,0,0,0,0,0,0,0,0,0,0,0,0,75.7782,0,0,0,0,0,0,176.8159,0,0,0,0,0,50.5188,0,0,0,0,656.7448,0,0,0,0,0,0,0,0,0,0,0,0,0,0,75.7782,0,0,0,0,0,0,833.5606,0,0,0,0,0,0,0,0,0,0,0,0,0,0,0,0,0,0,0,0,0,0,0,0,0,0,0,0,0,0,0,0,0,0,0,0,0,0,0,0,0,0,0,0
NRS,Darwin,DAR,12.4,130.768,DAR20191105,2019-11-05T22:08:00Z,2019-11-06T07:38:00Z,2019,11,6,7:38:00,15.5,30.2021,0.4179,35.6192,Neutral,41.0669,NA,0,0,0,0,0,0,0,0,0,0,0,0,0,0,0,0,0,22.815,0,0,0,0,22.815,0,0,0,0,0,0,0,0,0,0,0,0,0,0,0,68.4449,0,0,0,0,0,0,0,0,0,0,0,0,0,0,0,0,0,0,0,0,0,0,0,0,0,0,0,0,0,0,0,91.2598,0,0,0,0,22.815,68.4449,0,0,0,0,0,0,0,0,0,0,0,0,0,707.2635,0,0,0,0,0,0,0,0,0,0,0,0,0,45.6299,0,0,0,0,45.63,0,0,0,0,570.3739,0,0,0,0,0,0,365.0393,0,0,0,0,0,68.4449,0,0,0,0,228.1495,0,22.815,0,0,0,22.815,0,0,0,0,0,0,0,0,0,91.2598,0,0,0,0,0,342.2243,0,0,0,0,0,0,0,45.6299,0,0,0,0,0,0,0,0,0,0,0,0,0,0,0,0,0,0,0,0,0,0,0,0,0,0,68.4449,0,0,0,0,0,0,0,0,0
NRS,Darwin,DAR,12.4,130.768,DAR20200203_2130,2020-02-03T21:30:00Z,2020-02-04T07:00:00Z,2020,2,4,7:00:00,15,30.3862,0.6457,34.1243,Neutral,60.1174,27.9605,0,0,0,0,0,0,0,0,94.3018,0,0,0,0,0,0,0,0,47.1509,0,0,0,0,0,0,0,0,0,0,0,0,0,0,0,0,0,0,0,0,0,0,0,0,0,0,0,0,0,0,0,0,0,0,0,0,0,0,0,0,0,0,0,0,0,0,0,0,0,0,0,0,0,0,0,0,0,0,0,47.1509,0,0,0,0,0,0,0,0,0,0,0,0,1461.678,0,0,0,0,0,0,0,0,0,0,0,0,0,0,0,0,0,0,0,0,0,0,0,0,0,0,0,0,0,0,518.66,0,0,0,0,0,235.7545,0,0,0,0,1084.4708,0,0,0,0,0,0,0,0,0,0,0,0,0,0,0,0,0,0,0,0,0,660.1127,0,0,0,0,0,0,0,0,0,0,0,0,0,0,0,0,0,0,0,0,0,0,0,0,0,0,0,0,0,0,0,0,0,0,0,0,0,0,0,0,0,0,0,0
NRS,Darwin,DAR,12.4,130.768,DAR20200511,2020-05-11T22:50:00Z,2020-05-12T08:20:00Z,2020,5,12,8:20:00,17,28.8347,0.632,34.812,Neutral,205.6681,59.4933,0,0,0,0,0,0,0,0,41.6037,0,0,0,0,0,0,0,0,145.6131,0,0,0,0,0,0,0,0,0,0,0,0,0,20.8019,0,0,0,0,0,0,20.8019,0,0,0,0,0,0,0,0,0,0,0,0,0,0,0,0,0,0,0,0,0,0,0,0,0,0,0,0,0,0,0,62.4056,0,0,0,20.8019,0,0,0,0,0,0,0,0,0,0,0,0,0,0,0,374.4338,0,0,0,0,0,0,0,0,0,0,0,0,0,0,0,0,0,0,0,0,0,0,0,20.8019,20.8019,0,0,0,0,0,145.6131,0,0,0,0,0,166.415,0,0,0,0,665.6599,0,0,0,0,0,0,0,0,0,0,0,0,0,0,0,20.8019,0,0,0,0,0,1435.3291,0,0,0,0,0,0,0,0,0,0,0,0,0,0,0,0,0,0,0,0,0,0,0,0,0,0,0,0,20.8019,0,0,0,0,0,0,20.8019,0,0,0,0,0,0,0,0
NRS,Darwin,DAR,12.4,130.768,DAR20200810,2020-08-10T22:55:00Z,2020-08-11T08:25:00Z,2020,8,11,8:25:00,16,25.9353,0.4988,35.5537,La Nina,28.6663,11.913,0,0,0,0,0,0,0,0,0,0,0,0,0,0,0,0,0,44.204,0,0,0,0,0,0,0,0,0,0,0,0,0,0,0,0,0,0,0,0,0,0,0,0,0,0,0,0,0,0,0,0,0,0,0,0,0,0,0,0,0,0,0,0,0,0,0,0,0,0,0,0,44.204,0,0,0,44.204,0,0,44.204,0,0,0,0,0,0,0,0,0,0,0,0,574.6516,0,0,0,0,0,0,0,0,0,0,0,0,0,0,0,0,0,0,0,0,0,0,0,44.204,0,0,0,0,0,0,309.4278,0,0,0,0,0,88.4079,0,0,0,0,176.8159,0,44.204,0,0,0,0,0,44.204,0,0,0,0,0,0,0,88.4079,0,0,0,0,0,2784.8504,0,0,0,0,0,0,0,0,0,0,0,0,0,0,0,0,0,0,0,0,0,0,0,0,0,0,0,0,0,0,0,0,0,0,0,0,0,0,0,0,0,0,0,0
NRS,Darwin,DAR,12.4,130.768,DAR20200922_0630,2020-09-22T06:30:00Z,2020-09-22T16:00:00Z,2020,9,22,16:00:00,15,29.1192,0.6063,35.7049,La Nina,116.2034,19.7091,0,0,0,23.5755,0,0,0,0,47.1509,0,0,0,0,0,0,0,0,0,0,0,23.5755,0,0,0,0,0,0,0,0,0,0,0,0,0,0,0,0,0,23.5755,0,0,0,0,0,0,0,0,0,0,0,0,0,0,0,0,0,0,0,0,0,0,0,0,0,0,0,0,0,0,0,0,0,0,0,23.5755,0,0,0,0,0,0,0,0,0,0,0,0,0,0,0,235.7546,0,0,0,0,0,0,0,0,0,0,0,0,0,0,0,0,0,0,94.3019,0,0,0,0,94.3018,0,0,0,0,0,0,47.1509,0,0,0,0,0,94.3018,0,0,0,0,235.7545,0,0,0,0,0,0,0,0,0,0,0,0,0,0,47.1509,0,0,0,0,0,0,1485.2536,0,0,0,0,0,0,0,0,0,0,0,0,0,0,0,0,0,0,0,0,0,0,0,0,0,0,0,0,0,0,0,0,0,0,47.1509,0,0,0,0,0,0,0,0,0
NRS,Darwin,DAR,12.4,130.768,DAR20201123,2020-11-23T21:53:00Z,2020-11-24T07:23:00Z,2020,11,24,7:23:00,14,31.885,0.4,35.9455,La Nina,28.3916,17.0501,0,0,0,0,0,0,0,0,0,0,0,0,0,0,0,0,0,50.5188,0,0,0,0,0,0,0,0,0,0,0,0,0,0,0,0,0,0,0,0,0,0,0,0,0,0,0,0,0,0,0,0,0,0,0,0,0,0,0,0,0,0,0,0,0,0,0,0,0,0,0,0,101.0376,0,0,0,0,0,0,0,0,0,0,0,0,0,0,0,0,0,0,0,858.8201,0,0,0,0,0,0,0,0,0,0,0,0,0,0,0,0,0,0,0,0,0,0,0,0,0,0,0,0,0,0,378.8912,0,0,0,0,0,277.8536,0,0,0,0,1490.3054,0,0,0,0,0,0,0,0,0,0,0,0,0,0,0,0,0,0,0,0,0,1490.3054,0,0,0,0,0,0,0,0,0,0,0,0,0,0,0,0,0,0,0,0,0,0,0,0,0,0,0,0,75.7782,0,0,0,0,0,25.2594,0,0,0,0,0,0,0,0,0
NRS,Darwin,DAR,12.4,130.768,DAR20210303,2021-03-03T22:30:00Z,2021-03-04T08:00:00Z,2021,3,4,8:00:00,17,29.9762,0.6714,32.4998,La Nina,301.3775,73.7218,0,0,0,0,0,0,0,0,145.6131,0,0,0,0,0,0,0,0,0,0,0,0,0,0,0,0,0,0,0,0,0,0,0,0,0,0,0,0,0,20.8019,0,0,0,0,0,0,0,0,0,0,0,0,0,0,0,0,0,0,0,0,0,0,0,0,0,0,0,0,0,0,0,124.8113,0,0,0,0,0,0,0,0,0,0,0,0,0,0,0,0,0,0,0,936.0842,0,0,0,0,0,0,0,0,0,0,0,0,0,0,0,0,0,0,0,0,0,0,0,0,0,0,0,0,0,0,228.8206,0,0,0,0,0,353.6318,0,0,0,0,249.6224,0,0,0,0,0,0,0,0,0,0,0,0,0,0,0,83.2075,0,0,0,0,0,1081.6972,0,0,0,0,0,0,0,0,0,0,0,0,0,0,0,0,0,0,0,0,0,0,0,0,0,0,0,0,0,0,0,0,0,0,0,0,0,0,0,0,0,0,0,0
NRS,Darwin,DAR,12.4,130.768,DAR20210428_0630,2021-04-28T06:30:00Z,2021-04-28T16:00:00Z,2021,4,28,16:00:00,17,29.5546,0.6714,33.5182,La Nina,97.4152,17.2656,0,0,0,20.8019,0,0,0,0,83.2075,0,0,0,0,0,0,0,0,41.6037,0,0,0,0,0,0,0,0,0,0,0,0,0,0,0,0,0,0,0,0,0,0,0,0,0,0,0,0,0,0,0,0,0,0,0,0,0,0,0,0,0,0,0,0,0,0,0,0,0,0,0,20.8019,20.8019,0,0,0,0,0,41.6037,0,0,0,0,0,0,0,0,0,0,0,0,0,145.6131,0,0,0,0,0,0,0,0,0,0,0,0,20.8019,0,0,0,0,0,0,0,0,0,0,145.6131,20.8019,0,0,0,0,0,104.0094,0,0,0,0,0,124.8112,0,0,0,0,83.2075,0,0,0,0,0,0,0,0,0,0,0,0,0,0,104.0094,0,0,0,0,0,0,1393.7254,0,0,0,0,0,0,0,0,0,0,0,0,0,0,0,0,0,0,0,0,0,0,0,0,0,0,0,0,0,0,0,0,0,0,0,0,0,0,0,0,0,0,0,0
NRS,Darwin,DAR,12.4,130.768,DAR20210727,2021-07-27T23:05:00Z,2021-07-28T08:35:00Z,2021,7,28,8:35:00,17,26.9075,0.6283,34.6942,La Nina,169.9305,31.2652,0,0,0,0,0,0,0,0,104.0094,0,0,0,0,0,0,0,0,52.0047,0,0,10.4009,0,0,0,0,0,0,0,0,0,0,0,0,0,0,0,0,0,31.2028,0,0,0,0,0,0,0,0,0,0,0,0,0,0,0,0,0,0,0,0,0,0,0,0,0,0,0,0,0,0,0,10.4009,0,10.4009,0,0,0,20.8019,0,0,0,0,0,0,0,0,0,0,0,0,0,156.014,0,0,0,0,0,0,0,0,0,0,0,0,0,0,0,0,0,0,0,0,0,0,0,20.8019,10.4009,0,0,0,0,0,62.4056,0,0,0,0,0,62.4056,0,0,0,0,301.6271,0,0,0,0,0,0,0,0,0,0,0,0,0,0,20.8019,0,0,0,0,0,0,1258.5131,0,0,0,0,0,0,0,0,0,0,0,0,0,0,0,0,0,0,0,0,10.4009,0,0,0,0,0,0,0,0,0,0,0,0,0,10.4009,0,0,0,0,0,0,0,0,0
NRS,Darwin,DAR,12.4,130.768,DAR20211107_0030,2021-11-07T00:30:00Z,2021-11-07T10:00:00Z,2021,11,7,10:00:00,20,31.4012,0.6963,35.2832,La Nina,474.9472,251.7858,0,0,0,0,0,0,0,0,47.1509,0,0,0,0,0,0,0,0,0,0,0,0,0,0,0,0,0,0,0,0,0,0,0,0,0,0,0,0,0,47.1509,0,0,0,0,0,0,0,0,0,0,0,0,0,0,0,0,0,0,0,0,0,0,0,0,0,0,0,0,0,47.1509,0,0,0,0,0,47.1509,0,0,0,0,0,0,0,0,0,0,0,0,0,0,0,235.7545,0,0,0,0,0,0,0,0,0,0,0,0,0,47.1509,0,0,0,0,0,0,0,0,0,47.1509,0,0,0,0,0,0,235.7545,0,0,0,0,0,94.3018,0,0,0,0,141.4527,0,0,0,0,0,0,0,0,0,0,0,0,0,0,47.1509,0,0,0,0,0,0,990.1691,0,0,0,0,0,0,0,0,0,0,0,0,0,0,0,0,0,0,0,0,0,0,0,0,0,0,0,0,0,0,0,0,0,0,0,0,0,0,0,0,0,0,0,0
NRS,Darwin,DAR,12.4,130.768,DAR20220320,2022-03-20T22:30:00Z,2022-03-21T08:00:00Z,2022,3,21,8:00:00,57,30.8798,0.8913,33.7145,La Nina,4.0102,1.5065,0,0,0,0,0,0,0,0,0,0,0,0,0,0,0,0,0,0,0,0,0,0,0,0,0,0,0,0,0,0,0,0,0,0,0,0,0,0,0,0,0,0,0,0,0,0,0,0,0,0,0,0,0,0,0,0,0,0,0,0,0,0,0,0,0,0,0,0,0,0,5.1437,0,0,0,1.2859,0,0,0,0,0,0,0,0,0,0,0,0,0,0,0,19.289,0,0,0,0,0,0,0,0,0,0,0,0,0,1.2859,0,0,0,0,0,0,0,0,0,0,0,0,0,0,0,0,1.2859,0,0,0,0,0,2.5719,0,0,0,0,15.4312,0,0,0,0,0,0,0,0,0,0,0,0,0,0,0,0,0,0,0,0,0,41.1499,0,0,0,0,0,0,0,0,0,0,0,0,0,0,0,0,0,0,0,0,0,0,0,0,0,0,0,0,0,0,0,0,0,0,0,0,0,0,0,0,0,0,0,0
NRS,Darwin,DAR,12.4,130.768,DAR20220428_0630,2022-04-28T06:30:00Z,2022-04-28T16:00:00Z,2022,4,28,16:00:00,20,31.0154,0.5697,33.8825,La Nina,140.657,34.7266,0,0,0,0,0,0,0,0,35.3632,0,0,0,0,0,0,0,0,0,0,0,0,0,0,0,0,0,0,0,0,0,0,0,0,0,0,0,0,0,0,0,0,0,0,0,0,0,0,0,0,0,0,0,0,0,0,0,0,0,0,0,0,0,0,0,0,0,0,0,0,0,0,0,0,0,0,0,0,35.3632,0,0,0,0,0,0,0,0,0,0,0,0,335.9502,0,0,0,0,0,0,0,0,0,0,0,0,0,0,0,0,0,0,17.6816,0,0,0,0,0,0,0,0,0,0,0,35.3632,0,0,0,0,0,88.4079,0,0,0,0,0,0,0,0,0,0,0,0,0,0,0,0,0,0,0,17.6816,0,0,0,0,0,0,388.995,0,0,0,0,0,0,0,0,0,0,0,0,0,0,0,0,0,0,0,0,0,0,0,0,0,0,0,0,0,0,0,0,0,0,0,0,0,0,0,0,0,0,0,0
NRS,Darwin,DAR,12.4,130.768,DAR20220815,2022-08-15T23:00:00Z,2022-08-16T08:30:00Z,2022,8,16,8:30:00,60,26.9738,0.6973,34.9601,La Nina,13.2022,4.7033,0,0,0,0,0,0,0,0,0,2.0956,0,0,0,0,0,0,0,1.0478,0,0,0,0,0,0,0,0,0,0,0,0,0,0,0,0,0,0,0,0,0.5239,0,0,0,0,0,0,0,0,0,0,0,0,0,0,0,0,0,0,0,0,0,0,0,0,0,0,0,0,0,0,0,0,0,0,0,0.5239,0,0,0,0.5239,0,0,0,0,0,0,0,0,0,0,0,5.1642,0,0,0,0,0,0,0,0,0,0,0,0,0,0,0,0,0,0,0,0,0,0,0,0,0,0,0,0,0,0,1.5717,0,0,0,0,0,1.0478,0,0,0,0,4.7151,0,0,0,0,0,0,0,0,0.5239,0,0,0,0,0,0.5239,0,0,0,0,0,0,14.6692,0,0,0,0,0,0,0,0,0,0,0,0,0,0,0,0,0,0,0,0,0,0,0,0,0,0,0,0,0,0,0,0,0,0,0,0,0,0,0,0,0,0,0,0
NRS,Darwin,DAR,12.4,130.768,DAR20221105_0030,2022-11-05T00:30:00Z,2022-11-05T10:00:00Z,2022,11,5,10:00:00,17,31.4716,0.2867,35.3123,La Nina,78.8346,33.0393,0,0,0,0,0,0,0,0,0,0,0,0,0,0,0,0,0,0,0,0,0,0,0,0,0,0,0,0,0,0,0,0,0,0,0,0,0,0,0,0,0,0,0,0,0,0,0,0,0,0,0,0,0,0,0,0,0,0,0,0,0,0,0,0,0,0,0,0,0,0,20.8019,0,0,0,41.6037,0,20.8019,0,0,0,0,0,0,0,0,0,0,0,0,0,728.0654,0,0,0,0,0,0,0,0,0,0,0,0,0,0,0,0,0,0,0,0,0,0,0,0,0,0,0,0,0,0,41.6037,0,0,0,0,0,83.2075,0,0,0,0,145.6131,0,0,0,0,0,0,0,0,0,0,0,0,0,0,0,0,0,0,0,0,0,291.2262,0,0,0,0,0,0,0,0,0,0,0,0,0,0,0,0,0,0,0,0,0,0,0,0,0,0,0,0,20.8019,0,0,0,0,0,0,0,0,0,0,0,0,0,0,0
NRS,Yongala,YON,19.3085,147.6184,YON20120112,2012-01-12T01:30:00Z,2012-01-12T11:30:00Z,2012,1,12,11:30:00,26,28.6834,0.51066,35.0561,La Nina,17.3144,NA,0,0,0,3.8861,0,0,0,0,0,0,0,0,0,0,0,0,0,0,0,0,0,0,0,0,0,0,0,0,0,0,0,0,0,0,0,0,0,0,0,0,0,0,0,0,0,0,0,0,0,0,0,0,0,0,0,0,0,0,3.8861,0,0,0,0,0,0,0,0,0,0,0,0,0,0,0,0,3.8861,0,0,0,0,0,0,0,0,0,0,0,0,0,0,62.177,0,0,0,3.8861,0,0,0,0,0,0,0,0,0,0,0,0,0,0,0,0,0,0,0,42.7467,3.8861,0,0,0,0,0,0,0,0,0,0,0,252.5941,11.6582,0,0,0,260.3663,0,0,0,0,0,0,0,0,0,0,0,0,3.8861,23.3164,3.8861,0,77.7213,0,0,0,0,128.2401,0,0,0,0,0,0,0,0,0,0,0,0,0,0,0,0,0,0,0,0,0,0,0,0,0,0,0,0,0,0,0,0,0,0,3.8861,0,0,0,0,0,7.7722,0,0,0
NRS,Yongala,YON,19.3085,147.6184,YON20120208,2012-02-08T00:49:00Z,2012-02-08T10:49:00Z,2012,2,8,10:49:00,26,29.4268,1.7719428571428573,34.6964,La Nina,39.1307,NA,0,0,2.7202,5.4405,0,0,0,0,0,0,0,0,0,0,0,0,0,0,0,0,0,0,0,0,0,0,0,0,0,0,0,0,0,0,0,0,0,0,2.7202,0,0,16.3215,0,0,0,0,0,0,0,0,0,0,0,0,0,0,0,0,0,0,0,0,0,0,0,0,0,0,0,0,19.0417,0,0,0,8.1607,0,0,0,0,0,0,0,0,0,0,0,0,0,0,0,21.7619,0,0,0,0,0,0,0,0,0,0,0,0,0,0,0,0,0,0,0,0,0,0,0,62.5656,0,0,0,0,0,0,0,0,0,0,0,0,40.8037,35.3632,0,0,0,0,0,5.4405,0,0,0,0,0,0,0,0,0,0,0,0,32.6429,0,10.881,0,0,0,0,0,0,0,0,0,0,0,0,0,0,0,0,0,0,0,0,0,0,0,0,0,0,0,0,0,0,0,0,0,0,0,0,0,0,0,8.1607,0,0,0,0,0,0,0,0,0
NRS,Yongala,YON,19.3085,147.6184,YON20120402,2012-04-02T00:44:00Z,2012-04-02T10:44:00Z,2012,4,2,10:44:00,26,27.5803,0.55322,34.5127,Neutral,28.0321,NA,0,0,0,0,0,0,0,0,0,0,0,0,0,0,0,0,0,0,0,0,0,0,0,13.6012,0,0,0,13.6012,0,0,0,0,0,0,0,0,0,0,13.6012,0,0,0,0,0,0,0,0,0,0,0,0,0,0,0,0,0,0,0,0,0,13.6012,0,0,0,0,0,0,0,0,0,0,0,0,0,0,13.6012,0,0,0,0,0,0,0,0,0,0,0,0,0,0,54.4049,0,0,0,0,0,0,0,0,0,0,0,0,0,0,0,0,0,0,0,0,0,0,0,54.4049,13.6012,0,0,0,0,0,0,0,0,0,0,0,448.8404,27.2024,0,0,0,231.2208,0,13.6012,13.6012,0,0,0,0,0,13.6012,0,0,13.6012,0,0,108.8098,0,27.2024,0,0,0,0,217.6195,0,0,0,0,0,0,0,0,0,0,0,0,0,0,0,0,0,0,0,0,0,0,0,0,0,0,0,0,0,0,0,0,0,0,13.6012,0,0,0,0,0,0,0,0,0
NRS,Yongala,YON,19.3085,147.6184,YON20120424,2012-04-24T00:50:00Z,2012-04-24T10:50:00Z,2012,4,24,10:50:00,26,26.7942,0.55322,34.6994,Neutral,24.047,NA,0,0,0,0,0,0,0,0,13.6012,0,0,0,0,0,0,0,0,0,0,0,0,0,0,0,0,0,0,0,0,0,0,0,0,0,13.6012,0,0,0,40.8036,0,0,27.2024,0,0,0,0,0,0,0,0,0,0,0,0,0,0,0,0,0,0,0,0,0,0,0,0,0,0,0,0,0,0,0,0,0,40.8036,0,0,0,0,0,0,13.6012,0,0,0,0,0,0,0,244.822,0,0,0,0,0,0,0,0,0,0,0,0,0,0,0,0,0,0,0,0,0,0,0,81.6073,0,0,0,0,0,0,0,0,0,0,0,0,1346.5211,81.6073,0,0,0,816.0734,0,13.6012,0,0,0,0,0,0,0,0,0,0,0,0,68.0061,0,13.6012,0,0,0,0,965.6868,0,0,0,0,0,0,0,0,0,0,0,0,0,0,0,0,0,0,0,0,0,0,0,0,0,0,0,0,0,0,0,0,0,0,27.2024,0,0,0,0,0,0,0,0,0
NRS,Yongala,YON,19.3085,147.6184,YON20120604,2012-06-04T00:30:00Z,2012-06-04T10:30:00Z,2012,6,4,10:30:00,26,23.972026666666665,0.32826363636363637,35.22867333333333,Neutral,13.6012,NA,0,0,0,0,0,0,0,0,2.0924,0,0,0,0,0,0,0,0,0,0,0,0,0,0,0,0,0,0,0,0,0,0,0,0,0,1.0462,0,0,0,1.0462,0,0,0,0,0,0,0,0,0,0,0,0,0,0,0,0,0,0,0,0,0,0,0,0,0,0,0,0,0,0,0,0,0,0,0,1.0462,0,0,0,0,0,0,0,0,0,0,0,0,0,0,0,4.1849,0,0,0,0,0,0,0,0,0,0,0,0,0,0,0,0,0,0,0,0,0,0,0,40.8037,0,0,0,0,0,0,0,0,0,0,0,0,4.185,4.185,0,0,0,8.37,0,7.3237,1.0462,0,0,0,0,0,0,1.0462,1.0462,0,0,0,7.3237,0,2.0925,0,0,0,0,26.1562,0,0,0,0,0,0,0,0,0,0,0,0,0,0,0,0,0,0,0,0,0,0,0,0,0,0,0,0,1.0462,0,0,0,0,0,0,0,0,0,0,0,0,0,0,0
NRS,Yongala,YON,19.3085,147.6184,YON20120615,2012-06-15T00:41:00Z,2012-06-15T10:41:00Z,2012,6,15,10:41:00,26,22.9011,0.32826363636363637,35.1319,Neutral,25.8423,NA,0,0,0,0,0,0,0,0,3.8861,0,0,0,0,0,0,0,0,0,0,0,0,0,0,0,0,0,0,0,0,0,0,0,0,0,0,0,0,0,0,0,0,0,0,0,0,0,0,0,0,3.8861,0,0,0,0,0,0,0,0,0,0,0,0,0,0,0,0,0,0,0,0,0,0,0,0,0,3.8861,0,0,0,0,0,0,3.8861,0,0,0,0,0,0,0,27.2025,0,0,0,0,0,0,0,0,0,0,0,0,0,0,0,0,0,0,0,0,0,0,0,27.2024,0,0,0,0,0,0,0,0,0,0,0,0,77.7213,34.9746,0,0,0,116.5819,0,3.8861,0,0,0,0,0,0,0,7.7721,0,0,0,0,27.2024,0,3.8861,0,0,0,0,85.4934,0,0,0,0,0,0,0,0,0,0,0,0,0,0,0,0,0,0,0,0,0,0,0,0,0,0,0,0,3.8861,0,0,0,0,0,0,0,0,0,0,0,0,0,0,0
NRS,Yongala,YON,19.3085,147.6184,YON20120726,2012-07-26T01:00:00Z,2012-07-26T11:00:00Z,2012,7,26,11:00:00,26,21.2365,0.5357714285714286,35.1207,Neutral,19.0417,NA,0,0,0,0,0,0,0,0,0,0,0,0,0,0,0,0,0,0,0,0,0,0,0,0,0,0,0,0,0,0,0,0,0,0,0,0,0,0,0,0,0,0,0,0,0,0,0,0,0,11.6582,0,0,0,0,0,0,0,0,0,0,0,0,3.8861,0,0,0,0,0,0,0,3.8861,0,0,0,0,0,0,0,0,0,0,0,0,0,0,0,0,0,0,0,19.4303,0,0,0,0,0,0,0,0,0,0,0,0,0,0,0,0,0,0,0,0,3.8861,0,0,7.7722,0,0,0,0,0,0,0,0,0,0,0,0,34.9746,202.0753,0,0,0,104.9237,0,0,3.8861,0,0,0,0,0,0,0,0,0,0,0,38.8606,0,11.6582,0,0,0,0,3.8861,0,0,0,0,0,0,0,0,0,0,0,0,0,0,0,0,0,0,0,0,0,0,0,0,0,0,0,0,0,3.8861,0,0,0,0,0,0,0,0,0,0,0,0,0,0
NRS,Yongala,YON,19.3085,147.6184,YON20120816,2012-08-15T14:00:00Z,2012-08-16T00:00:00Z,2012,8,16,0:00:00,26,21.6411,0.33544,35.4219,Neutral,4.1348,NA,0,0,0,0,0,0,0.32,0,0,0,0,0,0,0,0,0,0,0,0,0,0,0,0,0,0,0,0,0,0,0,0,0,0,0,0,0,0,0,0,0,0,0,0,0,0,0,0,0,0,0.32,0,0,0,0,0,0,0,0,0,0,0,0,0,0,0,0,0,0,0,0,0,0,0,0,0.32,0.6401,0.32,0,0,0,0,0,0,0,0,0,0,0,0,0,0.6045,0,0,0,0,0,0,0,0,0,0,0,0,0,0,0,0,0,0,0,0,0,0,0,0.9601,0,0,0,0,0,0.9601,0.6401,0,0,0,0,0,3.2003,5.1205,0,0,0.6401,3.8403,0,1.2801,0,0,0,0,0,0,0.32,0,0,0,0,0,0.32,0,1.6001,0,0,0,0,1.6001,0,0,0,0,0,0,0,0,0,0,0,0,0,0,0,0,0,0,0,0,0,0,0,0,0,0,0,0,0,0.32,0,0,0,0,0,0,0,0,0,0,0,0,0,0
NRS,Yongala,YON,19.3085,147.6184,YON20120918,2012-09-18T01:00:00Z,2012-09-18T11:00:00Z,2012,9,18,11:00:00,26,23.4671,3.2292375,35.245,Neutral,3.0603,NA,0,0,0,0,0,0,0,0,0,0,0,0,0,0,0,0,0,0,0,0,0,0,0,0,0,0,0,0,0,0,0,0,0,0,0.6801,0,0,0,1.3601,0,0,0,0,0,0,0,0,0.6801,0,0,0,0,0,0,0,0,0,0,0,0,0,0,0.6801,0,0,0,0,0,0,0,0,0,2.0402,0,2.0402,2.7202,0,0,0,0,0,0,1.3602,0,0,0,0,0,0,0,1.3602,0,0.6801,0,0.6801,0,0,0,0,0,0,0,0,0,0,0,0,0,0,0,0,0,0,0,4.7604,0,0,0,0,0,0,0,0,0,0,0,0,2.0402,12.2411,0,0,0.6801,11.561,0,2.7202,0,0,0,0,0,0,0.6801,0,0,0,0,0,0,0,7.4807,0,0,0,0,10.881,0,0,0,0,0,0,0,0,0,0,0,0,0,0,0,0,0,0,0,0,0,0,0,0,0,0,0,0,0,0,0,0,0,0,0,0,0,0,0,0,0.6801,0,0,0
NRS,Yongala,YON,19.3085,147.6184,YON20121026,2012-10-26T01:20:00Z,2012-10-26T11:20:00Z,2012,10,26,11:20:00,26,24.9086,0.33835714285714286,35.3689,Neutral,19.3137,NA,0,0,0,0,0,0,0,0,2.2669,0,0,0,0,0,0,0,0,0,0,0,0,0,0,0,0,0,0,0,0,0,0,0,0,0,0,0,0,0,11.3344,0,0,0,0,0,0,0,0,0,0,0,0,0,0,13.6012,0,0,0,0,0,0,0,0,0,0,0,0,0,0,0,0,0,0,0,0,0,0,0,0,2.2669,0,0,0,0,0,0,0,0,0,0,0,4.5337,0,0,0,4.5337,0,0,0,0,0,0,0,0,0,0,0,0,0,0,0,0,2.2669,0,0,54.4049,0,0,0,0,0,0,0,0,0,0,0,0,18.135,0,0,6.8006,4.5337,11.3344,0,0,0,0,0,0,0,0,0,0,0,0,0,0,27.2025,0,13.6012,0,0,0,0,0,0,0,0,0,0,0,0,0,0,0,0,0,0,0,0,0,0,0,0,0,0,0,0,0,0,0,0,0,0,0,0,0,0,0,0,0,0,0,0,0,4.5337,0,0,0
NRS,Yongala,YON,19.3085,147.6184,YON20121129,2012-11-29T00:40:00Z,2012-11-29T10:40:00Z,2012,11,29,10:40:00,26,27.0921,0.36927499999999996,35.2556,Neutral,15.3966,NA,0,0,0,0,0,0,0,0,0,0,0,0,0,0,0,0,0,0,0,0,0,0,0,0,0,0,0,0,0,0,0,0,0,0,0,0,0,0,0,0,0,0,0,4.5337,0,0,0,0,0,0,0,0,0,0,0,0,0,0,0,0,0,0,0,0,0,0,0,0,0,0,0,0,0,0,4.5337,0,4.5337,0,4.5337,0,0,0,0,0,0,0,0,0,0,0,0,0,0,0,0,0,0,0,0,0,0,0,0,0,0,0,0,0,0,0,0,0,0,0,0,0,0,0,0,0,4.5337,27.2024,0,0,0,0,0,58.9386,9.0675,0,0,0,40.8037,0,0,0,0,0,0,0,0,0,0,0,0,0,0,0,0,18.135,0,0,0,0,285.6257,0,0,0,0,0,0,0,0,0,0,0,0,0,0,0,0,0,0,0,0,0,0,0,0,0,0,0,0,0,0,0,0,0,0,0,0,0,0,0,0,0,0,0,0
NRS,Yongala,YON,19.3085,147.6184,YON20121219,2012-12-19T00:20:00Z,2012-12-19T10:20:00Z,2012,12,19,10:20:00,26,28.0303,0.4228571428571429,35.5903,Neutral,43.5239,NA,0,0,0,0,0,0,0,0,0,13.6012,0,0,0,0,0,0,0,0,0,0,0,0,27.2024,0,0,0,0,0,0,0,0,0,0,0,0,0,0,0,13.6012,0,0,40.8036,0,0,0,0,0,0,0,0,0,0,0,0,0,0,0,0,0,0,0,0,0,0,0,0,0,0,0,13.6012,0,0,0,0,13.6012,0,0,0,0,0,0,0,0,0,0,0,0,0,0,0,149.6134,0,0,0,0,0,0,0,0,0,0,0,0,0,0,0,0,0,0,13.6012,0,0,0,0,136.0122,0,0,0,0,0,0,163.2147,0,0,0,0,0,312.8281,27.2024,0,0,0,272.0245,0,0,0,0,0,0,0,0,0,68.0061,0,0,0,0,13.6012,0,68.0061,0,0,0,0,1400.926,0,0,0,0,0,0,0,0,0,0,0,0,0,0,0,0,0,0,0,0,0,0,0,0,0,0,0,0,0,0,0,0,0,0,0,0,0,0,0,0,0,0,0,0
NRS,Yongala,YON,19.3085,147.6184,YON20130131,2013-01-31T00:15:00Z,2013-01-31T10:15:00Z,2013,1,31,10:15:00,26,28.8206,0.51066,35.0173,Neutral,80.5328,NA,0,0,0,0,0,0,0,0,0,0,0,0,0,0,0,0,0,0,0,0,0,0,13.6012,0,0,0,0,0,0,0,0,0,0,0,0,0,0,0,27.2024,0,0,176.8159,0,0,0,0,0,0,0,0,0,0,0,0,0,0,0,0,0,0,0,0,0,0,0,0,0,0,0,0,0,0,0,0,0,0,0,0,0,0,0,0,0,0,0,0,0,0,0,0,299.2269,0,0,0,0,0,0,0,0,0,0,0,0,0,0,0,0,0,0,0,0,0,0,0,68.0061,0,0,0,0,0,0,40.8037,0,0,0,0,0,272.0245,40.8037,0,0,0,81.6073,0,0,13.6012,0,0,0,0,0,0,0,0,0,0,0,0,0,54.4049,0,0,0,0,312.8281,0,0,0,0,0,0,0,0,0,0,0,0,0,0,0,0,0,0,0,0,0,0,0,0,0,0,0,0,0,0,0,0,0,0,0,0,0,0,0,0,0,0,0,0
NRS,Yongala,YON,19.3085,147.6184,YON20130220,2013-02-20T00:42:00Z,2013-02-20T10:42:00Z,2013,2,20,10:42:00,26,28.4978,1.7719428571428573,34.9126,Neutral,11.9555,NA,0,0,0,0,0,0,0,0,0,0,0,0,0,0,0,0,0,0,0,0,0,0,13.6012,0,0,0,0,0,0,0,0,0,0,0,13.6012,0,0,0,6.8006,0,0,13.6012,0,0,0,0,0,0,0,0,0,0,0,0,0,0,0,0,0,0,0,0,0,0,0,0,0,0,0,0,0,0,0,0,0,0,0,0,6.8006,0,0,0,0,0,0,0,0,0,0,0,149.6134,0,0,0,0,0,0,0,0,0,0,0,0,0,0,0,0,0,0,0,0,0,0,0,27.2024,0,0,0,0,0,0,47.6043,0,0,0,0,0,136.0122,6.8006,0,6.8006,0,74.8067,0,6.8006,0,0,0,6.8006,0,0,6.8006,0,0,0,0,0,6.8006,0,54.4049,0,0,0,0,367.2331,0,0,0,0,0,0,0,0,0,0,0,0,6.8006,0,0,0,0,0,0,0,0,0,0,0,0,0,0,0,6.8006,0,0,13.6012,0,0,0,0,0,0,0,0,27.2024,0,0,0
NRS,Yongala,YON,19.3085,147.6184,YON20130416,2013-04-16T01:35:00Z,2013-04-16T11:35:00Z,2013,4,16,11:35:00,26,26.3243,0.55322,34.3962,Neutral,32.2213,NA,0,0,0,0,0,0,0,0,13.6012,0,0,0,0,0,0,0,0,0,0,0,0,0,13.6012,6.8006,0,0,0,0,0,0,0,13.6012,0,0,0,0,0,0,129.2116,0,0,6.8006,0,0,0,0,0,0,0,0,0,0,0,0,0,0,0,0,0,0,0,0,0,0,0,0,0,0,0,0,0,0,34.0031,0,13.6012,0,0,0,0,0,0,0,0,0,0,0,0,0,0,0,0,0,0,0,0,0,0,0,0,0,0,0,0,0,0,0,0,0,0,13.6012,0,0,0,0,74.8068,0,0,0,0,0,0,0,0,0,0,0,0,0,0,0,0,0,272.0245,0,0,13.6012,0,0,0,0,0,0,0,0,0,0,0,68.0061,0,6.8006,0,0,0,0,142.8128,0,0,0,0,0,0,0,0,0,0,0,0,0,0,0,0,0,0,0,0,0,0,0,0,0,0,0,0,0,27.2024,0,0,0,0,0,0,0,0,0,0,6.8006,0,0,0
NRS,Yongala,YON,19.3085,147.6184,YON20130515,2013-05-15T00:30:00Z,2013-05-15T10:30:00Z,2013,5,15,10:30:00,26,25.1079,1.2397,34.4089,La Nina,26.5496,NA,0,0,0,0,0,0,0,0,6.8006,0,0,0,0,0,0,0,0,0,0,0,0,0,6.8006,0,0,0,0,0,0,0,0,0,0,0,0,0,0,0,27.2024,0,0,0,0,0,0,0,0,0,0,0,0,0,0,0,0,0,0,0,0,0,0,0,0,0,0,0,0,20.4018,0,13.6012,0,0,0,0,0,0,0,0,0,0,0,0,0,0,0,0,0,0,0,0,6.8006,0,0,0,0,0,0,0,0,0,0,0,0,0,0,0,0,6.8006,0,0,0,0,0,0,0,0,0,0,0,0,54.4049,0,0,0,0,0,0,102.0092,0,0,0,0,27.2024,0,13.6012,20.4018,0,0,0,0,0,0,6.8006,0,0,0,0,102.0092,0,47.6043,0,0,0,0,6.8006,0,0,0,0,0,0,0,0,0,0,0,0,0,0,0,0,0,0,0,0,0,0,0,0,0,0,0,0,0,0,0,0,6.8006,0,0,0,0,0,0,0,0,0,6.8006,0
NRS,Yongala,YON,19.3085,147.6184,YON20130611,2013-06-11T03:34:00Z,2013-06-11T13:34:00Z,2013,6,11,13:34:00,26,23.7685,0.32826363636363637,34.7365,La Nina,37.7298,NA,0,0,0,0,0,0,0,0,40.8037,0,0,0,0,0,0,0,0,0,0,0,0,0,0,0,0,0,0,0,0,0,0,0,0,0,0,0,0,0,13.6012,0,0,0,0,0,0,0,0,0,0,0,0,0,0,0,0,0,0,0,0,0,0,0,0,0,0,0,0,0,0,0,27.2024,0,0,0,0,0,0,0,0,0,0,0,0,0,0,0,0,0,0,0,217.6195,0,0,0,0,0,0,0,0,0,0,0,0,0,13.6012,0,0,0,0,27.2024,0,0,0,0,0,0,0,0,0,0,27.2024,0,0,0,0,0,0,122.411,40.8037,0,0,0,394.4355,0,13.6012,13.6012,0,0,0,0,0,0,0,0,0,0,0,394.4355,0,0,0,0,0,0,353.6318,0,0,0,0,0,0,0,0,0,0,0,0,0,0,0,0,0,0,0,0,0,0,0,0,0,0,0,0,0,0,0,0,0,0,0,0,0,0,0,0,0,0,0,0
NRS,Yongala,YON,19.3085,147.6184,YON20130719,2013-07-19T01:08:00Z,2013-07-19T11:08:00Z,2013,7,19,11:08:00,26,22.5885,0.5357714285714286,35.0801,La Nina,11.3298,NA,0,0,0,0,0,0,0,0,0,0,0,0,0,0,0,0,0,0,0,0,0,0,0,0,0,0,0,0,0,0,0,13.6012,0,0,0,0,0,0,0,0,0,13.6012,0,0,0,0,0,0,0,0,0,0,0,0,27.2024,0,0,0,0,0,0,0,0,0,0,0,0,0,0,0,0,0,13.6012,0,0,0,0,0,0,0,0,0,0,0,0,0,0,0,0,0,81.6073,0,0,0,0,0,0,0,0,0,0,0,0,0,0,0,0,0,0,81.6073,0,0,0,0,95.2085,0,0,0,0,0,0,0,0,0,0,0,0,68.0061,176.8159,0,0,0,108.8098,0,40.8037,149.6135,0,0,0,0,0,0,13.6012,0,0,0,0,68.0061,0,0,0,0,0,0,326.4294,0,0,0,0,0,0,0,0,0,0,0,0,0,0,0,0,0,0,0,0,0,0,0,0,0,0,0,0,0,0,0,0,0,0,0,0,0,0,0,0,0,0,0,0
NRS,Yongala,YON,19.3085,147.6184,YON20130808,2013-08-08T00:58:00Z,2013-08-08T10:58:00Z,2013,8,8,10:58:00,26,22.5066,0.33544,35.3137,Neutral,9.7929,NA,0,0,0,0,0,0,0,0,0,0,0,0,0,0,0,0,0,0,0,0,0,0,0,0,0,0,0,0,0,0,0,0,0,0,0,1.943,0,0,7.7722,0,1.943,0,0,0,3.8861,0,0,1.943,0,0,0,0,0,1.943,0,0,0,0,0,0,0,0,0,1.943,0,0,0,3.8861,0,0,0,1.943,0,0,0,0,0,0,0,0,0,0,0,0,0,0,0,0,0,0,5.8291,0,0,0,0,0,0,0,0,0,1.943,0,0,0,0,0,0,0,0,1.943,0,0,0,0,0,0,0,0,0,0,0,0,0,0,0,0,1.943,11.6582,50.5188,0,0,0,0,0,0,0,0,0,0,0,0,0,0,0,0,0,0,1.943,0,21.3733,0,0,0,0,0,0,0,0,0,0,0,0,0,0,0,0,0,0,0,0,0,0,0,0,0,0,0,0,0,0,0,0,0,1.943,0,0,0,0,0,0,0,0,0,0,0,3.8861,0,0,0
NRS,Yongala,YON,19.3085,147.6184,YON20130912,2013-09-12T01:26:00Z,2013-09-12T11:26:00Z,2013,9,12,11:26:00,26,23.1086,3.2292375,35.484,Neutral,50.3381,NA,0,0,0,0,0,0,0,0,0,0,0,0,0,0,0,0,0,0,0,0,0,0,0,6.8006,0,0,0,0,0,0,0,0,0,0,0,0,0,0,0,0,0,108.8098,0,0,20.4018,0,0,0,0,0,0,0,0,0,0,0,0,0,0,0,0,0,6.8006,0,0,0,0,0,0,0,0,0,0,0,0,40.8037,0,0,0,0,0,0,0,0,0,0,0,0,0,0,122.411,0,0,0,0,0,0,0,0,0,0,0,0,0,6.8006,0,0,0,0,95.2085,0,0,0,0,68.0061,0,0,0,0,0,0,0,0,0,0,0,0,13.6012,81.6073,0,0,0,115.6104,0,0,95.2086,0,0,0,0,0,13.6012,13.6012,0,0,0,0,0,0,34.0031,0,0,0,0,163.2146,0,0,0,0,0,0,0,0,0,0,0,0,0,0,0,0,0,0,0,0,0,0,0,0,0,0,0,0,0,0,0,0,0,0,0,0,0,0,0,0,0,0,0,0
NRS,Yongala,YON,19.3085,147.6184,YON20131015,2013-10-15T01:40:00Z,2013-10-15T11:40:00Z,2013,10,15,11:40:00,26,25.2531,0.33835714285714286,35.5109,Neutral,50.5693,NA,0,0,0,0,0,0,0,0,13.6012,0,0,0,0,0,0,0,0,0,0,0,0,0,0,0,0,0,0,0,0,0,0,0,0,0,0,0,0,0,0,0,0,0,0,0,0,0,0,0,0,0,0,0,0,0,0,0,0,0,0,0,0,0,0,0,0,0,0,0,0,0,0,0,13.6012,0,0,0,0,0,0,0,0,0,0,0,0,0,0,0,0,0,285.6257,0,0,0,0,0,0,0,0,0,0,0,0,0,0,0,0,0,0,13.6012,0,0,0,0,231.2208,0,0,0,0,0,0,40.8037,0,0,0,0,0,54.4049,27.2024,0,0,0,54.4049,0,27.2024,353.6318,0,0,0,0,68.0061,27.2024,0,0,0,0,0,0,0,13.6012,0,0,0,0,176.8159,0,0,0,0,0,0,0,0,0,0,0,0,0,0,0,0,0,0,0,0,0,0,0,0,0,0,0,0,0,13.6012,0,0,0,0,13.6012,0,0,0,0,0,0,0,0,0
NRS,Yongala,YON,19.3085,147.6184,YON20131114,2013-11-14T00:32:00Z,2013-11-14T10:32:00Z,2013,11,14,10:32:00,26,26.7776,0.36927499999999996,35.5514,Neutral,14.6621,NA,0,0,0,0,0,0,0,0,6.8006,0,0,0,0,0,0,0,0,0,0,0,0,0,0,0,0,0,0,0,0,0,0,0,0,0,0,0,0,0,0,0,0,6.8006,0,0,0,0,0,6.8006,0,0,0,0,0,0,0,0,0,0,0,0,0,0,0,0,0,0,0,0,0,13.6012,0,0,0,0,0,0,0,0,0,0,0,0,0,0,0,0,0,0,0,0,47.6042,0,0,0,0,0,0,0,0,0,0,0,0,0,0,0,0,0,0,0,0,0,0,0,20.4018,0,0,0,0,0,0,13.6012,0,0,0,0,0,136.0122,27.2024,0,0,0,61.2055,0,6.8006,20.4018,0,0,0,0,0,0,0,0,0,0,0,6.8006,0,13.6012,0,0,0,0,244.822,0,0,0,0,0,0,0,0,0,0,0,0,0,0,0,0,0,0,0,0,0,0,0,0,0,0,0,0,0,0,0,0,0,0,27.2024,0,0,0,0,0,0,0,0,0
NRS,Yongala,YON,19.3085,147.6184,YON20131205,2013-12-05T01:26:00Z,2013-12-05T11:26:00Z,2013,12,5,11:26:00,26,27.2813,0.4228571428571429,35.5721,Neutral,191.8452,NA,0,0,0,13.6012,0,0,0,0,27.2024,0,0,0,0,0,0,0,0,0,0,0,0,0,0,0,0,0,0,0,0,0,0,0,0,0,0,0,0,0,0,0,0,13.6012,0,0,0,0,0,0,0,0,0,0,0,0,0,0,0,0,0,0,0,0,0,0,0,0,0,13.6012,0,0,0,0,0,0,81.6073,0,0,0,0,0,0,0,0,0,0,0,0,0,0,0,122.411,0,0,0,0,0,0,0,0,0,0,0,0,0,0,0,0,0,0,13.6012,0,0,0,0,95.2085,0,0,0,0,0,0,40.8037,0,0,0,0,0,163.2147,40.8037,0,0,27.2024,516.8465,0,0,0,0,0,0,0,0,0,0,0,0,0,0,68.0061,0,136.0122,0,0,0,0,666.46,0,0,0,0,0,0,0,0,0,0,0,0,0,0,0,0,0,0,0,0,0,0,0,0,0,0,0,0,0,0,0,0,0,0,0,0,0,0,0,0,0,0,0,0
NRS,Yongala,YON,19.3085,147.6184,YON20140122,2014-01-22T00:00:00Z,2014-01-22T10:00:00Z,2014,1,22,10:00:00,26,28.2737,0.51066,35.5203,Neutral,9.3576,NA,0,0,0,0,0,0,0,0,0,0,0,0,0,0,0,0,0,0,0,0,0,0,0,0,0,0,0,0,0,0,0,0,0,0,0,0,0,0,6.8006,0,0,0,0,0,0,0,0,0,0,0,0,0,0,0,0,0,0,0,0,0,0,0,0,0,0,0,0,0,0,0,0,6.8006,0,0,6.8006,0,0,0,0,0,0,0,0,0,0,0,0,0,0,0,40.8036,0,0,0,0,0,0,0,0,0,0,0,0,0,0,0,0,0,0,0,0,0,0,0,27.2024,0,0,0,0,0,0,6.8006,0,0,0,0,0,129.2116,6.8006,0,0,0,95.2086,0,6.8006,0,0,0,0,0,0,0,0,0,0,0,0,6.8006,0,27.2024,0,0,0,0,319.6287,0,0,0,0,0,0,0,0,0,0,0,0,0,0,0,0,0,0,0,0,0,0,0,0,0,0,0,0,0,0,0,0,6.8006,0,0,0,0,0,0,0,6.8006,0,0,0
NRS,Yongala,YON,19.3085,147.6184,YON20140220,2014-02-20T00:48:00Z,2014-02-20T10:48:00Z,2014,2,20,10:48:00,26,27.8621,1.7719428571428573,35.3198,Neutral,12.4995,NA,0,0,13.6012,0,0,0,0,0,13.6012,0,0,0,0,0,0,0,0,0,0,0,0,0,0,0,0,0,0,0,0,0,0,0,0,0,0,0,0,0,0,0,0,13.6012,0,0,0,0,0,0,0,0,0,0,0,0,0,0,0,0,0,0,0,0,0,0,0,0,0,0,0,0,13.6012,0,0,0,0,0,0,0,13.6012,0,0,0,0,0,0,0,0,0,0,0,108.8097,0,0,0,0,0,0,0,0,0,0,0,0,0,0,0,0,0,0,0,0,0,0,0,54.4049,0,0,0,0,0,0,40.8037,0,0,0,0,0,394.4355,27.2024,0,0,0,204.0183,0,13.6012,0,0,0,0,0,0,0,27.2024,0,0,0,0,68.0061,0,81.6073,0,0,0,0,299.2269,0,0,0,0,0,0,0,0,0,0,0,0,0,0,0,0,0,0,0,0,0,0,0,0,0,0,0,0,0,0,0,0,0,0,0,0,0,0,0,0,0,0,0,0
NRS,Yongala,YON,19.3085,147.6184,YON20140317,2014-03-17T04:07:00Z,2014-03-17T14:07:00Z,2014,3,17,14:07:00,26,27.0726,0.8515571428571429,35.5586,Neutral,25.8015,NA,0,0,0,27.2024,0,0,0,0,13.6012,0,0,0,0,0,0,0,0,0,0,0,0,0,0,0,0,0,0,0,0,0,0,0,0,0,0,0,0,0,0,0,0,0,0,0,0,0,0,0,0,0,0,0,0,0,0,0,0,0,0,0,0,0,0,0,0,0,0,0,0,13.6012,0,0,0,0,40.8037,68.0061,0,0,0,0,0,0,0,0,0,0,0,0,0,0,122.411,0,0,0,0,0,0,0,0,0,0,0,0,0,13.6012,0,0,0,0,13.6012,0,0,27.2024,0,27.2024,54.4049,0,0,0,0,0,54.4049,0,0,0,0,0,435.2391,27.2024,0,0,0,408.0367,0,13.6012,0,0,0,0,0,0,0,0,0,0,0,0,122.411,0,27.2024,0,0,0,0,924.8831,0,0,0,0,0,0,0,0,0,0,0,0,0,0,0,0,0,0,0,0,0,0,0,0,0,0,0,0,0,0,0,0,0,0,0,0,0,0,0,0,0,0,0,0
NRS,Yongala,YON,19.3085,147.6184,YON20140501,2014-05-01T01:25:00Z,2014-05-01T11:25:00Z,2014,5,1,11:25:00,26,26.4882,1.2397,35.1722,Neutral,18.4024,NA,0,0,0,0,0,0,0,0,0,0,0,0,0,0,0,0,0,0,0,0,0,0,0,0,0,0,0,0,0,0,0,0,0,0,13.6012,0,0,0,95.2085,0,0,13.6012,0,0,0,0,0,0,0,0,0,0,0,0,0,0,0,0,0,0,0,0,0,0,0,0,0,0,0,0,0,0,13.6012,0,27.2024,13.6012,0,0,0,0,0,0,0,0,0,0,0,0,0,0,95.2085,0,0,0,0,0,0,0,0,0,0,0,0,0,0,0,0,0,0,0,0,0,0,0,13.6012,13.6012,0,0,0,0,0,122.411,0,0,0,0,0,176.8159,95.2086,0,0,0,516.8465,0,0,0,0,0,0,0,0,13.6012,27.2024,0,0,0,0,136.0122,0,95.2085,0,0,0,0,1156.104,0,0,0,0,0,0,0,0,0,0,0,0,0,0,0,0,0,0,0,0,0,0,0,0,0,0,0,0,0,13.6012,0,0,0,0,0,0,0,0,0,0,40.8036,0,0,0
NRS,Yongala,YON,19.3085,147.6184,YON20140527,2014-05-27T02:12:00Z,2014-05-27T12:12:00Z,2014,5,27,12:12:00,26,24.9785,1.2397,35.2837,Neutral,17.0287,NA,0,0,0,0,0,0,0,0,0,0,0,0,0,0,0,0,0,0,0,0,0,0,0,0,0,0,0,0,0,0,0,0,0,0,6.8006,0,0,0,68.0061,0,0,6.8006,0,0,0,0,6.8006,6.8006,0,0,0,0,0,0,0,0,0,0,0,0,0,0,0,0,0,0,0,0,0,0,0,0,6.8006,0,6.8006,0,0,0,0,0,0,0,0,0,0,0,0,0,0,0,13.6012,0,0,0,0,0,0,0,0,0,0,0,0,0,13.6012,0,0,0,0,13.6012,0,0,0,0,47.6042,0,0,0,0,0,0,47.6043,0,0,0,0,0,40.8037,27.2024,0,0,0,170.0153,0,6.8006,0,0,0,0,0,0,0,6.8006,0,0,0,0,0,0,27.2024,0,0,0,0,238.0214,0,0,0,0,0,0,0,0,0,0,0,0,0,0,0,0,0,0,0,0,0,0,0,0,0,0,0,0,0,0,0,0,0,0,0,0,0,0,0,0,0,0,0,0
NRS,Yongala,YON,19.3085,147.6184,YON20140624,2014-06-24T00:53:00Z,2014-06-24T10:53:00Z,2014,6,24,10:53:00,26,23.5555,0.32826363636363637,35.2963,Neutral,1.2785,NA,0,0,0,0,0,0,0,0,0,3.8861,0,0,0,0,0,0,0,0,0,0,0,0,0,0,0,0,0,0,0,0,0,0,0,0,0,0,0,0,23.3164,0,0,0,0,0,3.8861,0,0,23.3164,0,0,0,0,0,0,0,0,0,0,0,0,0,0,0,0,0,0,0,0,0,0,0,3.8861,3.8861,0,0,3.8861,0,0,0,0,0,0,0,0,0,0,0,0,0,0,5.4405,0,0,0,7.7721,0,0,0,0,0,0,0,0,0,3.8861,0,0,0,0,0,0,0,0,0,19.4303,0,0,0,0,0,0,19.4303,0,0,0,0,0,27.2024,38.8606,0,0,0,81.6073,0,3.8861,0,0,0,0,0,0,3.8861,3.8861,0,0,0,0,3.8861,0,11.6582,0,0,0,0,58.291,0,0,0,0,0,0,0,0,0,0,0,0,0,0,0,0,0,0,0,0,0,0,0,0,0,0,0,0,0,0,0,0,0,0,0,0,0,0,0,0,3.8861,0,0,0
NRS,Yongala,YON,19.3085,147.6184,YON20140717,2014-07-17T00:28:00Z,2014-07-17T10:28:00Z,2014,7,17,10:28:00,26,23.0487,0.5357714285714286,35.2875,Neutral,2.4006,NA,0,0,0,0,0,0,0,0,0,0,0,0,0,0,0,0,0,0,0,0,0,0,0,0,0,0,0,0,0,0,0,0,0,0,0,0,0,0,20.4018,0,0,0,0,0,13.6012,0,0,27.2024,0,0,0,0,0,0,0,0,0,0,0,0,0,0,0,0,0,0,0,13.6012,0,0,0,0,0,0,13.6012,0,0,0,0,0,0,0,0,0,0,0,0,0,0,0,6.8006,0,6.8006,0,6.8006,0,0,0,0,0,0,0,0,0,6.8006,0,0,0,0,0,0,0,0,0,217.6195,197.2177,0,0,0,0,6.8006,0,0,0,0,0,0,27.2024,27.2024,0,0,0,88.4079,0,0,0,0,0,0,0,0,6.8006,0,0,13.6012,0,0,0,0,20.4018,0,0,0,0,210.819,0,0,0,0,0,0,0,0,0,0,0,0,0,0,0,0,0,0,0,0,0,0,0,0,0,0,0,0,0,0,0,0,0,0,0,0,0,0,0,0,0,0,0,0
NRS,Yongala,YON,19.3085,147.6184,YON20140820,2014-08-20T01:15:00Z,2014-08-20T11:15:00Z,2014,8,20,11:15:00,26,22.1482,0.33544,35.421,Neutral,7.4399,NA,0,0,0,0,0,0,0,0,0,0,0,0,0,0,0,0,0,0,0,0,0,0,0,0,0,0,0,0,0,0,0,0,0,0,0,0,0,0,1.8135,0,0,1.8135,1.8135,0,0,0,0,1.8135,0,0,0,14.508,0,0,0,0,0,0,0,0,0,0,0,0,0,0,0,27.2024,0,0,0,0,3.627,0,0,1.8135,1.8135,0,0,0,0,0,3.627,0,0,0,0,0,0,0,5.4405,0,3.627,0,3.627,0,0,0,0,0,0,0,0,0,0,0,0,0,0,5.4405,0,0,0,0,10.881,0,0,0,0,0,1.8135,7.254,0,0,0,0,0,9.0675,21.762,0,0,0,43.5239,0,7.254,0,0,0,0,0,0,0,0,0,1.8135,0,0,3.627,0,7.254,0,0,0,0,21.762,0,0,0,0,0,0,0,0,0,0,0,0,0,0,0,0,0,0,0,0,0,0,0,0,0,0,0,0,0,0,0,0,0,0,0,0,0,0,0,0,1.8135,0,0,0
NRS,Yongala,YON,19.3085,147.6184,YON20140910,2014-09-10T00:35:00Z,2014-09-10T10:35:00Z,2014,9,10,10:35:00,26,23.0254,3.2292375,35.4595,Neutral,6.515,NA,2.2669,0,0,0,0,0,0,0,0,0,0,0,0,0,0,0,0,0,0,0,0,0,0,0,0,0,0,0,0,0,0,0,0,0,0,0,0,0,0,0,0,0,0,0,4.5337,0,2.2669,0,0,0,0,4.5337,0,0,0,0,0,0,0,0,0,0,0,0,0,0,0,6.8006,0,0,0,0,0,0,4.5338,9.0674,0,0,0,0,0,0,0,0,0,0,0,0,0,0,9.0674,0,4.5337,0,0,0,0,0,0,0,0,0,0,0,0,0,0,0,0,0,0,0,0,0,11.3343,2.2669,0,0,0,0,0,4.5337,0,0,0,0,0,24.9356,27.2024,0,0,9.0675,31.7362,0,6.8006,0,0,0,2.2669,0,0,0,0,0,0,0,0,0,0,4.5337,0,0,0,0,22.6687,0,0,0,0,0,0,0,0,0,0,0,0,0,0,0,0,0,0,0,0,0,0,0,0,0,0,0,0,0,0,0,0,0,0,0,0,0,0,0,0,9.0675,0,0,0
NRS,Yongala,YON,19.3085,147.6184,YON20141014,2014-10-14T02:02:00Z,2014-10-14T12:02:00Z,2014,10,14,12:02:00,26,25.23,0.33835714285714286,35.583,Neutral,10.6226,NA,0,0,0,6.8006,0,0,0,0,0,0,0,0,0,0,0,0,0,0,0,0,0,0,0,0,0,0,0,0,0,0,0,0,0,0,0,0,0,0,0,0,0,0,0,0,0,0,0,0,0,0,0,0,0,0,0,0,0,0,0,0,0,0,0,0,0,0,0,0,0,0,0,0,6.8006,0,6.8006,13.6012,0,0,0,0,0,0,0,0,0,0,0,0,0,0,625.6562,0,0,0,0,0,0,0,0,0,0,0,0,0,0,0,0,0,0,0,0,0,0,0,47.6043,13.6012,0,0,0,0,0,13.6012,0,0,0,0,0,47.6043,47.6043,0,0,0,122.411,0,13.6012,0,0,0,0,0,0,0,0,0,0,0,0,0,0,0,0,0,0,0,312.8281,0,0,0,0,0,0,0,0,0,0,0,0,0,0,0,0,0,0,0,0,0,0,0,0,0,0,0,0,0,0,0,0,0,0,13.6012,0,0,0,0,0,0,0,0,0
NRS,Yongala,YON,19.3085,147.6184,YON20141120,2014-11-20T22:48:00Z,2014-11-21T08:48:00Z,2014,11,21,8:48:00,26,26.6209,0.36927499999999996,35.5673,Neutral,7.0046,NA,0,0,0,6.8006,0,0,0,0,13.6012,0,0,0,0,0,0,0,0,0,0,0,0,0,0,0,0,0,0,0,0,0,0,0,0,0,0,0,0,0,13.6012,0,0,34.003,0,0,0,0,0,0,0,0,0,0,0,0,0,0,0,0,0,0,0,0,0,0,0,0,0,0,0,0,0,0,20.4018,0,34.003,13.6012,0,0,0,0,0,0,0,0,0,0,0,0,0,0,40.8037,0,0,0,0,0,0,0,0,0,0,0,0,0,0,0,0,0,0,0,0,0,0,0,81.6074,0,0,0,0,0,0,0,0,0,0,0,95.2086,13.6012,0,0,0,0,176.8159,0,0,0,0,0,0,0,0,13.6012,0,0,0,0,0,0,0,0,0,0,0,0,285.6257,0,0,0,0,0,0,0,0,0,0,0,0,0,0,0,0,0,0,0,0,0,0,0,0,0,0,0,0,0,0,0,0,0,0,0,0,0,0,0,0,0,0,0,0
NRS,Yongala,YON,19.3085,147.6184,YON20141209,2014-12-09T00:04:00Z,2014-12-09T10:04:00Z,2014,12,9,10:04:00,26,28.2674,0.4228571428571429,35.8551,Neutral,6.923,NA,0,0,0,6.045,0,0,0,0,3.0225,0,0,0,0,0,0,0,0,0,0,0,0,0,0,0,0,0,0,0,0,0,0,0,0,0,0,0,0,0,0,0,0,16.6237,0,0,0,0,0,0,0,0,0,0,0,0,0,0,0,0,0,0,0,0,0,0,0,0,0,0,0,0,0,0,0,0,0,0,0,0,6.045,0,0,0,0,0,0,0,0,0,0,0,118.6329,0,0,0,0,0,0,0,0,0,0,0,0,0,0,0,0,0,0,0,0,0,0,0,18.135,6.045,0,0,0,0,0,12.09,0,3.0225,0,0,0,21.1575,0,0,0,0,33.2474,0,0,0,0,0,0,0,0,0,0,0,0,0,0,3.0225,0,12.09,0,0,0,0,99.7423,0,0,0,0,0,0,0,0,0,0,0,0,0,0,0,0,0,0,0,0,0,0,0,0,0,0,0,0,0,3.0225,0,0,0,0,0,0,0,0,0,0,0,0,0,0
NRS,Yongala,YON,19.3085,147.6184,YON20150119,2015-01-19T01:25:00Z,2015-01-19T11:25:00Z,2015,1,19,11:25:00,26,28.9924,0.51066,35.5063,Neutral,18.7697,NA,0,0,0,0,0,0,0,5.4405,5.4405,0,0,0,0,0,0,0,0,0,0,0,0,0,0,0,0,0,0,0,0,0,0,0,0,0,0,0,0,0,0,0,0,27.2025,0,0,0,0,0,0,0,0,0,0,0,0,0,0,0,0,0,0,0,0,0,0,0,0,0,0,0,0,0,0,0,0,0,0,0,0,0,0,0,0,0,0,0,0,0,0,0,0,54.4049,0,0,0,0,0,0,0,0,0,0,0,0,0,0,0,0,0,0,0,0,0,0,0,32.643,10.881,0,0,0,0,0,10.881,0,0,0,0,0,76.1668,21.762,0,0,0,119.6908,0,5.4405,0,0,0,0,0,0,5.4405,0,0,0,0,0,0,0,0,0,0,0,0,326.4293,0,0,0,0,0,0,0,0,0,0,0,0,0,0,0,0,0,0,0,0,0,0,0,0,0,0,0,0,0,0,0,0,0,0,0,0,0,0,0,0,43.524,0,0,0
NRS,Yongala,YON,19.3085,147.6184,YON20150224,2015-02-24T00:40:00Z,2015-02-24T10:40:00Z,2015,2,24,10:40:00,26,28.9663,1.7719428571428573,35.5532,Neutral,32.9694,NA,0,0,0,13.6012,0,0,0,0,13.6012,0,0,0,0,0,0,0,0,0,0,0,0,0,0,0,0,0,0,0,0,0,0,0,0,0,0,0,0,0,27.2024,0,0,27.2024,0,13.6012,0,0,0,0,0,0,0,0,0,0,0,0,0,0,0,0,0,0,0,0,0,0,0,0,0,0,0,0,0,0,27.2024,0,0,0,0,0,0,0,0,0,0,0,0,0,0,0,244.822,0,0,0,0,0,0,0,0,0,0,0,0,0,0,0,0,0,0,0,0,0,0,0,81.6074,27.2024,0,0,0,0,0,27.2024,0,0,0,0,0,312.8281,13.6012,0,0,0,680.0612,0,0,0,0,0,0,0,0,0,0,0,0,0,0,27.2024,0,13.6012,0,0,0,0,965.6868,0,0,0,0,0,0,0,0,0,0,0,0,0,0,0,0,0,0,0,0,0,0,0,0,0,0,0,0,0,0,0,0,0,0,27.2024,0,0,0,0,0,0,0,0,0
NRS,Yongala,YON,19.3085,147.6184,YON20150324,2015-03-24T05:15:00Z,2015-03-24T15:15:00Z,2015,3,24,15:15:00,26,28.6446,0.8515571428571429,35.4592,Neutral,30.2083,NA,0,0,0,0,0,0,0,0,0,0,0,0,0,0,0,0,0,0,0,0,0,0,0,0,0,0,0,0,0,0,0,0,0,0,0,0,0,0,5.4405,0,0,5.4405,0,0,0,0,0,0,0,0,0,0,0,0,0,0,0,0,0,0,0,0,0,0,0,0,0,0,0,5.4405,0,0,10.881,0,16.3215,32.643,0,10.881,0,0,0,0,0,0,0,0,0,0,0,0,21.762,0,0,0,0,0,0,0,0,0,0,0,0,0,5.4405,0,0,0,0,0,0,0,0,0,103.3693,0,0,0,0,0,0,16.3215,0,0,0,0,0,103.3693,21.762,0,0,0,130.5717,0,0,0,0,0,0,0,0,0,0,5.4405,0,10.881,0,10.881,0,0,0,0,0,0,233.9411,0,0,0,0,0,0,0,0,0,0,0,0,0,0,0,0,0,0,0,0,0,0,0,0,0,5.4405,0,0,0,0,0,0,0,0,0,0,0,0,0,0,5.4405,0,0,0
NRS,Yongala,YON,19.3085,147.6184,YON20150430,2015-04-30T02:10:00Z,2015-04-30T12:10:00Z,2015,4,30,12:10:00,26,26.8748,0.55322,35.3573,El Nino,6.5966,NA,0,0,0,0,0,0,0,0,0,2.2669,0,0,0,0,0,0,0,0,0,0,0,0,0,0,0,0,0,0,0,0,0,2.2669,0,0,0,0,0,0,0,0,0,6.8006,0,0,0,0,0,0,0,0,0,0,0,0,0,0,0,0,2.2669,0,0,0,0,0,0,0,0,0,0,0,4.5337,0,0,0,6.8006,4.5338,0,0,0,0,0,0,0,0,0,0,0,0,0,0,20.4019,0,0,0,0,0,0,0,0,0,0,0,0,0,0,0,0,0,0,4.5338,0,0,0,0,27.2024,0,0,0,0,0,2.2669,0,0,0,0,0,0,29.4693,11.3344,0,0,0,49.8712,0,2.2669,0,0,0,0,0,0,2.2669,2.2669,0,0,0,0,0,0,2.2669,0,0,0,0,38.5368,0,0,0,0,0,0,0,0,0,0,0,0,0,0,0,0,0,0,0,0,0,0,0,0,0,0,0,0,4.5337,0,0,0,0,0,0,0,0,0,0,0,11.3344,0,0,0
NRS,Yongala,YON,19.3085,147.6184,YON20150601,2015-06-01T02:55:00Z,2015-06-01T12:55:00Z,2015,6,1,12:55:00,26,25.0386,0.206,35.5432,El Nino,10.4865,NA,0,0,0,0,0,0,0,0,0,0,0,0,0,0,0,0,0,3.8861,0,0,0,0,0,0,0,0,0,0,0,0,0,0,0,0,0,0,0,0,0,0,0,0,0,0,0,0,0,3.8861,0,0,0,3.8861,0,0,0,0,0,0,0,0,0,0,0,0,0,0,0,0,0,0,0,0,0,0,0,0,0,0,0,0,0,0,0,0,0,0,0,0,0,0,3.8861,0,0,0,0,0,0,0,0,0,0,0,0,0,0,0,0,0,0,0,0,0,0,0,7.7722,0,0,0,0,0,0,11.6582,0,0,0,0,0,77.7213,46.6328,0,0,0,19.4303,0,0,0,0,0,0,0,0,0,0,0,0,0,0,11.6582,0,15.5443,0,0,0,0,155.4426,0,0,0,0,0,0,0,0,0,0,0,0,0,0,0,0,0,0,0,0,0,0,0,0,0,0,0,0,0,0,0,0,0,0,0,0,0,0,0,0,15.5443,0,0,0
NRS,Yongala,YON,19.3085,147.6184,YON20150618,2015-06-18T00:55:00Z,2015-06-18T10:55:00Z,2015,6,18,10:55:00,26,24.1066,0.1964,35.7635,El Nino,17.2464,NA,0,0,0,0,0,0,0,0,0,0,0,0,0,0,0,0,0,0,0,0,0,0,0,0,0,0,0,0,0,0,0,0,0,0,0,0,0,0,5.4405,0,0,0,0,0,0,0,0,0,0,0,0,0,0,0,0,0,0,0,0,0,0,0,0,0,0,0,0,0,0,0,0,0,0,0,5.4405,5.4405,5.4405,0,0,0,0,0,0,0,0,0,0,0,0,0,5.4405,0,0,0,0,0,0,0,0,0,0,0,0,0,0,0,0,0,0,0,0,0,0,0,10.881,0,0,0,0,0,0,0,0,0,0,0,0,32.6429,10.881,0,0,0,16.3215,0,10.881,0,0,0,0,0,0,0,5.4405,0,0,0,0,21.762,0,0,0,0,0,0,152.3337,0,0,0,0,0,0,0,0,0,0,0,0,0,0,0,0,0,0,0,0,0,0,0,0,0,0,0,0,0,5.4405,0,0,0,0,0,0,0,0,0,0,5.4405,0,0,0
NRS,Yongala,YON,19.3085,147.6184,YON20150804,2015-08-04T01:45:00Z,2015-08-04T11:45:00Z,2015,8,4,11:45:00,45,22.9627,0.2475,35.5288,El Nino,3.8585,NA,0,0,0,0,0,0,0,0,0,0,0,0,0,0,0,0,0,0,0,0,0,0,0,0,0,0,0,0,0,0,0,0,0,0,0,0,0,0,11.6582,0,0,5.4405,0,0,0,0,0,0,0,0,0,0,0,0,0,0,0,0,0,0,0,0,0,0,0,0,0,0,0,0,0,0,0,0,3.8861,3.8861,0,0,0,0,0,0,0,0,0,0,0,0,0,0,0,0,0,0,3.8861,0,0,0,0,0,0,0,0,0,0,0,0,0,0,0,0,0,0,0,31.0885,0,0,0,0,0,0,0,0,0,0,0,0,15.5443,15.5443,0,0,0,23.3164,0,11.6582,0,0,0,0,0,0,0,7.7722,0,0,0,0,3.8861,0,7.7722,0,0,0,0,23.3164,0,0,0,0,0,0,0,0,0,0,0,0,0,0,0,0,0,0,0,0,0,0,0,0,0,0,0,0,0,0,0,0,0,0,0,0,0,0,0,0,0,0,0,0
NRS,Yongala,YON,19.3085,147.6184,YON20150825,2015-08-25T00:45:00Z,2015-08-25T10:45:00Z,2015,8,25,10:45:00,26,23.1871,0.1742,35.5687,El Nino,6.8006,NA,0,0,0,0,0,0,0,0,0,0,0,0,0,0,0,0,0,0,0,0,0,0,0,0,0,0,2.7202,0,0,0,0,0,0,0,0,0,0,0,5.4405,0,0,8.1607,0,0,0,0,0,21.762,0,0,0,8.1607,0,0,0,0,0,0,0,0,0,0,0,0,0,0,0,0,0,2.7202,0,0,0,0,5.4405,5.4405,2.7202,0,0,0,0,0,2.7202,0,0,0,0,0,0,0,0,0,0,0,0,0,0,0,0,0,0,0,0,0,0,0,0,0,0,5.4404,0,0,0,0,21.762,0,0,0,0,0,0,8.1607,0,0,0,0,0,8.1607,29.9227,0,0,0,27.2024,0,10.881,0,0,0,0,0,0,2.7202,16.3215,0,0,0,0,5.4405,0,8.1607,0,0,0,0,13.6012,0,0,0,0,0,0,0,0,0,0,0,0,0,0,0,0,0,0,0,0,0,0,0,0,0,0,0,0,0,0,0,0,0,0,0,0,0,0,0,0,2.7202,0,0,0
NRS,Yongala,YON,19.3085,147.6184,YON20150923,2015-09-23T03:11:00Z,2015-09-23T13:11:00Z,2015,9,23,13:11:00,26,24.0844,0.0235,35.7143,El Nino,5.2501,NA,0,0,0,0,0,0,0,0,0,0,0,0,0,0,0,0,0,0,0,0,0,0,0,0,0,0,0,0,0,0,0,0,0,0,0,0,0,0,0,0,0,0,0,0,0,0,0,0,0,0,0,0,0,0,0,0,0,0,0,0,0,0,0,0,0,0,0,0,0,0,0,0,0,0,5.4405,5.4405,0,0,0,0,0,0,0,0,0,0,0,0,0,0,70.7264,0,0,0,0,0,0,0,0,0,0,0,0,0,0,0,0,0,0,5.4405,0,0,0,0,5.4405,0,0,0,0,0,0,0,0,0,0,0,0,10.881,32.6429,0,0,0,59.8454,0,10.881,21.762,0,0,0,0,0,0,0,0,0,0,0,0,0,5.4405,0,0,0,0,0,0,0,0,0,0,0,0,0,0,0,0,0,0,0,0,0,0,0,0,0,0,0,0,0,0,0,0,0,0,0,0,0,0,0,0,0,0,0,0,0,0,0,0,0
NRS,Yongala,YON,19.3085,147.6184,YON20151027,2015-10-27T00:10:00Z,2015-10-27T10:10:00Z,2015,10,27,10:10:00,26,25.0902,0.253,35.4509,El Nino,7.4263,NA,0,0,0,10.881,0,0,0,0,0,0,0,0,0,0,0,0,0,0,0,0,0,0,0,0,0,0,0,0,0,0,0,0,0,0,0,0,0,0,0,0,0,0,0,0,0,0,0,0,0,0,0,0,0,0,0,0,0,0,0,0,0,0,0,0,0,0,0,0,0,0,0,0,0,0,5.4405,0,0,0,0,0,0,0,0,0,0,0,0,0,0,0,27.2025,0,0,0,0,0,0,0,0,0,0,0,0,0,0,0,0,0,0,0,0,0,0,0,16.3215,0,0,0,0,0,0,0,0,0,0,0,0,32.6429,10.881,0,0,0,38.0834,0,0,0,0,0,0,0,0,0,10.881,0,0,0,0,0,0,27.2025,0,0,0,0,48.9644,0,0,0,0,0,0,0,0,0,0,0,0,0,0,0,0,0,0,0,0,0,0,0,0,0,0,0,0,0,0,0,0,0,0,0,0,0,0,0,0,0,0,0,0
NRS,Yongala,YON,19.3085,147.6184,YON20151111,2015-11-11T00:45:00Z,2015-11-11T10:45:00Z,2015,11,11,10:45:00,26,26.5996,0.2038,35.7233,El Nino,11.493,NA,0,0,0,0,0,0,0,0,0,0,0,0,0,0,0,0,0,0,0,0,0,0,0,0,0,0,0,0,0,0,0,0,0,0,0,0,0,0,13.6012,0,0,0,0,0,13.6012,0,0,0,0,0,0,0,0,0,0,0,0,0,0,0,0,0,0,0,0,0,0,0,0,0,0,0,40.8037,0,13.6012,0,0,0,0,0,0,0,0,0,0,0,0,0,0,0,0,0,0,0,0,0,0,0,0,0,0,0,0,0,0,0,0,0,0,27.2024,0,0,0,0,40.8036,0,0,0,0,0,0,13.6012,0,0,0,0,0,0,204.0183,0,0,0,27.2024,0,27.2024,0,0,0,0,0,0,0,0,0,0,0,0,95.2086,0,0,0,0,0,0,68.0061,0,0,0,0,0,0,0,0,0,0,0,0,0,0,0,0,0,0,0,0,0,0,0,0,0,0,0,0,0,0,0,0,0,0,0,40.8036,0,0,0,0,0,0,0,0
NRS,Yongala,YON,19.3085,147.6184,YON20151203,2015-12-03T01:00:00Z,2015-12-03T11:00:00Z,2015,12,3,11:00:00,26,28.0219,0.1821,35.6012,El Nino,9.004,NA,0,0,0,0,0,0,0,0,0,0,0,0,0,0,0,0,0,0,0,0,0,0,0,0,0,0,0,0,0,0,0,0,0,0,0,0,0,0,0,0,0,0,0,0,0,0,0,0,0,0,0,0,0,0,0,0,0,0,0,0,0,0,0,0,0,0,0,0,0,0,0,0,0,0,0,0,0,0,0,0,0,0,0,0,0,0,0,0,0,0,0,0,0,0,0.1417,0,0,0,0,0,0,0,0,0,0,0,0,0,0,0.1417,0,0,0,0,0.1417,0,0,0,0,0,0,0,0,0,0,0,0,0,0,0,0,0,0,0,0,0,0,0,0,0,0,0,0,0,0,0,0,0,0,0,0,0,0,0,0,0,0,0,0,0,0,0,0,0,0,0,0,0,0,0,0,0,0,0,0,0,0,0,0,0,0,0,0,0,0,0,0,0,0,0,0,0,0,0,0,0,0,0,0
NRS,Yongala,YON,19.3085,147.6184,YON20160122,2016-01-22T00:39:00Z,2016-01-22T10:39:00Z,2016,1,22,10:39:00,26,28.7148,0.3911,35.606,El Nino,25.3663,NA,0,0,0,0,0,0,0,0,0,0,0,0,0,0,0,0,0,0,0,0,0,0,0,0,0,0,0,0,0,0,0,0,0,0,0,0,0,0,0,0,0,13.6012,0,0,0,0,0,0,0,0,0,0,0,0,0,0,0,0,0,0,0,0,0,0,0,0,0,0,0,0,13.6012,0,0,0,0,0,6.8006,0,0,0,0,0,0,0,0,0,0,0,0,0,13.6012,0,0,0,0,0,0,0,0,0,0,0,0,0,0,0,0,0,0,0,0,0,0,0,0,0,0,0,0,0,0,47.6043,0,0,0,0,0,353.6318,13.6012,0,0,0,47.6043,0,13.6012,0,0,0,0,0,0,0,6.8006,6.8006,0,13.6012,0,6.8006,0,20.4018,0,0,0,0,190.4171,0,0,0,0,0,0,0,0,0,0,0,0,0,0,0,0,0,0,0,0,0,0,0,0,0,0,0,0,0,0,0,0,0,0,0,0,0,0,0,0,0,0,0,0
NRS,Yongala,YON,19.3085,147.6184,YON20160215,2016-02-15T00:18:00Z,2016-02-15T10:18:00Z,2016,2,15,10:18:00,26,29.7103,0.1307,34.86521666666667,El Nino,32.2757,NA,0,0,0,0,0,0,0,0,0,0,0,0,0,0,0,0,0,0,0,0,0,0,0,0,0,0,0,0,0,0,0,0,0,0,0,0,0,0,0,0,0,0,13.6012,0,0,0,0,0,0,0,0,0,0,0,0,0,0,0,0,0,0,0,0,0,0,0,0,0,0,0,13.6012,0,0,0,0,0,0,0,0,0,0,0,0,0,0,0,0,0,0,0,122.4109,0,0,0,0,0,0,0,0,0,0,0,0,0,13.6012,0,0,0,0,0,0,0,0,0,0,0,0,0,0,0,0,27.2024,0,0,0,0,0,258.4232,0,0,0,0,244.822,0,0,0,0,0,0,0,0,0,13.6012,0,13.6012,0,0,0,0,13.6012,0,0,0,0,0,0,0,0,0,0,0,0,0,0,0,0,0,0,0,0,0,0,0,0,0,0,0,0,0,0,0,0,0,0,0,0,0,0,0,0,0,0,0,0,0,0,0,0,0
NRS,Yongala,YON,19.3085,147.6184,YON20160321,2016-03-21T00:31:00Z,2016-03-21T10:31:00Z,2016,3,21,10:31:00,45,28.7966,0.5199,35.3386,El Nino,16.6836,NA,0,0,0,0,0,0,0,0,0,0,0,0,0,0,0,0,0,0,0,0,0,0,0,0,0,0,0,0,0,0,0,0,0,0,0,0,0,0,27.2024,0,0,40.8036,0,0,0,0,0,0,0,0,0,0,0,0,0,0,0,0,0,0,0,0,0,0,0,0,0,0,0,0,0,13.6012,0,0,0,0,0,0,0,0,0,0,0,0,0,0,0,0,0,0,122.411,0,0,0,13.6012,0,0,0,0,0,0,0,0,0,0,0,0,0,0,0,0,0,0,0,0,0,0,0,0,0,0,40.8037,0,0,0,0,0,299.2269,54.4049,0,0,0,68.0061,0,0,0,0,0,0,0,0,0,0,0,0,0,0,13.6012,0,13.6012,0,0,0,0,244.822,0,0,0,0,0,0,0,0,0,0,0,0,0,0,0,0,0,0,0,0,0,0,0,0,0,0,0,0,0,0,0,0,0,0,0,13.6012,0,0,0,0,13.6012,0,0,0
NRS,Yongala,YON,19.3085,147.6184,YON20160503,2016-05-03T00:01:00Z,2016-05-03T10:01:00Z,2016,5,3,10:01:00,26,26.8882,0.8183,35.3546,El Nino,14.9069,NA,0,0,0,0,0,0,0,0,0,0,0,0,0,0,0,0,0,0,0,0,0,0,0,0,0,0,0,0,0,0,0,0,0,0,0,0,0,0,13.6012,0,0,0,0,0,0,0,0,0,0,0,0,0,0,0,0,0,0,0,0,0,0,0,0,0,0,0,0,0,0,0,0,0,0,0,13.6012,54.4048,0,0,0,0,0,0,0,0,0,0,0,0,0,0,122.411,0,0,0,0,0,0,0,0,0,0,0,0,0,0,0,0,0,0,0,0,0,0,0,27.2024,0,0,0,0,0,0,27.2024,0,0,0,0,0,530.4477,0,0,0,0,190.4171,0,0,0,0,0,0,0,0,0,0,0,0,0,0,95.2086,0,0,0,0,0,0,353.6318,0,0,0,0,0,0,0,0,0,0,0,0,0,0,0,0,0,0,0,0,0,0,0,0,0,0,0,0,0,0,0,0,0,0,0,27.2024,0,0,0,0,0,0,0,0
NRS,Yongala,YON,19.3085,147.6184,YON20160601,2016-06-01T00:46:00Z,2016-06-01T10:46:00Z,2016,6,1,10:46:00,26,25.9532,0.3962,35.5626,Neutral,26.3864,NA,0,0,0,0,0,0,0,0,6.8006,0,0,0,0,0,0,0,0,0,0,0,0,0,0,0,0,0,0,0,0,0,0,0,0,0,0,0,0,0,27.2024,0,0,0,0,0,0,0,0,0,0,6.8006,0,0,0,0,0,0,0,0,0,0,0,0,6.8006,0,0,0,0,0,0,0,6.8006,0,0,0,13.6012,6.8006,0,0,0,0,0,0,0,0,0,0,0,0,0,0,27.2024,0,0,0,6.8006,0,0,0,0,0,0,0,0,0,0,0,0,0,0,0,0,0,0,0,6.8006,0,0,0,0,0,13.6012,0,0,0,0,0,0,34.0031,13.6012,0,0,0,0,0,0,0,0,0,0,0,0,6.8006,0,0,0,0,0,6.8006,0,61.2055,0,0,0,0,0,0,0,0,0,0,0,0,0,0,0,0,0,0,0,0,0,0,0,0,0,0,0,0,0,0,6.8006,0,0,0,6.8006,0,0,0,0,0,0,0,0,0,0,13.6012,0,0,0
NRS,Yongala,YON,19.3085,147.6184,YON20160624,2016-06-24T00:00:00Z,2016-06-24T10:00:00Z,2016,6,24,10:00:00,26,24.8385,0.2424,35.6168,Neutral,12.2003,NA,0,0,0,0,0,0,0,0,0,0,0,0,0,0,0,0,0,0,0,0,0,0,0,0,0,0,0,0,0,0,0,0,0,0,13.6012,0,0,0,0,0,0,13.6012,0,0,0,0,0,0,0,0,0,0,0,0,0,0,0,0,0,0,0,0,0,0,0,0,0,0,0,0,0,0,0,0,0,27.2024,0,0,0,0,0,0,0,0,0,0,0,0,0,0,13.6012,0,0,0,0,0,0,0,0,0,0,0,0,0,0,0,0,0,0,0,0,0,0,0,0,0,0,0,0,0,0,95.2086,0,0,0,0,0,95.2086,13.6012,0,0,0,299.2269,0,13.6012,0,0,0,0,0,0,0,0,0,0,0,0,68.0061,0,40.8036,0,0,0,0,312.8281,0,0,0,0,0,0,0,0,0,0,0,0,0,0,0,0,0,0,0,0,0,0,0,0,0,0,0,0,0,0,0,0,0,0,0,0,0,0,0,0,27.2024,0,0,0
NRS,Yongala,YON,19.3085,147.6184,YON20160725,2016-07-25T00:25:00Z,2016-07-25T10:25:00Z,2016,7,25,10:25:00,26,24.1749,0.0724,35.4443,La Nina,12.1459,NA,0,0,0,0,0,0,0,0,0,0,0,0,0,0,0,0,0,0,0,0,0,0,0,0,0,0,0,0,0,0,0,0,0,0,0,0,0,0,2.2669,0,0,4.5337,0,0,9.0675,0,0,24.9356,0,0,0,0,0,4.5337,0,0,0,0,0,0,0,0,2.2669,0,0,0,0,0,0,0,0,0,0,0,0,0,0,0,0,0,0,0,0,0,0,0,0,0,0,0,9.0675,0,0,0,0,0,0,0,0,0,0,0,0,0,0,0,0,0,0,0,0,0,0,0,2.2669,6.8006,0,0,0,0,0,0,0,0,0,0,0,6.8006,0,0,0,0,0,0,0,0,0,0,0,0,0,0,0,0,0,0,0,2.2669,0,38.5368,0,0,0,0,0,0,0,0,0,0,0,0,0,0,0,0,0,0,0,0,0,0,0,0,0,0,0,0,0,0,0,0,0,0,0,0,0,0,0,0,0,0,0,0,0,2.2669,0,0,0
NRS,Yongala,YON,19.3085,147.6184,YON20160823,2016-08-23T00:19:00Z,2016-08-23T10:19:00Z,2016,8,23,10:19:00,26,23.1208,0.0506,35.6291,Neutral,13.3428,NA,6.8006,0,0,0,0,0,0,0,0,0,0,0,0,0,0,0,0,0,0,0,0,0,0,0,0,0,0,0,0,0,0,0,0,0,6.8006,0,0,0,0,0,0,0,0,0,20.4018,0,0,13.6012,0,0,0,0,0,0,0,0,0,0,0,0,0,0,0,0,0,0,0,13.6012,0,0,0,0,0,0,0,0,0,0,0,0,0,0,0,0,0,0,0,0,0,0,0,0,0,0,0,0,0,0,0,0,0,0,0,0,0,0,0,0,0,0,0,0,0,0,0,0,0,0,0,0,0,6.8006,0,0,0,0,0,6.8006,102.0092,0,0,0,27.2024,0,0,0,0,0,0,0,0,0,0,0,0,0,0,6.8006,0,0,0,0,0,0,40.8037,0,0,0,0,0,0,0,0,0,0,0,0,0,0,0,0,0,0,0,0,0,0,0,0,0,0,0,0,0,0,0,0,0,0,0,0,0,0,0,0,0,0,0,0
NRS,Yongala,YON,19.3085,147.6184,YON20160927,2016-09-27T00:33:00Z,2016-09-27T10:33:00Z,2016,9,27,10:33:00,26,25.026,24.2746,35.7355,Neutral,11.697,NA,0,0,0,0,0,0,0,0,0,0,0,0,0,0,0,0,0,0,0,0,0,0,0,0,0,0,0,0,0,0,0,0,0,0,0,0,0,0,5.4405,0,0,0,0,0,0,0,0,0,0,2.7202,0,0,0,0,0,0,0,0,0,0,0,0,0,0,0,0,0,0,0,0,0,0,0,0,2.7202,13.6012,0,0,0,0,0,0,0,0,0,0,0,0,0,0,35.3631,0,0,0,0,0,0,0,0,0,0,0,0,0,0,0,0,0,0,5.4405,0,0,0,0,0,0,0,0,0,0,2.7202,8.1607,0,0,0,0,0,8.1607,29.9227,0,0,0,2.7202,0,0,0,0,0,0,0,0,0,0,0,0,0,0,16.3215,0,8.1607,0,0,0,0,21.762,0,0,0,0,0,0,0,0,0,0,0,0,0,0,0,0,0,0,0,0,0,0,0,0,0,0,0,0,0,8.1607,0,0,0,0,0,0,0,0,0,0,0,0,0,0
NRS,Yongala,YON,19.3085,147.6184,YON20161012,2016-10-12T00:26:00Z,2016-10-12T10:26:00Z,2016,10,12,10:26:00,26,25.7797,0.4693,35.5909,Neutral,14.4037,NA,0,0,0,0,0,0,0,0,0,0,0,0,0,0,0,0,0,0,0,0,0,0,0,0,0,0,0,0,0,0,0,0,0,0,0,0,0,0,22.6687,0,0,0,0,0,0,0,0,0,0,0,0,0,0,0,0,0,0,0,0,0,0,0,0,0,0,0,0,0,0,0,0,0,0,0,4.5337,0,0,0,0,0,0,0,0,0,0,0,0,0,0,0,27.2024,0,0,0,4.5337,0,0,0,0,0,0,0,0,0,0,0,0,0,0,18.135,0,0,0,0,4.5337,0,0,0,0,0,40.8037,0,0,0,0,0,0,31.7362,0,0,0,0,0,0,4.5337,0,0,4.5337,0,0,0,4.5337,0,0,4.5337,0,0,4.5337,0,13.6012,0,0,0,0,0,0,0,0,0,0,0,0,0,0,0,0,0,0,0,0,0,0,0,0,0,0,0,0,0,0,0,0,0,0,0,0,0,0,0,0,0,0,0,0,0,4.5337,0,0,0
NRS,Yongala,YON,19.3085,147.6184,YON20161108,2016-11-08T00:50:00Z,2016-11-08T10:50:00Z,2016,11,8,10:50:00,26,27.5091,0.3268,35.7446,Neutral,22.714,NA,0,0,0,13.6012,0,0,0,0,0,0,0,0,0,0,0,0,0,0,0,0,0,0,13.6012,0,0,0,0,0,0,0,0,0,0,0,0,0,0,0,0,0,0,0,0,0,0,0,0,0,0,0,0,0,0,0,0,0,0,0,0,0,0,0,27.2024,0,0,0,0,0,0,40.8037,0,13.6012,0,0,13.6012,13.6012,0,0,0,0,0,0,0,0,0,0,0,0,0,0,68.0061,0,0,0,0,0,0,0,0,0,0,0,0,0,0,0,0,0,0,13.6012,0,0,0,0,27.2024,0,0,0,0,0,13.6012,0,0,0,0,0,0,40.8037,40.8037,0,0,0,0,0,0,0,0,95.2086,0,0,0,0,0,0,0,0,0,136.0122,0,40.8037,0,0,0,0,0,0,0,0,0,0,0,0,0,0,0,0,0,0,0,0,0,0,0,0,0,0,0,0,0,0,0,0,0,0,0,0,0,40.8037,0,0,0,0,0,0,0,0,0,0,0
NRS,Yongala,YON,19.3085,147.6184,YON20161207,2016-12-07T00:15:00Z,2016-12-07T10:15:00Z,2016,12,7,10:15:00,26,28.0501,0.4727,35.7754,Neutral,18.5113,NA,0,0,0,0,0,0,0,0,0,0,0,0,0,0,0,0,0,0,0,0,0,0,0,0,0,0,0,0,0,0,0,0,0,0,0,0,0,0,0,0,0,27.2024,0,0,0,0,0,0,0,0,0,0,0,0,0,0,0,0,0,0,0,0,0,0,0,0,0,0,0,6.8006,0,0,0,0,0,6.8006,0,0,0,0,0,0,0,0,0,0,0,0,0,0,13.6012,0,0,0,0,0,0,0,0,0,0,0,0,0,0,0,0,0,0,0,0,0,6.8006,0,13.6012,0,0,0,0,0,0,6.8006,0,0,0,0,0,20.4018,34.0031,0,0,0,54.4049,0,13.6012,0,0,0,0,0,0,0,0,0,0,0,0,13.6012,0,34.003,0,0,0,0,163.2147,0,0,0,0,0,0,0,0,0,0,0,0,0,0,0,0,0,0,0,0,0,0,0,0,0,0,0,0,0,0,0,0,0,0,0,0,0,0,0,0,0,0,0,0
NRS,Yongala,YON,19.3085,147.6184,YON20170120,2017-01-20T00:00:00Z,2017-01-20T10:00:00Z,2017,1,20,10:00:00,26,29.4571,0.2484,35.5832,Neutral,21.8844,NA,0,0,27.2024,27.2024,0,0,0,0,0,27.2024,0,0,0,0,0,0,0,0,0,0,0,0,0,0,0,0,0,0,0,0,0,0,0,0,0,0,0,0,27.2024,0,0,81.6073,0,0,0,0,0,0,0,0,0,0,0,0,0,0,0,0,0,0,0,0,0,0,0,0,0,0,0,0,27.2024,0,0,0,0,0,0,0,0,0,0,0,0,0,0,0,0,0,0,0,326.4294,0,0,0,0,0,0,0,0,0,0,0,0,0,0,0,0,0,0,108.8097,0,0,0,0,0,0,0,0,0,0,0,27.2024,0,0,0,0,0,190.4171,27.2024,0,0,0,217.6196,0,0,0,0,0,0,0,0,0,0,0,0,0,0,0,0,27.2024,0,0,0,0,353.6318,0,0,0,0,0,0,0,0,0,0,0,0,0,0,0,0,0,0,0,0,0,0,0,0,0,0,0,0,0,27.2024,0,0,27.2024,0,0,0,0,0,0,0,0,0,0,0
NRS,Yongala,YON,19.3085,147.6184,YON20170220,2017-02-20T00:29:00Z,2017-02-20T10:29:00Z,2017,2,20,10:29:00,26,29.7967,0.3706,35.501,Neutral,7.2086,NA,0,0,0,0,0,0,0,0,0,0,0,0,0,0,0,0,0,0,0,0,0,0,0,0,0,0,0,0,0,0,0,0,0,0,0,0,0,0,0,0,0,40.8037,0,0,0,0,0,0,0,0,0,0,0,0,0,0,0,0,0,0,0,0,0,0,0,0,0,0,0,0,13.6012,0,0,0,0,0,0,0,0,0,0,0,0,0,0,0,0,0,0,0,68.0061,0,0,0,0,0,0,0,0,0,0,0,0,0,0,0,0,0,0,0,0,0,0,0,54.4049,0,0,0,0,0,0,27.2024,0,0,0,0,0,149.6135,13.6012,0,0,0,163.2147,0,0,0,0,0,0,0,0,0,0,0,0,0,13.6012,13.6012,0,0,0,0,0,0,231.2208,0,0,0,0,0,0,0,0,0,0,0,0,0,0,0,0,0,0,0,0,0,0,0,0,0,0,0,0,0,0,0,0,0,0,0,0,0,0,0,0,0,0,0,0
NRS,Yongala,YON,19.3085,147.6184,YON20170322,2017-03-22T02:00:00Z,2017-03-22T12:00:00Z,2017,3,22,12:00:00,25,30.1164,0.2189,35.3026,Neutral,21.5008,NA,0,0,0,0,0,0,0,0,28.2905,0,0,0,0,0,0,0,0,0,0,0,0,0,0,0,0,0,0,0,0,0,0,0,0,0,28.2905,0,0,0,0,0,0,84.8716,0,0,0,0,0,0,0,0,0,0,0,0,0,0,0,0,0,0,0,0,0,0,0,0,0,0,0,28.2905,0,0,0,0,56.5811,56.581,0,0,0,0,0,0,0,0,0,0,0,0,0,0,848.7164,0,0,0,0,0,0,0,0,0,0,0,0,0,0,0,0,0,0,0,0,0,0,0,311.196,0,0,0,0,0,0,113.1622,0,0,0,0,0,707.2636,0,0,0,0,141.4527,0,0,0,0,0,0,0,0,0,0,0,0,0,0,198.0338,0,28.2905,0,0,0,0,933.5879,0,0,0,0,0,0,0,0,0,0,0,0,0,0,0,0,0,0,0,0,0,0,0,0,0,0,0,0,0,0,0,0,0,0,0,0,0,0,0,0,28.2905,0,0,0
NRS,Yongala,YON,19.3085,147.6184,YON20170426,2017-04-26T00:20:00Z,2017-04-26T10:20:00Z,2017,4,26,10:20:00,25,26.3585,0.5451,34.8349,Neutral,29.8748,NA,0,0,0,0,0,0,0,0,18.8604,0,0,0,0,0,0,0,0,0,0,0,0,0,0,0,0,0,0,0,0,0,0,0,0,0,0,0,0,0,18.8604,0,0,0,0,0,0,0,0,0,0,0,0,0,0,0,0,0,0,0,0,0,0,0,0,0,0,0,0,0,0,0,0,0,0,0,12.5736,12.5736,6.2868,6.2868,0,0,0,0,0,0,0,0,0,0,0,0,81.7283,0,0,0,6.2868,0,0,0,0,0,0,0,0,0,0,0,0,0,0,0,0,0,0,0,6.2868,0,0,0,0,0,0,6.2868,0,0,0,0,0,62.8679,6.2868,0,0,0,18.8604,0,25.1472,0,0,0,0,0,0,0,0,0,0,0,0,100.5886,0,0,0,0,0,0,88.0151,0,0,0,0,0,0,0,0,0,0,0,0,0,0,0,0,0,0,0,0,0,0,0,0,0,0,0,0,0,6.2868,0,0,0,0,0,0,0,0,0,0,6.2868,0,0,0
NRS,Yongala,YON,19.3085,147.6184,YON20170528,2017-05-28T22:11:00Z,2017-05-29T08:11:00Z,2017,5,29,8:11:00,25,24.8458,0.2556,35.2927,Neutral,17.9786,NA,0,0,0,0,0,0,0,0,7.0726,0,0,0,0,0,0,0,0,0,0,0,0,0,0,0,0,0,0,0,0,0,0,0,0,0,0,0,0,0,14.1453,0,0,14.1453,0,0,7.0726,0,0,7.0726,0,0,0,0,0,0,0,0,0,0,0,0,0,0,0,0,0,0,0,0,0,0,0,0,0,0,14.1453,7.0726,28.2905,0,0,0,0,0,0,0,0,0,0,0,0,0,0,0,0,0,0,0,0,0,0,0,0,0,0,0,0,0,0,0,0,0,0,0,0,0,35.3631,0,0,0,0,0,0,28.2905,0,0,0,0,0,42.4358,21.2179,0,0,14.1453,141.4527,0,14.1453,0,0,0,0,7.0726,0,0,0,0,0,0,0,28.2905,0,56.5811,0,0,0,0,84.8716,0,0,0,0,0,0,0,0,0,0,0,0,0,0,0,0,0,0,0,0,0,0,0,0,0,0,0,0,0,0,0,0,0,0,0,0,0,0,0,0,7.0726,0,0,0
NRS,Yongala,YON,19.3085,147.6184,YON20170705,2017-07-05T00:21:00Z,2017-07-05T10:21:00Z,2017,7,5,10:21:00,25,22.5472,0.2022,35.2818,La Nina,22.6041,NA,0,0,0,14.1453,0,0,0,0,0,0,0,0,0,0,0,0,0,0,0,0,0,0,0,0,0,0,0,0,0,0,0,0,0,0,0,0,0,0,14.1453,0,0,0,0,0,0,0,0,0,0,0,0,0,0,0,0,0,0,0,0,0,0,0,0,0,0,0,0,0,0,0,0,0,28.2905,0,0,14.1453,0,0,0,0,0,0,42.4358,0,0,0,0,0,0,0,0,0,0,0,0,0,0,0,0,0,0,0,0,0,0,0,0,0,0,0,0,0,0,0,0,28.2905,0,0,0,0,0,14.1453,0,0,0,0,0,183.8885,0,0,0,0,28.2905,0,0,0,0,0,0,0,0,0,0,0,0,0,0,113.1622,0,0,0,0,0,0,70.7264,0,0,0,0,0,0,0,0,0,0,0,0,0,0,0,0,0,0,0,0,0,0,0,0,0,0,0,0,0,0,0,0,0,0,0,0,0,0,0,0,0,0,0,0
NRS,Yongala,YON,19.3085,147.6184,YON20170724,2017-07-24T00:45:00Z,2017-07-24T10:45:00Z,2017,7,24,10:45:00,25,23.4188,0.2721,35.4064,La Nina,4.9933,NA,0,0,0,0,0,0,0,0,4.7151,0,0,0,0,0,0,0,0,0,0,0,0,0,0,0,0,0,0,0,0,0,0,0,0,0,0,0,0,0,0,0,0,0,0,0,0,0,0,0,0,0,0,0,0,0,0,0,0,0,0,0,0,0,0,0,0,0,0,4.7151,0,0,0,0,0,0,0,0,0,0,0,0,0,0,14.1453,0,0,0,0,0,0,0,0,0,0,0,0,0,0,0,0,0,0,0,0,0,0,0,0,0,0,0,0,0,0,0,0,0,0,0,0,0,0,42.4358,0,0,0,0,0,42.4358,18.8604,0,0,28.2905,37.7207,0,4.7151,0,0,0,0,0,0,0,0,0,0,0,0,0,0,42.4358,0,0,0,0,42.4358,0,0,0,0,0,0,0,0,0,0,0,0,0,0,0,0,0,0,0,0,0,0,0,0,0,0,0,0,0,0,0,0,0,0,0,0,0,0,0,0,0,0,0,0
NRS,Yongala,YON,19.3085,147.6184,YON20170816,2017-08-16T00:24:00Z,2017-08-16T10:24:00Z,2017,8,16,10:24:00,25,23.5214,0.233,35.4811,La Nina,6.0683,NA,0,0,0,0,0,0,0,0,0,0,0,0,0,0,0,0,0,0,0,0,0,0,0,0,0,0,0,0,0,0,0,0,0,0,0,0,0,0,0,0,0,0,0,0,0,0,0,0,0,0,0,0,0,0,0,0,0,0,0,0,0,0,0,0,0,0,0,0,0,0,0,0,0,0,0,5.6581,5.6581,0,0,0,0,0,0,0,0,0,0,0,0,0,0,0,11.3162,0,0,0,0,0,0,0,0,0,0,0,0,0,0,0,0,0,0,0,0,0,5.6581,0,0,0,0,0,0,11.3162,0,0,0,0,0,39.6068,79.2135,0,0,0,22.6324,0,5.6581,0,0,0,0,0,0,0,0,0,0,0,0,0,0,11.3162,0,0,0,0,28.2905,0,0,0,0,0,0,0,0,0,0,0,0,0,0,0,0,0,0,0,0,0,0,0,0,0,0,0,0,0,0,0,0,0,0,0,0,0,0,0,0,0,0,0,0
NRS,Yongala,YON,19.3085,147.6184,YON20170906,2017-09-06T00:00:00Z,2017-09-06T10:00:00Z,2017,9,6,10:00:00,25,23.905,0.469,35.6166,La Nina,16.5641,NA,0,0,28.2905,0,0,0,0,0,0,0,0,0,0,0,0,0,0,0,0,0,0,0,0,0,0,0,0,0,0,0,0,0,0,0,0,0,0,0,0,0,0,0,0,0,0,0,0,0,0,0,0,0,0,0,0,0,0,0,0,0,0,0,0,0,0,0,0,0,0,0,0,0,0,0,0,42.4358,0,0,0,0,0,0,0,0,0,0,0,0,0,0,0,0,0,0,0,0,0,0,0,0,0,0,0,0,0,0,0,0,0,0,0,0,0,0,14.1453,0,0,0,0,0,0,0,0,0,0,0,0,141.4527,198.0338,0,0,0,70.7264,0,14.1453,0,0,0,0,0,0,0,0,0,0,0,0,99.0169,0,28.2906,0,0,0,0,84.8716,0,0,0,0,0,0,0,0,0,0,0,14.1453,0,0,0,0,0,0,0,0,0,0,0,0,0,0,0,0,0,0,0,0,0,0,0,0,0,0,0,0,0,0,0,0
NRS,Yongala,YON,19.3085,147.6184,YON20171025,2017-10-25T23:56:00Z,2017-10-26T09:56:00Z,2017,10,26,9:56:00,26,26.1153,0.33835714285714286,35.3655,La Nina,17.736,NA,0,0,0,0,0,0,0,0,0,0,0,0,0,0,0,0,0,0,0,0,0,0,0,0,0,0,0,0,0,0,0,0,0,0,0,0,0,0,0,0,0,0,0,0,0,0,0,0,0,0,0,0,0,0,0,0,0,0,0,0,0,0,0,0,0,0,0,0,0,0,0,0,0,0,0,27.2024,0,0,0,0,0,0,0,0,0,0,0,0,0,0,489.644,0,0,0,0,0,0,0,0,0,0,0,0,0,0,0,0,0,0,0,0,0,0,0,27.2024,81.6073,0,0,0,0,0,54.4049,0,0,0,0,0,380.8342,54.4049,0,0,0,136.0122,0,0,0,0,0,0,0,0,0,0,0,0,0,0,0,0,54.4049,0,0,0,0,408.0367,0,0,0,0,0,0,0,0,0,0,0,0,0,0,0,0,0,0,0,0,0,0,0,0,0,0,0,0,0,0,0,0,0,0,0,0,0,0,0,0,0,0,0,0
NRS,Yongala,YON,19.3085,147.6184,YON20171130,2017-11-30T00:34:00Z,2017-11-30T10:34:00Z,2017,11,30,10:34:00,26,26.6612,0.1429,35.4586,La Nina,9.9017,NA,0,0,6.8006,6.8006,0,0,0,0,6.8006,0,0,0,0,0,0,0,0,0,0,0,0,0,0,0,0,0,0,0,0,0,0,0,0,0,0,0,0,0,0,0,0,6.8006,0,0,0,0,0,0,0,0,0,0,0,0,0,0,0,0,0,0,6.8006,0,0,0,0,0,0,0,0,0,0,0,0,0,0,13.6012,0,0,0,0,0,0,0,0,0,0,0,0,0,0,0,0,0,0,0,0,0,0,0,0,0,0,0,0,0,0,0,0,0,40.8037,0,0,0,0,6.8006,6.8006,0,0,0,0,13.6012,0,0,0,0,0,0,20.4018,6.8006,0,0,13.6012,0,20.4018,0,0,0,0,0,0,0,0,0,0,0,0,0,6.8006,0,0,0,0,0,0,74.8067,0,0,0,0,0,0,0,0,0,0,0,0,0,0,0,0,0,0,0,0,0,0,0,0,0,0,0,0,0,0,0,0,0,0,0,0,0,0,0,0,0,0,0,0
NRS,Yongala,YON,19.3085,147.6184,YON20171215,2017-12-15T00:44:00Z,2017-12-15T10:44:00Z,2017,12,15,10:44:00,28,27.7612,0.109,35.5122,La Nina,34.7191,NA,0,0,0,0,0,0,0,0,0,0,0,0,0,0,0,0,0,0,0,0,0,0,0,0,0,0,0,0,0,0,0,0,0,0,0,0,0,0,0,0,0,0,0,0,0,0,0,0,0,0,0,0,0,0,0,0,0,0,0,0,0,0,0,0,0,0,0,0,0,0,0,0,0,0,0,75.7782,0,0,0,0,0,0,0,0,0,0,0,0,0,0,25.2594,0,0,0,0,0,0,0,0,0,0,0,0,0,0,0,0,0,0,126.297,0,0,0,0,0,25.2594,0,0,0,0,25.2594,0,0,0,0,0,0,176.8159,0,0,0,0,75.7782,0,50.5188,0,0,0,0,0,0,0,25.2594,0,0,0,0,0,0,25.2594,0,0,0,0,378.8912,0,0,0,0,0,0,0,0,0,0,0,0,0,0,0,0,0,0,0,0,0,0,0,0,0,0,0,0,0,0,0,0,0,0,0,0,0,0,0,0,25.2594,0,0,0
NRS,Yongala,YON,19.3085,147.6184,YON20180130,2018-01-30T00:05:00Z,2018-01-30T10:05:00Z,2018,1,30,10:05:00,26,28.2441,0.51066,35.2124,La Nina,18.5385,NA,0,0,0,0,0,0,0,0,0,0,0,0,0,0,0,0,0,0,0,0,0,0,0,0,0,0,0,0,0,0,0,0,0,0,0,0,0,0,0,0,0,40.8037,0,0,0,0,0,0,0,0,0,0,0,0,0,0,0,0,0,0,0,0,0,0,0,0,0,0,0,0,0,0,0,0,0,13.6012,0,0,0,0,0,0,0,0,0,0,0,0,0,0,122.411,0,0,0,0,0,0,0,0,0,0,0,0,0,0,0,0,0,0,0,0,0,0,0,27.2024,13.6012,0,0,0,0,0,40.8037,0,0,0,0,0,380.8342,13.6012,0,0,0,81.6073,0,0,0,0,0,0,0,0,0,0,0,0,0,0,13.6012,0,163.2147,0,0,0,0,0,0,0,0,0,0,0,0,0,0,0,0,0,0,0,0,0,0,0,0,0,0,0,0,0,0,0,0,0,0,0,0,13.6012,0,0,0,0,0,0,0,0,0,0,0,0
NRS,Yongala,YON,19.3085,147.6184,YON20180220,2018-02-20T00:30:00Z,2018-02-20T10:30:00Z,2018,2,20,10:30:00,26,28.8352,2.6224,35.179,La Nina,21.3267,NA,0,0,0,0,0,0,0,0,0,0,0,0,0,0,0,0,0,0,0,0,0,0,0,0,0,0,0,0,0,0,0,0,0,0,0,0,0,0,0,0,0,27.2024,0,0,0,0,0,0,0,0,0,0,0,0,0,0,0,0,0,0,0,0,0,0,0,0,0,0,0,0,27.2024,0,0,0,27.2024,27.2024,0,0,0,0,0,0,0,0,0,0,0,0,0,0,136.0121,0,0,0,0,0,0,0,0,0,0,0,0,0,0,0,0,0,0,0,0,0,0,0,0,0,0,0,0,0,0,54.4049,0,0,0,0,0,380.8342,0,0,0,0,190.4171,0,0,0,0,0,0,0,0,27.2024,27.2024,0,0,0,0,27.2024,0,27.2024,0,0,0,0,897.6807,0,0,0,0,0,0,0,0,0,0,0,0,0,0,0,0,0,0,0,0,0,0,0,0,0,0,0,0,0,0,0,0,0,0,0,27.2024,0,0,0,0,0,0,0,0
NRS,Yongala,YON,19.3085,147.6184,YON20180329,2018-03-29T00:27:00Z,2018-03-29T10:27:00Z,2018,3,29,10:27:00,26,27.5689,2.7296,34.6217,La Nina,24.1966,NA,0,0,0,0,0,0,0,0,0,0,0,0,0,0,0,0,0,0,0,0,0,0,0,0,0,0,0,0,0,0,0,0,0,0,0,0,0,0,54.4048,0,0,0,0,27.2024,0,0,0,0,0,0,0,0,0,0,0,0,0,0,0,0,0,0,0,0,0,0,0,0,0,0,0,0,0,0,0,27.2024,0,0,0,0,0,0,0,0,0,0,0,0,0,0,27.2024,0,0,0,0,0,0,0,0,0,0,0,0,0,0,0,0,0,0,0,0,0,0,0,54.4049,0,0,0,0,0,0,54.4049,0,0,0,0,0,299.2269,54.4049,0,0,0,108.8098,0,0,0,0,0,0,0,0,0,54.4049,0,0,0,0,0,0,136.0122,0,0,0,0,462.4416,0,0,0,0,0,0,0,0,0,0,0,0,0,0,0,0,0,0,0,0,0,0,0,0,0,0,0,0,0,0,0,0,0,0,0,0,0,0,0,0,0,0,0,0
NRS,Yongala,YON,19.3085,147.6184,YON20180425,2018-04-25T23:48:00Z,2018-04-26T09:48:00Z,2018,4,26,9:48:00,25,26.6959,1.6575,35.2432,La Nina,12.1932,NA,0,0,0,0,0,0,0,0,0,0,0,0,0,0,0,0,0,0,0,0,0,0,0,0,0,0,0,0,0,0,0,0,0,0,0,0,0,0,42.4358,0,0,0,0,0,0,0,0,0,0,0,0,0,0,0,0,0,0,0,0,0,0,0,0,0,0,0,0,0,0,0,0,0,0,0,0,14.1453,0,0,0,0,0,0,0,0,0,0,0,0,0,0,28.2905,0,0,0,0,0,0,0,0,0,0,0,0,0,0,0,0,0,0,0,0,0,0,0,14.1453,0,0,0,0,0,0,84.8716,0,0,0,0,0,226.3244,14.1453,0,0,0,99.0169,0,0,0,0,0,0,0,0,0,0,0,0,0,0,14.1453,0,0,0,0,0,0,99.0169,0,0,0,0,0,0,0,0,0,0,0,0,0,0,0,0,0,0,0,0,0,0,0,0,0,0,0,0,0,0,0,0,0,0,0,0,0,0,0,0,0,0,0,0
NRS,Yongala,YON,19.3085,147.6184,YON20180602,2018-06-02T23:10:00Z,2018-06-03T09:10:00Z,2018,6,3,9:10:00,25,23.6172,0.1441,35.5307,La Nina,18.1625,NA,0,0,0,0,0,0,0,0,0,0,0,0,0,0,0,0,0,0,0,0,0,0,0,0,0,0,0,0,0,0,0,0,0,0,0,0,0,0,0,0,0,0,0,0,0,0,0,0,0,0,0,0,0,0,0,0,0,0,0,0,0,0,0,0,0,0,0,0,0,0,0,0,0,0,0,2.829,1.4145,0,0,0,0,0,7.0726,0,0,0,0,0,0,0,14.1452,0,0,0,0,0,0,0,0,0,0,0,0,0,0,0,0,0,0,0,0,0,0,0,2.8291,2.829,0,0,0,0,0,0,0,0,0,0,0,7.0726,2.8291,0,0,0,1.4145,0,2.8291,0,0,0,0,0,0,0,0,0,0,0,0,14.1453,0,0,0,0,0,0,12.7307,0,0,0,0,0,0,0,0,0,0,0,0,0,0,0,0,0,0,0,0,0,0,0,0,0,0,0,0,1.4145,0,0,0,0,0,0,0,0,0,0,0,0,0,0,0
NRS,Yongala,YON,19.3085,147.6184,YON20180621,2018-06-21T01:30:00Z,2018-06-21T11:30:00Z,2018,6,21,11:30:00,25,22.7226,1.4068,35.5922,La Nina,21.8686,NA,0,0,0,0,0,0,0,0,0,0,0,0,0,0,0,0,0,0,0,0,0,0,7.0726,0,0,0,0,0,0,0,0,0,0,0,0,0,0,0,49.5085,0,0,0,0,0,0,0,0,0,0,0,0,0,0,0,0,0,0,0,0,0,0,0,0,0,0,0,0,0,0,0,0,0,0,0,0,0,0,0,0,0,0,0,84.8716,0,0,0,0,0,0,0,14.1453,0,0,0,0,0,0,0,0,0,0,0,0,0,0,0,0,0,0,0,0,0,0,0,14.1453,0,0,0,0,0,0,0,0,0,0,0,0,63.6537,21.2179,0,0,0,28.2905,0,0,0,0,0,0,0,0,0,0,0,0,0,0,176.8159,0,7.0726,0,0,0,0,42.4358,0,0,0,0,0,0,0,0,0,0,0,0,0,0,0,0,0,0,0,0,0,0,0,0,0,0,0,0,0,7.0726,0,0,0,0,0,0,0,0,0,0,7.0726,0,0,0
NRS,Yongala,YON,19.3085,147.6184,YON20180720,2018-07-20T00:56:00Z,2018-07-20T10:56:00Z,2018,7,20,10:56:00,20,22.6003,0.9884,35.444,Neutral,16.8152,NA,0,0,0,0,0,0,0,0,0,0,0,0,0,0,0,0,0,0,0,0,0,0,0,0,0,0,0,0,0,0,0,0,0,0,4.4204,0,0,0,26.5224,0,0,0,0,0,0,0,0,0,0,0,0,0,0,0,0,0,0,0,0,0,0,0,0,0,0,0,0,4.4204,0,0,0,0,0,0,0,0,0,0,0,0,0,0,0,0,0,0,0,0,0,0,26.5224,0,0,0,0,0,0,0,0,0,0,0,0,0,0,0,0,0,0,0,0,0,0,0,4.4204,0,0,0,0,0,4.4204,8.8408,0,0,0,0,0,22.102,17.6816,0,0,0,97.2487,0,0,0,0,0,0,0,0,0,0,0,0,0,0,4.4204,0,13.2612,0,0,0,0,4.4204,0,0,0,0,0,0,0,0,0,0,0,0,0,0,0,0,0,0,0,0,0,0,0,0,0,0,0,0,0,0,0,0,0,0,0,0,0,0,0,0,0,0,0,0
NRS,Yongala,YON,19.3085,147.6184,YON20180817,2018-08-17T00:23:00Z,2018-08-17T10:23:00Z,2018,8,17,10:23:00,20,22.9444,1.1343,35.4477,Neutral,21.8191,NA,0,0,0,0,0,0,0,0,0,0,0,0,0,0,0,0,0,0,0,0,0,0,0,0,0,0,0,0,0,0,0,0,0,0,0,0,0,0,0,0,0,0,0,0,0,0,0,17.6816,0,0,0,0,0,0,0,0,0,0,0,0,0,0,0,0,0,0,0,0,0,0,0,0,0,0,0,0,0,0,0,0,0,0,0,0,0,0,0,0,0,0,0,0,0,0,0,0,0,0,0,0,0,0,0,0,0,0,0,0,0,0,17.6816,0,0,0,0,0,0,0,0,0,0,0,0,0,0,0,0,265.2238,300.587,0,0,17.6816,17.6816,0,17.6816,17.6816,0,0,0,0,0,0,0,0,0,0,0,35.3632,0,0,0,0,0,0,17.6816,0,0,0,0,0,0,0,0,0,0,0,0,0,0,0,0,0,0,0,0,0,0,0,0,0,0,0,0,0,0,0,0,0,0,0,0,0,0,0,0,0,0,0,0
NRS,Yongala,YON,19.3085,147.6184,YON20180927,2018-09-27T00:52:00Z,2018-09-27T10:52:00Z,2018,9,27,10:52:00,20,24.1344,0.8536,35.4116,Neutral,11.8643,NA,0,0,0,0,0,0,0,0,0,21.2179,0,0,0,0,0,0,0,0,0,0,0,0,0,0,0,0,0,0,0,0,0,0,0,0,0,0,0,0,14.1453,0,0,0,0,0,7.0726,0,0,0,0,0,0,0,0,0,0,0,0,0,0,0,0,0,0,0,0,0,0,28.2905,0,0,0,0,7.0726,0,0,0,28.2905,0,7.0726,0,0,0,0,0,0,0,0,0,0,0,113.1621,0,7.0726,0,0,0,0,0,0,0,0,0,0,0,0,0,0,0,0,21.2179,0,0,0,0,77.799,0,0,0,0,0,0,0,0,0,14.1453,0,0,205.1064,21.2179,0,0,14.1453,84.8716,0,0,7.0726,0,0,0,0,0,0,0,0,0,0,7.0726,0,0,113.1622,0,0,0,0,42.4358,0,0,0,0,0,0,0,0,0,0,0,0,0,0,0,0,0,0,0,0,0,0,0,0,0,0,0,0,0,0,0,0,0,0,0,0,0,0,0,0,0,0,0,0
NRS,Yongala,YON,19.3085,147.6184,YON20181011,2018-10-11T00:54:00Z,2018-10-11T10:54:00Z,2018,10,11,10:54:00,20,24.7698,1.2179,35.5085,Neutral,20.988,NA,0,0,17.6816,0,0,0,0,0,0,0,0,0,0,0,0,0,0,0,0,0,0,0,0,0,0,0,0,0,0,0,0,0,0,0,0,0,0,0,0,0,0,0,0,0,0,0,0,0,0,0,0,0,0,0,0,0,0,0,0,0,0,0,0,0,0,0,0,0,0,0,0,0,0,0,0,0,0,0,0,0,0,0,0,0,0,0,0,0,0,0,388.9949,0,0,0,0,0,0,0,0,0,0,0,0,0,0,0,0,0,0,0,0,0,0,0,35.3632,0,0,0,0,0,0,0,0,0,0,0,0,247.5423,17.6816,0,0,35.3632,88.4079,0,0,0,0,0,0,0,0,0,0,0,0,0,0,0,0,35.3632,0,0,0,0,17.6816,0,0,0,0,0,0,0,0,0,0,0,0,0,0,0,0,0,0,0,0,0,0,0,0,0,0,0,0,0,0,0,0,0,0,0,0,0,0,0,0,0,0,0,0
NRS,Yongala,YON,19.3085,147.6184,YON20181123,2018-11-23T00:05:00Z,2018-11-23T10:05:00Z,2018,11,23,10:05:00,25,27.309,1.6177,35.5003,Neutral,18.6576,NA,0,0,0,0,0,0,0,0,0,0,0,0,0,0,0,0,0,0,0,0,0,0,0,0,0,0,0,0,0,0,0,0,0,0,0,0,0,0,14.1453,0,0,0,0,0,0,0,0,0,0,0,0,0,0,0,0,0,0,0,0,0,0,0,0,0,0,0,0,0,0,42.4358,0,0,0,0,0,0,0,0,0,0,0,0,0,0,0,0,0,0,0,0,169.7432,0,0,0,0,0,0,0,0,0,0,0,0,0,0,0,0,0,0,0,0,0,0,0,14.1453,14.1453,0,0,0,0,0,0,0,0,0,0,0,84.8716,0,0,0,0,226.3244,0,0,0,0,0,0,0,0,0,0,0,0,0,0,14.1453,0,28.2906,0,0,0,0,721.4088,0,0,0,0,0,0,0,0,0,0,0,0,0,0,0,0,0,0,0,0,0,0,0,0,0,0,0,0,0,0,0,0,0,0,0,0,0,0,0,0,0,0,0,0
NRS,Yongala,YON,19.3085,147.6184,YON20181213,2018-12-13T00:30:00Z,2018-12-13T10:30:00Z,2018,12,13,10:30:00,25,27.5204,1.7705,35.2992,Neutral,12.2781,NA,9.4302,0,0,0,0,0,0,0,9.4302,0,0,0,0,0,0,0,0,0,0,0,0,0,0,0,0,0,0,0,0,0,0,0,0,0,0,0,0,0,9.4302,0,0,9.4302,0,0,0,0,0,0,0,0,0,0,0,0,0,0,0,0,0,0,0,0,0,0,0,0,0,0,0,0,0,0,0,0,0,9.4302,0,0,0,0,0,0,0,0,0,0,0,0,0,0,226.3244,0,0,0,0,0,0,0,0,0,0,0,0,0,0,0,0,0,0,0,0,0,0,0,66.0112,0,0,0,0,0,0,9.4302,0,0,0,0,0,75.4415,56.5811,0,0,0,18.8604,0,0,0,0,0,0,0,0,0,18.8604,0,0,0,0,0,37.7207,28.2905,0,0,0,0,188.6036,0,0,0,0,0,9.4302,0,0,0,0,0,0,0,0,0,0,0,0,0,0,0,0,0,0,0,0,0,0,0,0,0,0,0,0,0,0,0,0,0,0,0,0,0,0
NRS,Yongala,YON,19.3085,147.6184,YON20190124,2019-01-24T01:12:00Z,2019-01-24T11:12:00Z,2019,1,24,11:12:00,25,28.0806,1.5934,35.02,Neutral,8.0486,NA,0,0,0,0,0,0,0,0,0,0,0,0,0,0,0,0,0,0,0,0,0,0,0,0,0,0,0,0,0,0,0,0,0,0,0,0,0,0,7.0726,0,0,63.6537,0,0,0,0,0,0,0,0,0,0,0,0,0,0,0,0,0,0,0,0,0,0,0,0,0,0,0,0,0,0,0,0,0,0,0,0,0,0,0,0,0,0,0,0,0,0,0,0,14.1453,0,0,0,7.0726,0,0,0,0,0,0,0,0,0,0,0,0,0,0,7.0726,0,0,0,0,14.1453,0,0,0,0,0,0,7.0726,0,0,0,0,0,49.5085,28.2905,0,0,0,120.2348,0,0,0,0,0,0,0,0,7.0726,14.1452,0,0,0,0,0,0,0,0,0,0,0,28.2905,0,0,0,0,0,0,0,0,0,0,0,0,0,0,0,0,0,0,0,0,0,0,0,0,0,0,0,0,0,0,0,0,0,0,0,0,0,0,0,0,0,0,0,0
NRS,Yongala,YON,19.3085,147.6184,YON20190213,2019-02-13T00:26:00Z,2019-02-13T10:26:00Z,2019,2,13,10:26:00,25,27.1677,8.5349,34.3054,Neutral,15.3335,NA,0,0,0,0,0,0,0,0,28.2905,0,0,0,0,0,0,0,0,0,0,0,0,0,0,0,0,0,0,0,0,0,0,14.1453,0,0,0,0,0,0,14.1453,0,0,42.4358,0,0,0,0,0,0,0,0,0,0,0,0,0,0,0,0,0,0,0,0,0,0,0,0,0,0,0,0,0,0,0,0,0,42.4358,0,0,0,0,0,0,0,0,0,0,0,0,0,0,127.3074,0,0,0,0,0,0,0,0,0,0,0,0,0,0,0,0,0,0,14.1453,0,0,0,0,0,0,0,0,0,0,0,0,0,0,0,0,0,70.7264,14.1453,0,0,0,212.1791,0,0,0,0,0,0,0,0,0,42.4358,0,0,0,0,14.1453,0,28.2906,0,0,0,0,268.7602,0,0,0,0,0,0,0,0,0,0,0,0,0,0,0,0,0,0,0,0,0,0,0,0,0,0,0,0,0,0,0,0,0,0,0,0,0,0,0,0,0,0,0,0
NRS,Yongala,YON,19.3085,147.6184,YON20190313,2019-03-13T00:10:00Z,2019-03-13T10:10:00Z,2019,3,13,10:10:00,25,28.0899,1.934,34.7054,El Nino,9.6046,NA,0,0,0,0,0,0,0,0,0,0,0,0,0,0,0,0,0,0,0,0,0,0,0,0,0,0,0,0,0,0,0,0,0,0,14.1453,0,0,0,14.1453,0,0,0,0,0,0,0,0,0,0,0,0,0,0,0,0,0,0,0,0,0,0,0,0,0,0,0,0,0,0,0,0,0,0,0,14.1453,0,0,0,0,0,0,0,0,0,0,0,0,0,0,0,14.1453,0,0,0,0,0,0,0,0,0,0,0,0,0,0,0,0,0,0,14.1453,0,0,0,0,14.1453,0,0,0,0,0,0,0,0,0,0,0,0,99.0169,42.4358,0,0,0,183.8885,0,0,0,0,0,0,0,0,0,42.4358,0,0,0,0,0,28.2905,28.2905,0,0,0,0,141.4527,0,0,0,0,0,0,0,0,0,0,0,0,0,0,0,0,0,0,0,0,0,0,0,0,0,0,0,0,0,0,0,0,0,0,0,0,0,0,0,0,14.1453,0,0,0
NRS,Yongala,YON,19.3085,147.6184,YON20190507,2019-05-07T01:30:00Z,2019-05-07T11:30:00Z,2019,5,7,11:30:00,26,26.0622,2.3358,34.9163,Neutral,36.6417,NA,0,0,0,0,0,0,0,0,0,0,0,0,0,0,0,0,0,0,0,0,0,0,0,0,0,0,0,0,0,0,0,0,0,0,0,0,0,0,13.6012,0,0,0,0,0,0,0,0,0,0,0,0,0,0,0,0,0,0,0,0,0,0,0,0,0,0,0,0,0,0,0,0,0,0,0,0,27.2024,0,0,0,0,0,0,54.4049,0,0,0,0,0,0,0,394.4355,0,0,0,0,0,0,0,0,0,0,0,0,0,0,0,0,0,0,0,0,0,0,0,54.4049,0,0,0,0,0,0,54.4049,0,0,0,0,0,163.2147,81.6073,0,0,0,163.2147,0,0,0,0,0,0,0,0,0,0,0,0,0,0,40.8037,0,13.6012,0,0,0,0,13.6012,0,0,0,0,0,0,0,0,0,0,0,0,0,0,0,0,0,0,0,0,0,0,0,0,0,0,0,0,0,0,0,0,0,0,0,0,0,0,0,0,0,0,0,0
NRS,Yongala,YON,19.3085,147.6184,YON20190528,2019-05-28T00:25:00Z,2019-05-28T10:25:00Z,2019,5,28,10:25:00,25,24.7109,2.5313,35.077,Neutral,23.9762,NA,0,0,0,0,0,0,0,0,0,14.1453,0,0,0,0,0,0,0,0,0,0,0,0,0,14.1453,0,0,0,0,0,0,0,0,0,0,0,0,0,0,14.1453,0,0,0,0,0,0,0,0,0,0,0,0,0,0,0,0,0,0,0,0,0,0,0,0,0,0,0,0,0,0,0,0,0,0,0,0,14.1453,0,0,0,0,0,0,0,0,0,0,0,0,0,0,141.4527,0,0,0,0,0,0,0,0,0,0,0,0,0,0,0,0,0,0,0,0,0,0,0,0,14.1453,0,0,0,0,0,42.4358,0,0,0,0,0,127.3074,28.2905,0,0,0,254.6149,0,14.1453,0,0,0,0,0,0,0,28.2905,0,0,0,0,113.1622,0,28.2906,0,0,0,0,14.1453,0,0,0,0,0,0,0,0,0,0,0,0,0,0,0,0,0,0,0,0,0,0,0,0,0,0,0,0,0,0,0,0,0,0,0,0,0,0,0,0,0,0,0,0
NRS,Yongala,YON,19.3085,147.6184,YON20190703,2019-07-03T00:50:00Z,2019-07-03T10:50:00Z,2019,7,3,10:50:00,26,22.4934,1.9443,35.3619,Neutral,50.3925,NA,0,0,0,0,0,0,0,0,5.4405,0,0,0,0,0,0,0,0,0,0,0,0,0,0,0,0,0,0,0,0,0,0,0,0,0,0,0,0,0,0,0,0,0,0,0,0,0,0,0,0,0,0,0,0,0,0,0,0,0,0,0,0,0,0,0,0,0,0,0,0,0,0,0,0,0,5.4405,0,0,0,0,0,0,0,10.881,0,0,0,0,0,0,0,92.4884,0,0,0,0,0,0,0,0,0,0,0,0,0,0,0,0,0,0,16.3215,0,0,0,0,0,0,0,0,0,0,0,5.4405,0,0,0,0,0,16.3215,59.8454,0,0,0,38.0834,0,0,0,0,0,0,0,0,0,0,0,0,0,0,114.2503,5.4405,21.762,0,0,0,0,21.762,0,0,0,0,0,0,0,0,0,0,0,0,0,0,0,0,0,0,0,0,0,0,0,0,0,0,0,0,0,5.4405,0,0,0,0,0,0,0,0,0,0,5.4405,0,0,0
NRS,Yongala,YON,19.3085,147.6184,YON20190808,2019-08-08T00:04:00Z,2019-08-08T10:04:00Z,2019,8,8,10:04:00,20,22.0289,1.2245,35.4771,Neutral,16.7091,NA,0,0,0,0,0,0,0,0,0,0,0,0,0,0,0,0,0,0,0,0,0,0,0,0,0,0,0,0,0,0,0,0,0,0,0,0,0,0,17.6816,0,0,0,0,0,53.0448,0,0,17.6816,0,0,0,0,0,0,0,0,0,0,0,0,0,0,0,0,0,0,0,0,0,0,0,0,17.6816,0,0,35.3632,35.3632,0,0,0,0,0,0,0,0,0,0,0,0,0,0,0,0,0,0,0,0,0,0,0,0,0,0,0,0,0,0,0,0,0,0,0,0,0,88.408,106.0895,0,0,0,0,0,0,0,0,0,0,0,0,194.4975,0,0,35.3632,123.7711,0,0,0,0,0,0,0,0,0,0,0,0,0,0,17.6816,0,0,0,0,0,0,0,0,0,0,0,0,0,0,0,0,0,0,0,0,0,0,0,0,0,0,0,0,0,0,0,0,0,0,0,0,0,0,0,0,0,0,0,0,0,0,0,0,0,0,0
NRS,Yongala,YON,19.3085,147.6184,YON20190826,2019-08-26T00:40:00Z,2019-08-26T10:40:00Z,2019,8,26,10:40:00,20,22.5093,0.1096,35.5367,Neutral,9.6895,NA,0,0,3.5363,0,0,0,0,0,0,0,0,0,0,0,0,0,0,0,0,0,0,0,0,0,0,0,0,0,0,0,0,0,0,0,7.0726,0,0,0,17.6816,0,0,0,0,0,3.5363,0,0,0,0,0,0,0,0,0,0,0,0,0,0,0,0,0,0,0,0,0,0,7.0726,0,0,0,0,0,0,0,0,0,0,0,0,0,0,0,0,0,0,0,0,0,0,3.5363,0,0,0,0,0,0,0,0,0,0,0,0,0,0,0,0,0,0,0,0,0,0,0,17.6816,3.5363,0,0,0,0,0,7.0726,0,0,0,0,0,24.7542,0,0,3.5363,3.5363,21.2179,0,0,0,0,0,0,0,0,0,0,0,0,0,0,0,0,7.0726,0,0,0,0,0,0,0,0,0,0,0,0,0,0,0,0,0,0,0,0,0,0,0,0,0,0,0,0,0,0,0,0,0,0,0,0,0,0,0,0,0,0,0,0,0,0,0,0,0
NRS,Yongala,YON,19.3085,147.6184,YON20190917,2019-09-17T00:10:00Z,2019-09-17T10:10:00Z,2019,9,17,10:10:00,20,23.0624,0.0522,35.5876,Neutral,8.1689,NA,0,0,7.0726,0,0,0,0,0,0,0,0,0,0,0,0,0,0,7.0726,0,0,0,0,0,0,0,0,0,0,0,0,0,0,0,0,0,0,0,0,7.0726,0,0,0,0,0,7.0726,0,0,0,0,0,0,0,0,0,0,0,0,0,0,0,0,0,0,0,0,0,0,14.1453,0,0,0,0,0,0,0,0,0,0,0,0,0,0,0,0,0,0,0,0,0,0,49.5084,0,0,0,14.1453,0,0,0,0,0,0,0,0,0,0,0,0,0,0,0,0,0,0,0,70.7263,0,0,0,0,0,0,0,0,0,0,0,0,14.1453,35.3632,0,0,91.9443,0,0,0,0,0,0,0,0,0,0,0,0,0,0,0,0,0,7.0726,0,0,0,0,0,0,0,0,0,0,0,0,0,0,0,0,0,0,0,0,0,0,0,0,0,0,0,0,0,0,0,0,0,0,0,0,0,0,0,0,0,0,0,0,0,0,0,0,0
NRS,Yongala,YON,19.3085,147.6184,YON20191009,2019-10-09T00:00:00Z,2019-10-09T10:00:00Z,2019,10,9,10:00:00,20,24.3016,0.0677,35.5447,Neutral,10.2907,NA,0,0,0,0,0,0,0,0,0,0,0,0,0,0,0,0,0,0,0,0,0,0,0,0,0,0,0,0,0,0,0,0,0,0,0,0,0,0,0,0,0,17.6816,0,0,0,0,0,8.8408,0,0,0,0,0,0,0,0,0,0,0,0,0,0,0,0,0,0,0,0,0,0,0,0,0,0,0,0,0,0,0,0,0,0,0,0,0,0,0,0,0,0,44.204,0,0,0,0,0,0,0,0,0,0,0,0,0,0,0,0,0,0,0,0,0,0,0,106.0896,17.6816,0,0,0,0,0,0,0,0,0,0,0,26.5224,79.5672,0,0,0,88.4079,0,8.8408,0,0,0,0,0,0,0,0,0,0,0,0,8.8408,0,17.6816,0,0,0,0,0,0,0,0,0,0,0,0,0,0,0,0,0,0,0,0,0,0,0,0,0,0,0,0,0,0,0,0,0,0,0,0,0,0,0,0,0,0,0,0,0,0,0,0,0
NRS,Yongala,YON,19.3085,147.6184,YON20191107,2019-11-07T00:10:00Z,2019-11-07T10:10:00Z,2019,11,7,10:10:00,20,26.449,0.2039,36.0704,Neutral,31.1903,NA,0,0,0,0,0,0,0,0,53.0448,0,0,0,0,0,0,0,0,0,0,0,0,0,35.3632,0,0,0,0,0,0,0,0,17.6816,0,0,0,0,0,0,0,0,0,0,0,0,0,0,0,0,0,0,0,0,0,0,0,0,0,0,0,0,0,0,0,0,0,0,0,0,0,0,53.0448,0,0,0,53.0448,17.6816,53.0448,0,0,0,0,0,0,0,0,0,0,0,0,0,141.4527,0,0,0,0,0,0,0,0,0,0,0,0,0,0,0,0,0,0,17.6816,0,0,0,0,176.8159,406.6765,0,0,0,0,17.6816,35.3632,0,0,0,0,0,318.2686,0,0,0,0,247.5423,0,53.0448,0,0,0,0,0,0,0,0,0,0,0,0,53.0448,0,0,0,0,0,0,724.9451,0,0,0,0,0,0,0,0,0,0,0,0,0,0,0,0,0,0,0,0,0,0,0,0,0,0,0,0,0,0,0,0,0,0,0,0,0,0,0,0,0,0,0,0
NRS,Yongala,YON,19.3085,147.6184,YON20191202,2019-12-02T23:45:00Z,2019-12-03T09:45:00Z,2019,12,3,9:45:00,20,26.8071,0.127,35.5894,Neutral,22.5087,NA,0,0,0,0,0,0,0,0,8.8408,0,0,0,0,0,0,0,0,0,0,0,0,0,0,0,0,0,0,0,0,0,0,0,0,0,0,0,0,0,0,0,0,70.7264,0,0,0,0,0,0,0,0,0,0,0,0,0,0,0,0,0,0,0,0,0,0,0,0,0,0,0,8.8408,0,0,0,0,17.6816,8.8408,0,0,0,0,0,0,0,0,0,0,0,0,0,0,141.4527,0,0,0,0,0,0,0,0,0,0,0,0,0,0,0,0,0,0,0,0,0,0,0,167.9751,61.8856,0,0,0,0,0,88.4079,0,0,0,0,0,79.5672,17.6816,0,0,0,17.6816,0,17.6816,0,0,0,0,0,0,0,0,0,0,0,0,17.6816,0,35.3632,0,0,0,0,70.7264,0,0,0,0,0,0,0,0,0,0,0,0,0,0,0,0,0,0,0,0,0,0,0,0,0,0,0,0,0,0,0,0,0,0,0,0,0,0,0,0,0,0,0,0
NRS,Yongala,YON,19.3085,147.6184,YON20200116,2020-01-16T00:05:00Z,2020-01-16T10:05:00Z,2020,1,16,10:05:00,26,28.7167,0.0928,35.3223,Neutral,10.5001,NA,0,0,27.2024,0,0,0,0,0,0,0,0,0,0,0,0,0,0,0,0,0,0,0,0,0,0,0,0,0,0,0,0,0,0,0,0,0,0,0,0,0,0,0,0,0,0,0,0,0,0,0,0,0,0,0,0,0,0,0,0,0,0,0,0,0,0,0,0,0,0,0,13.6012,0,0,0,0,13.6012,0,0,0,0,0,0,0,0,0,0,0,0,0,0,0,0,0,0,0,0,0,0,0,0,0,0,0,0,0,0,0,0,0,0,0,0,0,0,122.411,13.6012,0,0,0,0,0,13.6012,0,0,0,0,0,40.8037,0,0,13.6012,149.6135,0,0,0,0,0,0,0,0,0,0,0,0,0,0,0,0,0,13.6012,0,0,0,0,13.6012,0,0,0,0,0,0,0,0,0,0,0,0,0,0,0,0,0,0,0,0,0,0,0,0,0,0,0,0,0,0,0,0,0,0,0,0,0,0,0,0,0,0,0,0
NRS,Yongala,YON,19.3085,147.6184,YON20200212,2020-02-12T23:47:00Z,2020-02-13T09:47:00Z,2020,2,13,9:47:00,26,28.2498,0.2152,35.2309,Neutral,33.7174,NA,0,0,0,0,0,0,0,0,13.6012,0,0,0,0,0,0,0,0,0,0,0,0,0,0,0,0,0,0,0,0,0,0,0,0,0,0,0,0,0,0,0,0,68.0061,0,0,0,0,0,0,0,0,0,0,0,0,0,0,0,0,0,0,0,0,0,0,0,0,0,0,0,0,0,0,0,0,0,13.6012,13.6012,0,0,0,0,0,0,0,0,0,0,0,0,0,217.6196,0,0,0,0,0,0,0,0,0,0,0,0,0,0,0,0,0,0,0,0,0,0,0,149.6135,0,0,0,0,0,0,68.0061,0,0,0,0,0,435.2391,0,0,0,0,244.822,0,40.8037,0,0,0,0,0,0,0,0,0,0,0,0,0,0,13.6012,0,0,0,0,54.4049,0,0,0,0,0,0,0,0,0,0,0,0,0,0,0,0,0,0,0,0,0,0,0,0,0,0,0,0,0,0,0,0,0,0,0,0,0,0,0,0,0,0,0,0
NRS,Yongala,YON,19.3085,147.6184,YON20200306,2020-03-06T00:25:00Z,2020-03-06T10:25:00Z,2020,3,6,10:25:00,26,29.7927,0.1737,34.7254,Neutral,53.9832,NA,0,0,0,0,0,0,0,0,68.0061,0,0,0,0,0,0,0,0,0,0,0,0,0,0,0,0,0,0,0,0,0,0,0,0,0,0,0,0,0,0,0,0,40.8036,0,13.6012,0,0,0,0,0,0,0,0,0,0,0,0,0,0,0,0,0,0,0,0,0,0,0,0,0,13.6012,0,0,0,0,0,27.2024,0,0,13.6012,0,0,0,0,0,0,0,0,0,0,0,176.8159,0,0,0,0,0,0,0,0,0,0,0,0,0,0,0,0,0,0,0,0,0,0,0,190.4172,40.8036,0,0,0,0,0,0,0,0,0,0,0,598.4538,0,0,0,0,584.8526,0,13.6012,0,0,0,0,0,0,0,0,0,0,0,27.2024,0,40.8037,95.2085,0,0,0,0,571.2514,0,0,0,0,0,0,0,0,0,0,0,0,0,0,0,0,0,0,0,0,0,0,0,0,0,0,0,0,13.6012,0,0,0,0,0,0,0,0,0,0,0,0,0,0,0
NRS,Yongala,YON,19.3085,147.6184,YON20200422,2020-04-22T01:24:00Z,2020-04-22T11:24:00Z,2020,4,22,11:24:00,26,27.8344,0.1195,34.8256,Neutral,55.153,NA,0,0,0,0,0,0,0,0,27.2024,0,0,0,0,0,0,0,0,0,0,0,0,0,0,0,0,0,0,0,0,0,0,0,0,0,0,0,0,0,54.4048,0,0,54.4049,0,0,0,0,0,0,0,0,0,0,0,0,0,0,0,0,0,0,0,0,0,0,0,0,0,0,0,0,0,0,0,0,0,0,0,0,0,0,0,0,0,0,0,0,0,0,0,0,27.2024,0,0,0,0,0,0,0,0,0,0,0,0,0,0,0,0,0,0,0,0,0,0,0,0,0,0,0,0,0,0,0,0,0,0,0,0,435.2391,0,0,0,0,163.2147,0,27.2024,0,0,0,0,0,0,0,0,0,0,0,0,0,0,81.6073,0,0,0,0,0,0,0,0,0,0,0,0,0,0,0,0,0,0,0,0,0,0,0,0,0,0,0,0,0,0,0,0,0,0,27.2024,0,0,0,0,0,0,0,0,0,0,0,0,0,0
NRS,Yongala,YON,19.3085,147.6184,YON20200611,2020-06-11T23:09:00Z,2020-06-12T09:09:00Z,2020,6,12,9:09:00,26,23.2599,0.133,35.2658,La Nina,40.8037,NA,0,0,0,5.4405,0,0,0,0,0,0,0,0,0,0,0,0,0,0,0,0,0,0,0,0,0,0,0,0,0,0,0,0,0,0,0,0,0,0,0,0,0,0,0,0,0,0,0,0,0,0,0,0,0,0,0,0,0,0,0,0,0,0,0,0,0,0,0,0,0,0,0,0,0,0,5.4405,5.4405,5.4405,0,5.4405,0,0,0,0,0,0,0,0,0,0,0,5.4405,0,0,0,0,0,0,0,0,0,0,0,0,0,0,0,0,0,0,0,0,0,5.4405,0,16.3215,0,0,0,0,0,0,5.4405,0,0,0,0,0,54.4049,27.2024,0,0,0,27.2024,0,59.8454,0,0,0,0,0,0,0,10.881,0,0,0,0,10.881,0,5.4405,0,0,0,0,70.7264,0,0,0,0,0,0,0,0,0,0,0,0,0,0,0,0,0,0,0,0,0,0,0,0,0,0,0,0,0,0,0,0,0,0,0,0,0,0,0,0,0,0,0,0
NRS,Yongala,YON,19.3085,147.6184,YON20200710,2020-07-10T23:25:00Z,2020-07-11T09:25:00Z,2020,7,11,9:25:00,26,22.9545,0.1487,35.4293,La Nina,7.9159,NA,0,0,0,0,0,0,0,0,0,0,0,0,0,0,0,0,0,0,0,0,0,0,0,0,0,0,5.4405,0,0,0,0,0,0,0,0,0,0,0,16.3215,0,0,0,0,0,0,0,0,10.881,0,0,0,0,0,0,0,0,0,0,0,0,0,0,0,0,0,0,0,0,0,0,0,0,0,0,5.4405,5.4405,0,0,0,0,0,0,0,0,0,0,0,0,0,0,27.2024,0,0,0,0,0,0,0,0,0,0,0,0,0,0,0,0,0,0,0,0,0,0,0,16.3215,5.4405,0,0,0,0,0,0,0,0,0,0,0,5.4405,43.5239,0,0,0,81.6073,0,5.4405,0,0,0,0,0,0,0,0,0,0,0,0,0,0,21.762,0,0,0,0,16.3215,0,0,0,0,0,0,0,0,0,0,0,0,0,0,0,0,0,0,0,0,0,0,0,0,0,0,0,0,0,0,0,0,0,0,0,0,0,0,0,0,0,0,0,0
NRS,Yongala,YON,19.3085,147.6184,YON20200802,2020-08-02T23:15:00Z,2020-08-03T09:15:00Z,2020,8,3,9:15:00,26,22.6042,0.0755,35.3912,La Nina,2.9923,2.1082,0,0,0,0,0,0,0,0,0,0,0,0,0,0,0,0,0,0,0,0,0,0,0,0,0,0,0,0,0,0,0,0,0,0,0,0,0,0,21.762,0,0,0,0,0,38.0834,0,0,32.6429,0,0,0,0,0,0,0,0,0,0,0,0,0,0,0,0,5.4405,0,0,5.4405,0,0,0,0,5.4405,0,0,0,5.4405,0,0,0,0,0,0,0,0,0,0,0,0,0,10.881,0,0,0,0,0,0,0,0,0,0,0,0,0,0,0,0,0,0,0,0,0,0,0,70.7263,0,0,0,0,0,0,10.881,0,0,0,0,0,10.881,48.9644,0,0,0,87.0478,5.4405,10.881,0,0,0,0,0,0,0,5.4405,0,0,0,0,0,0,5.4405,0,0,0,0,0,0,0,0,0,0,0,0,0,0,0,0,0,0,0,0,0,0,0,0,0,0,0,0,0,0,0,0,0,0,0,0,0,0,0,0,0,0,0,0,0,5.4405,0,0,0
NRS,Yongala,YON,19.3085,147.6184,YON20200904,2020-09-04T01:11:00Z,2020-09-04T11:11:00Z,2020,9,4,11:11:00,20,23.2835,3.2292375,35.4497,La Nina,12.9076,7.55,2.3575,0,2.3575,0,0,0,0,0,0,0,0,0,0,0,0,0,0,0,0,0,0,0,0,0,0,0,0,0,0,0,0,0,0,0,0,0,0,0,0,0,0,0,0,0,7.0726,0,0,4.7151,0,0,0,0,0,0,0,0,0,0,0,0,0,0,0,0,0,0,0,9.4302,0,0,0,0,0,0,0,0,0,0,0,0,0,0,0,0,0,0,0,0,0,0,9.4301,0,9.4302,0,2.3575,0,0,0,0,0,0,0,0,0,0,0,0,0,0,0,0,0,0,0,21.2179,0,0,0,0,0,0,0,0,0,0,0,0,7.0726,11.7877,0,0,0,14.1453,2.3575,2.3575,0,0,0,0,0,0,0,2.3575,0,0,0,0,0,0,14.1453,0,0,0,0,0,0,0,0,0,0,0,0,0,0,0,0,0,0,0,0,0,0,0,0,0,0,0,0,0,0,0,0,0,0,0,0,0,0,0,0,0,0,0,0,0,2.3575,0,0,0
NRS,Yongala,YON,19.3085,147.6184,YON20200926,2020-09-26T02:33:00Z,2020-09-26T12:33:00Z,2020,9,26,12:33:00,20,24.3124,0.0501,35.39,La Nina,18.4949,14.3574,0,0,7.0726,0,0,0,0,0,0,0,0,0,0,0,0,0,0,0,0,0,0,0,0,0,0,0,0,0,0,0,0,0,0,0,28.2905,0,0,0,120.2348,0,0,28.2905,0,7.0726,35.3632,0,0,0,0,0,0,0,0,0,0,0,0,0,0,0,0,7.0726,0,0,0,0,0,7.0726,0,0,0,0,0,0,0,14.1452,7.0726,0,0,0,0,0,0,0,0,0,0,0,0,0,14.1452,0,0,0,0,0,0,0,0,0,0,0,0,0,0,0,0,0,0,0,7.0726,0,0,0,21.2179,7.0726,0,0,0,0,0,0,0,0,0,0,0,21.2179,106.0895,0,0,0,56.5811,0,28.2905,0,0,0,0,0,0,0,28.2906,0,0,0,7.0726,0,7.0726,0,0,0,0,0,0,0,0,0,0,0,0,0,0,0,0,0,0,0,0,0,0,0,0,0,0,0,0,0,0,0,0,0,0,0,0,0,0,0,0,0,7.0726,0,0,0,0,0,0,0,0
NRS,Yongala,YON,19.3085,147.6184,YON20201026,2020-10-26T00:40:00Z,2020-10-26T10:40:00Z,2020,10,26,10:40:00,20,26.0198,0.0929,35.5875,La Nina,13.2966,9.3005,0,0,0,0,0,0,0,0,0,0,0,0,0,0,0,0,0,0,0,0,0,0,17.6816,0,0,0,0,0,0,0,0,0,0,0,0,0,0,0,35.3632,0,0,17.6816,0,0,0,0,0,0,0,0,0,0,0,0,0,0,0,0,0,0,0,0,0,0,0,0,0,0,0,0,0,0,0,0,0,17.6816,0,0,0,0,0,0,0,0,0,0,0,0,0,0,123.7712,0,0,0,0,0,0,0,0,0,0,0,0,0,0,0,0,0,0,17.6816,0,0,0,0,53.0448,0,0,0,0,0,0,35.3632,0,0,0,0,0,123.7711,35.3632,0,0,0,106.0895,0,35.3632,0,0,0,0,0,0,17.6816,17.6816,0,0,0,0,0,0,0,0,0,0,0,106.0895,0,0,0,0,0,0,0,0,0,0,0,0,0,0,0,0,0,0,0,0,0,0,0,0,0,0,0,0,0,0,0,0,17.6816,0,0,0,0,0,0,0,0,0,0,0
NRS,Yongala,YON,19.3085,147.6184,YON20201120,2020-11-20T01:30:00Z,2020-11-20T11:30:00Z,2020,11,20,11:30:00,20,27.0084,0.1649,35.4251,La Nina,8.0098,6.2239,0,0,0,0,0,0,0,0,0,0,0,0,0,0,0,0,0,0,0,0,0,0,0,0,0,0,0,0,0,0,0,0,0,0,0,0,0,0,0,0,0,14.1453,0,0,0,0,0,0,0,0,0,0,0,0,0,0,0,0,0,0,0,0,0,0,0,0,0,0,0,7.0726,0,0,0,0,0,0,0,0,0,0,0,0,0,0,0,0,0,0,0,0,282.9055,0,0,0,0,0,0,0,0,0,0,0,0,0,0,0,0,0,0,7.0726,0,0,0,0,14.1452,0,0,0,0,0,0,0,0,0,0,0,0,35.3632,21.2179,0,0,0,49.5085,0,7.0726,0,0,0,0,0,0,7.0726,0,0,0,0,0,7.0726,0,63.6537,0,0,0,0,7.0726,0,0,0,0,0,0,0,0,0,0,0,0,0,0,0,0,0,0,0,0,0,0,0,0,0,0,0,0,0,0,0,0,0,0,0,0,0,0,0,0,0,0,0,0
NRS,Yongala,YON,19.3085,147.6184,YON20201209,2020-12-09T22:00:00Z,2020-12-10T08:00:00Z,2020,12,10,8:00:00,20,28.1036,0.23,35.5424,La Nina,17.3456,10.8918,0,0,0,0,0,0,0,0,0,0,0,0,0,0,0,0,0,0,0,0,0,0,0,0,0,0,0,0,0,0,0,0,0,0,0,0,0,0,17.6816,0,0,17.6816,0,0,0,0,0,0,0,0,0,0,0,0,0,0,0,0,0,0,0,0,0,0,0,0,0,0,0,0,0,17.6816,0,0,0,70.7264,35.3632,0,0,0,0,0,0,0,0,0,0,0,0,0,265.2239,0,0,0,0,0,0,0,0,0,0,0,0,0,0,0,0,0,0,0,0,0,0,0,212.1791,0,0,0,0,0,0,88.4079,0,0,0,0,0,194.4975,88.4079,0,0,0,176.8159,0,0,0,0,0,0,0,0,0,0,0,0,0,0,53.0448,0,141.4527,0,0,0,0,88.4079,0,0,0,0,0,0,0,0,0,0,0,0,0,0,0,0,0,0,0,0,0,0,0,0,0,0,0,0,0,0,0,0,0,0,0,17.6816,0,0,0,0,0,0,0,0
NRS,Yongala,YON,19.3085,147.6184,YON20210209,2021-02-09T01:46:00Z,2021-02-09T11:46:00Z,2021,2,9,11:46:00,20,28.9015,0.2305,34.7451,La Nina,50.4456,19.5735,0,0,0,0,0,0,0,0,0,0,0,0,0,0,0,0,0,0,0,0,0,0,0,0,0,0,0,0,0,0,0,0,0,0,0,0,0,0,8.8408,0,0,0,0,0,0,0,0,0,0,0,0,0,0,0,0,0,0,0,0,0,0,0,0,0,0,0,0,0,0,0,0,0,0,0,8.8408,17.6816,0,0,0,0,0,0,0,0,0,0,0,0,0,0,79.5672,0,0,0,0,0,0,0,0,0,0,0,0,0,0,0,0,0,0,0,0,0,0,0,26.5224,0,0,0,0,0,0,35.3632,0,0,0,0,0,167.9751,8.8408,0,0,0,221.0199,0,17.6816,0,0,0,0,0,0,17.6816,0,0,0,0,0,0,17.6816,17.6816,0,0,0,0,0,0,0,0,0,0,0,0,0,0,0,0,0,0,0,0,0,0,0,0,0,0,0,0,0,0,0,0,0,0,0,0,0,0,0,0,0,0,0,0,0,8.8408,0,0,0
NRS,Yongala,YON,19.3085,147.6184,YON20210310,2021-03-10T00:05:00Z,2021-03-10T10:05:00Z,2021,3,10,10:05:00,20,28.2621,0.2485,34.5797,La Nina,61.249,39.3769,0,0,0,0,0,0,0,0,17.6816,35.3632,0,0,0,0,0,0,0,0,0,0,17.6816,0,0,0,0,0,17.6816,0,0,0,0,0,0,0,0,0,0,0,70.7264,0,0,53.0448,0,0,0,0,0,0,0,0,0,0,0,0,0,0,0,0,0,0,0,0,0,0,0,0,0,0,0,0,0,0,0,0,0,0,0,0,0,0,0,0,0,0,0,0,0,0,0,0,17.6816,0,0,0,35.3632,0,0,0,0,0,17.6816,0,0,0,0,0,0,0,0,0,0,0,0,0,106.0895,0,0,0,0,0,0,17.6816,0,0,0,0,0,88.4079,70.7264,0,0,0,70.7264,0,0,0,0,0,0,0,0,35.3632,106.0896,0,0,0,35.3632,0,53.0448,70.7264,0,0,0,0,0,0,0,0,0,0,0,0,0,0,0,0,0,0,0,0,0,0,0,0,0,0,0,0,0,0,0,0,0,70.7264,35.3632,0,0,0,0,0,0,0,0,0,0,229.8607,0,0,0
NRS,Yongala,YON,19.3085,147.6184,YON20210406,2021-04-06T23:30:00Z,2021-04-07T09:30:00Z,2021,4,7,9:30:00,25,27.5965,0.2523,34.5874,La Nina,42.9733,23.9479,0,0,0,0,0,0,0,0,0,56.5811,0,0,0,0,0,0,0,0,0,0,0,0,0,0,0,0,0,0,0,0,0,0,0,0,0,0,0,0,0,0,0,0,0,0,0,0,0,0,0,0,0,0,0,0,0,0,0,0,0,0,0,0,0,0,0,0,0,0,0,0,0,0,0,0,28.2905,0,0,0,0,0,0,0,0,0,0,0,0,0,0,0,452.6487,0,0,0,0,0,0,0,0,0,0,0,0,0,0,0,0,0,0,0,0,0,0,0,84.8716,0,0,0,0,0,0,141.4527,0,0,0,0,0,509.2298,84.8716,0,0,0,367.7771,0,84.8716,0,0,0,0,0,0,0,28.2905,0,0,0,0,0,141.4527,84.8716,0,0,0,0,56.581,0,0,0,0,0,0,0,0,0,0,0,0,0,0,0,0,0,0,0,0,0,0,0,0,0,0,0,0,0,0,0,0,0,0,0,0,0,0,0,0,0,0,0,0
NRS,Yongala,YON,19.3085,147.6184,YON20210513,2021-05-13T00:13:00Z,2021-05-13T10:13:00Z,2021,5,13,10:13:00,25,25.969,0.2575,34.8661,La Nina,25.3908,15.5881,0,0,0,0,0,0,0,0,0,0,0,0,0,0,0,0,0,0,0,0,0,0,0,0,0,0,0,0,0,0,0,0,0,0,0,0,0,0,56.5811,0,0,0,0,0,0,0,0,0,0,0,0,0,0,0,0,0,0,0,0,0,0,0,0,0,0,0,0,0,0,0,0,0,0,0,0,56.5811,28.2905,0,14.1453,0,0,0,0,0,0,0,0,0,0,0,84.8717,0,0,0,0,0,0,0,0,0,0,0,0,0,0,0,0,0,0,0,0,0,0,0,14.1453,42.4358,0,0,0,0,0,0,0,0,0,0,0,70.7264,127.3074,0,0,0,240.4696,0,42.4358,0,0,0,0,0,0,0,0,0,0,14.1453,0,0,42.4358,0,0,0,0,0,14.1453,0,0,0,0,0,0,0,0,0,0,0,0,0,0,0,0,0,0,0,0,0,0,0,0,0,0,0,0,0,0,0,0,0,0,0,0,0,0,0,0,0,0,0,0
NRS,Yongala,YON,19.3085,147.6184,YON20210606,2021-06-06T01:41:00Z,2021-06-06T11:41:00Z,2021,6,6,11:41:00,25,24.115,0.1263,35.0567,La Nina,17.8938,13.8765,0,0,0,0,0,0,0,0,0,0,0,0,0,0,0,0,0,0,0,0,0,0,0,0,0,0,0,0,0,0,0,0,0,0,0,0,0,0,0,0,0,0,0,0,28.2905,0,0,0,0,0,0,0,0,0,0,0,0,0,0,0,0,0,0,0,0,0,0,0,0,0,0,0,0,0,28.2905,14.1453,14.1453,0,0,0,0,0,0,0,0,0,0,0,0,0,28.2906,0,0,0,0,0,0,0,0,0,0,0,0,0,0,0,0,0,0,0,0,0,0,0,28.2905,0,0,0,0,0,0,0,0,0,0,0,0,42.4358,70.7264,0,0,0,42.4358,0,183.8885,0,0,0,0,0,0,0,14.1453,0,0,0,0,14.1453,0,0,0,0,0,0,0,0,0,0,0,0,0,0,0,0,0,0,0,0,0,0,0,0,0,0,0,0,0,0,0,0,0,0,0,0,0,0,0,0,0,0,0,0,0,0,0,0,0,0,0
NRS,Yongala,YON,19.3085,147.6184,YON20210623,2021-06-23T00:20:00Z,2021-06-23T10:20:00Z,2021,6,23,10:20:00,26,23.032,0.2145,35.1823,La Nina,10.5682,8.0247,0,0,0,0,0,0,0,0,0,0,0,0,0,0,0,0,0,0,0,0,0,13.6012,0,0,0,0,0,0,0,0,0,0,0,0,0,0,0,0,0,0,0,0,0,0,0,0,13.6012,0,0,0,0,0,0,0,0,0,0,0,0,0,0,0,0,0,0,0,0,0,0,0,0,0,13.6012,0,0,27.2024,0,0,0,0,0,0,0,0,0,0,0,0,0,0,13.6012,0,0,0,0,0,0,0,0,0,0,0,0,0,0,0,0,0,0,0,0,0,0,0,0,0,0,0,0,0,0,0,0,0,0,0,0,27.2024,149.6134,0,0,0,204.0183,0,149.6135,0,0,0,0,0,0,0,13.6012,13.6012,0,0,0,13.6012,0,13.6012,0,0,0,0,0,0,0,0,0,0,0,0,0,0,0,0,0,0,0,0,0,0,0,0,0,0,0,0,0,0,0,0,0,0,0,0,0,0,0,0,0,0,0,0,0,0,0,0,0
NRS,Yongala,YON,19.3085,147.6184,YON20210824,2021-08-24T00:00:00Z,2021-08-24T10:00:00Z,2021,8,24,10:00:00,25,23.6934,0.0419,35.1968,La Nina,27.9228,11.1748,0,0,0,0,0,0,0,0,0,4.7151,0,0,0,0,0,0,0,4.7151,0,0,0,0,0,0,0,0,0,0,0,0,0,0,0,0,0,0,0,0,4.7151,0,0,0,0,0,0,0,0,0,0,0,0,0,0,0,0,0,0,0,0,0,0,0,0,0,0,0,0,0,4.7151,0,0,0,0,0,0,4.7151,0,0,0,0,0,0,0,0,0,0,0,0,0,0,0,0,28.2905,0,0,0,0,0,0,0,0,0,0,0,0,0,0,0,0,0,0,0,0,0,18.8604,0,0,0,0,0,0,4.7151,0,9.4302,0,0,0,51.866,14.1453,0,0,0,51.866,0,4.7151,0,0,0,0,0,0,14.1453,0,0,0,0,0,0,4.7151,9.4302,0,0,0,0,18.8604,0,0,0,0,0,0,0,0,0,0,0,0,0,0,0,0,0,0,0,0,0,0,0,0,0,0,0,0,0,0,0,0,0,0,0,0,0,0,0,0,9.4302,0,0,0
NRS,Yongala,YON,19.3085,147.6184,YON20210927,2021-09-27T01:32:00Z,2021-09-27T11:32:00Z,2021,9,27,11:32:00,25,23.8129,0.0448,35.2975,La Nina,5.163,3.9182,0,0,2.0208,0,0,0,0,0,0,0,0,0,0,0,0,0,0,0,0,0,0,0,0,0,0,0,0,0,0,0,0,0,0,0,0,0,0,0,0,0,0,0,0,0,0,0,0,2.0208,0,0,0,0,0,0,0,0,0,0,0,0,0,0,0,0,0,0,0,0,0,0,0,0,0,0,12.1245,0,2.0208,0,0,0,0,0,0,0,0,0,2.0208,0,0,0,0,0,2.0208,0,4.0415,0,0,0,0,0,0,0,0,0,0,0,0,0,0,7.0726,0,0,0,0,8.083,0,0,0,0,0,0,6.0623,0,0,0,0,0,12.1245,24.249,0,0,0,16.166,0,0,0,0,0,0,0,0,4.0415,4.0415,0,0,0,0,0,0,2.0208,0,0,0,0,12.1246,0,0,0,0,0,0,0,0,0,0,0,0,0,0,0,0,0,0,0,0,0,0,0,0,0,0,0,0,0,0,0,0,0,0,0,0,0,0,0,0,6.0623,0,0,0
NRS,Yongala,YON,19.3085,147.6184,YON20211014,2021-10-14T00:17:00Z,2021-10-14T10:17:00Z,2021,10,14,10:17:00,25,25.7899,0.0979,35.4064,La Nina,22.2929,11.5425,0,0,28.2905,14.1453,0,0,0,0,0,0,0,0,0,0,0,0,0,0,0,0,0,0,0,0,0,0,0,0,0,0,0,0,0,0,0,0,0,0,0,0,0,14.1453,0,0,0,0,0,0,0,0,0,0,0,0,0,0,0,0,0,0,0,0,0,0,0,0,0,0,0,0,0,0,0,0,0,28.2905,0,0,0,0,0,0,0,0,0,0,0,0,0,0,28.2905,0,0,0,0,0,0,0,0,0,0,0,0,0,0,0,0,0,0,0,0,0,0,0,14.1453,0,0,0,0,0,0,0,0,0,0,0,0,297.0507,99.0169,0,0,0,14.1453,0,28.2905,0,0,0,0,0,0,0,0,0,0,0,14.1453,28.2905,0,42.4358,0,0,0,0,169.7432,0,0,0,0,0,0,0,0,0,0,0,0,0,0,0,0,0,0,0,0,0,0,0,0,0,0,0,0,14.1453,0,0,0,0,0,0,0,0,0,0,0,0,0,0,0
NRS,Yongala,YON,19.3085,147.6184,YON20211122,2021-11-22T00:15:00Z,2021-11-22T10:15:00Z,2021,11,22,10:15:00,25,27.3947,0.0683,35.1968,La Nina,13.0985,10.1139,0,0,0,0,0,0,0,4.7151,0,9.4302,0,0,0,0,0,0,0,0,0,0,0,0,0,0,0,0,0,0,0,0,0,0,0,0,4.7151,0,0,0,9.4302,0,0,0,0,0,0,0,0,0,0,0,0,0,0,0,0,0,0,0,0,0,0,0,0,0,0,0,0,0,0,0,0,0,0,0,0,0,0,0,0,0,0,0,0,0,0,0,0,0,0,0,66.0113,0,0,0,0,0,0,0,0,0,0,0,0,0,0,0,0,0,0,80.1566,0,0,0,0,14.1453,0,0,0,0,0,0,28.2905,0,0,0,0,0,47.1509,9.4302,0,0,0,9.4302,0,4.7151,0,0,0,4.7151,0,0,4.7151,4.7151,4.7151,0,0,4.7151,0,0,0,0,0,0,0,28.2906,0,0,0,0,0,0,0,0,0,0,0,0,0,0,0,0,0,0,0,0,0,0,0,0,0,0,0,0,0,0,0,0,0,0,0,0,0,0,0,0,4.7151,0,0,0
NRS,Yongala,YON,19.3085,147.6184,YON20211209,2021-12-09T00:10:00Z,2021-12-09T10:10:00Z,2021,12,9,10:10:00,26,28.6731,0.0687,35.1443,La Nina,38.2058,20.633,0,0,27.2024,0,0,0,0,0,0,0,0,0,0,0,0,0,0,0,0,0,0,0,0,0,0,0,0,0,0,0,0,0,0,0,0,0,0,0,0,0,0,0,0,0,0,0,0,0,0,0,0,0,0,0,0,0,0,0,0,0,0,0,0,0,0,0,0,0,0,0,0,0,0,0,27.2024,27.2024,0,0,0,0,0,0,0,0,0,0,0,0,0,0,462.4415,0,0,0,0,0,0,0,0,0,0,0,0,0,0,0,0,0,0,0,0,0,0,0,108.8098,0,0,0,0,0,27.2024,81.6073,0,0,0,0,0,190.4171,0,0,0,0,272.0245,0,0,0,0,0,0,0,0,27.2024,81.6073,27.2024,27.2024,0,27.2024,0,27.2024,0,0,0,0,0,190.4171,0,0,0,0,0,0,0,0,0,0,0,0,0,0,0,0,0,0,0,0,0,0,0,0,0,0,0,0,0,0,0,0,0,0,0,0,0,0,0,0,0,0,0,0
NRS,Yongala,YON,19.3085,147.6184,YON20220123,2022-01-23T00:18:00Z,2022-01-23T10:18:00Z,2022,1,23,10:18:00,26,29.0501,0.2276,35.0607,La Nina,34.3703,25.9919,0,0,0,0,0,0,0,0,10.881,0,0,0,0,0,0,0,0,0,0,0,0,0,0,5.4405,0,0,0,0,0,0,0,0,0,0,0,0,0,0,0,0,0,5.4405,0,0,0,0,0,0,0,0,0,0,0,0,0,0,0,0,0,0,0,0,0,0,0,0,0,0,0,0,0,0,0,0,5.4405,0,0,5.4405,0,0,0,0,0,0,0,0,0,0,0,0,70.7263,0,0,0,0,0,0,0,0,0,0,0,0,0,0,0,0,0,0,0,0,0,0,0,5.4405,0,0,0,0,0,0,65.2859,0,0,0,0,0,163.2147,0,0,0,0,59.8454,0,0,0,0,0,0,0,0,0,0,0,0,0,0,0,0,0,0,0,0,0,27.2025,0,0,0,0,0,0,0,0,0,0,0,0,0,0,0,0,0,0,0,0,0,0,0,0,0,0,0,0,0,0,0,0,0,0,0,0,0,0,0,0,0,0,0,0
NRS,Yongala,YON,19.3085,147.6184,YON20220206,2022-02-06T02:43:00Z,2022-02-06T12:43:00Z,2022,2,6,12:43:00,28,28.9527,0.2993,34.5407,La Nina,14.3979,9.2197,0,0,0,0,0,0,0,0,17.0015,17.0015,0,0,0,0,0,0,0,0,0,0,0,0,0,0,0,0,0,0,0,0,0,0,0,0,0,0,0,0,17.0015,0,0,0,0,0,0,0,0,0,0,0,0,0,0,0,0,0,0,0,0,0,0,0,0,0,0,0,0,0,0,17.0015,0,0,0,0,0,17.0015,0,0,17.0015,0,0,0,0,0,0,0,0,0,0,0,187.0169,0,0,0,0,0,0,0,0,0,0,0,0,0,0,0,0,0,0,0,0,0,0,0,102.0092,0,0,0,0,0,0,17.0015,0,0,0,0,0,187.0168,0,0,0,0,357.0321,0,17.0015,0,0,0,0,0,0,0,0,0,0,0,0,0,0,0,0,0,0,0,85.0077,0,0,0,0,0,0,0,0,0,0,0,0,0,0,0,0,0,0,0,0,0,0,0,0,0,0,0,0,0,0,0,0,0,0,0,0,0,0,0,0,0,0,0,0
NRS,Yongala,YON,19.3085,147.6184,YON20220311,2022-03-11T01:00:00Z,2022-03-11T11:00:00Z,2022,3,11,11:00:00,24,30.3287,0.1363,34.7336,La Nina,32.9074,23.8898,0,0,0,0,0,0,0,0,44.204,58.9386,0,0,0,0,0,0,0,0,0,0,0,0,0,0,0,0,0,0,0,0,0,0,0,0,0,0,0,0,0,0,0,0,0,0,0,0,0,0,0,0,0,0,0,0,0,0,0,0,0,0,0,0,0,0,0,0,0,0,0,0,0,0,0,0,14.7347,14.7347,0,0,0,0,0,0,0,0,0,0,0,0,0,0,309.4278,0,0,0,0,0,0,0,0,0,0,0,0,0,0,0,0,0,0,14.7347,0,0,0,0,176.8159,0,0,0,0,0,0,73.6733,0,14.7347,0,0,0,530.4477,0,0,0,0,294.6932,0,14.7347,0,0,0,0,0,0,0,0,0,0,14.7347,14.7347,29.4693,44.204,29.4693,0,0,0,0,117.8772,0,0,0,0,0,0,0,0,0,0,0,0,0,0,0,0,0,0,0,0,0,0,0,0,0,0,0,0,14.7347,0,0,0,0,0,0,0,0,0,0,0,0,0,0,0
NRS,Yongala,YON,19.3085,147.6184,YON20220406,2022-04-06T01:30:00Z,2022-04-06T11:30:00Z,2022,4,6,11:30:00,13,28.8509,0.1917,34.9518,La Nina,57.3428,37.9746,0,0,0,0,0,0,0,0,68.0061,0,0,0,0,0,0,0,0,0,0,0,0,0,0,0,0,0,0,0,0,0,0,0,0,0,0,0,0,0,0,0,0,0,0,0,0,0,0,0,0,0,0,0,0,0,0,0,0,0,0,0,0,0,0,0,0,0,0,0,0,0,0,0,0,0,0,0,0,0,0,0,0,0,0,0,0,0,0,0,0,0,272.0244,0,0,0,0,0,0,0,0,0,0,0,0,0,0,0,0,0,0,0,0,0,0,0,136.0122,0,0,0,0,0,0,204.0183,0,0,0,0,0,612.055,0,0,0,0,3468.3119,0,0,0,0,0,0,0,0,0,0,0,0,0,68.0061,0,340.0306,0,0,0,0,0,136.0122,0,0,0,0,0,0,0,0,0,0,0,0,0,0,0,0,0,0,0,0,0,0,0,0,0,0,0,0,0,0,0,0,0,0,0,0,0,0,0,0,0,0,0,0
NRS,Yongala,YON,19.3085,147.6184,YON20220603,2022-06-03T00:40:00Z,2022-06-03T10:40:00Z,2022,6,3,10:40:00,26,25.519,0.3418,34.6079,La Nina,34.0575,18.6881,0,0,0,0,0,0,0,0,0,31.0885,0,0,0,0,0,0,0,0,0,0,0,0,7.7721,0,0,0,0,0,0,0,0,0,0,0,0,0,0,0,23.3164,0,0,0,0,0,0,0,0,0,0,0,0,0,0,0,0,0,0,0,0,0,0,0,0,0,0,0,0,0,0,0,0,0,0,0,0,0,0,0,7.7721,0,0,0,0,0,0,0,0,0,0,0,54.4049,0,0,0,0,0,0,0,0,0,0,0,0,0,0,0,0,0,0,0,0,0,0,0,0,0,0,0,0,0,0,15.5443,0,0,0,0,0,23.3164,0,0,0,0,139.8983,0,0,0,0,0,0,0,0,0,15.5442,0,0,0,0,7.7721,0,38.8606,0,0,0,0,38.8606,0,0,0,0,0,0,0,0,0,0,0,0,0,0,0,0,0,0,0,0,0,0,0,0,0,0,0,0,0,0,0,0,0,0,0,0,0,0,0,0,7.7721,0,0,0
NRS,Yongala,YON,19.3085,147.6184,YON20220617,2022-06-17T22:40:00Z,2022-06-18T08:40:00Z,2022,6,18,8:40:00,25,24.4889,0.2034,34.9243,La Nina,11.1748,8.6286,0,0,0,0,0,0,0,0,0,0,0,0,0,0,0,0,0,0,0,0,0,0,0,0,0,0,0,0,0,0,0,0,0,0,0,0,0,0,33.9486,0,0,11.3162,0,0,11.3162,0,0,0,0,0,0,0,0,0,0,0,0,0,0,0,0,0,0,0,0,0,0,0,0,0,0,0,11.3162,0,0,0,0,0,0,0,0,0,0,0,0,0,0,0,0,0,33.9486,0,0,0,0,0,0,0,0,0,0,0,0,0,0,0,0,0,0,11.3162,0,0,0,0,22.6324,0,0,0,0,0,0,67.8973,0,0,0,0,0,79.2135,0,0,0,0,373.4352,0,11.3162,0,0,0,0,0,0,0,0,0,0,0,0,45.2649,0,56.5811,0,0,0,0,0,0,0,0,0,0,0,0,0,0,0,0,0,0,0,0,0,0,0,0,0,0,0,0,0,0,0,0,0,0,0,0,0,0,0,0,0,0,0,0,0,22.6324,0,0,0
NRS,Yongala,YON,19.3085,147.6184,YON20220726,2022-07-26T00:40:00Z,2022-07-26T10:40:00Z,2022,7,26,10:40:00,26,21.5304,0.1223,35.1261,La Nina,8.936,7.4535,0,0,0,0,0,0,0,0,0,0,0,0,0,0,0,0,0,0,0,0,0,0,0,0,0,0,0,0,0,0,0,0,0,0,0,0,0,0,12.09,0,0,0,0,0,0,0,0,0,0,0,0,0,0,0,0,0,0,0,0,0,0,0,0,0,0,0,0,0,0,0,0,0,0,0,0,6.045,3.0225,0,0,0,0,0,6.045,0,0,0,0,0,0,0,0,0,0,0,0,0,0,0,0,0,0,0,0,0,0,0,0,0,0,0,0,0,0,0,21.1575,0,0,0,0,0,0,0,0,0,0,0,3.0225,45.3374,21.1575,0,0,0,36.2699,0,0,0,0,0,0,0,0,0,0,0,3.0225,0,0,27.2024,0,3.0225,0,0,0,0,3.0225,0,0,0,0,0,0,0,0,0,0,0,0,0,0,0,0,0,0,0,0,0,0,0,0,0,0,0,0,0,0,0,0,0,0,0,0,0,0,0,0,0,0,0,0
NRS,Yongala,YON,19.3085,147.6184,YON20220816,2022-08-16T00:50:00Z,2022-08-16T10:50:00Z,2022,8,16,10:50:00,26,22.4625,0.0633,35.201,La Nina,6.855,5.0052,0,0,0,0,0,0,0,0,0,0,0,0,0,0,0,0,0,0,0,0,0,0,0,0,0,0,0,0,0,0,0,0,0,0,0,0,0,0,9.0674,0,0,0,0,0,0,0,0,0,0,0,0,0,0,0,0,0,0,0,0,0,0,0,0,0,0,0,0,0,0,0,0,0,0,0,4.5337,4.5337,0,0,0,0,0,0,0,0,0,0,0,0,0,0,0,0,0,0,0,0,0,0,0,0,0,0,0,0,0,0,0,0,0,9.0675,0,0,0,0,18.1349,0,4.5337,0,0,0,0,9.0675,0,0,0,0,0,4.5337,9.0675,0,0,0,49.8712,0,4.5337,0,0,0,0,0,0,0,0,0,0,0,0,0,0,13.6012,0,0,0,0,0,0,0,0,0,0,0,0,0,0,0,0,0,0,0,0,0,0,0,0,0,0,0,0,0,0,0,0,0,0,0,0,0,0,0,0,0,0,0,0,0,0,0,0,0
NRS,Yongala,YON,19.3085,147.6184,YON20220909,2022-09-09T00:30:00Z,2022-09-09T10:30:00Z,2022,9,9,10:30:00,30,23.4012,0.0661,35.136,La Nina,14.8172,8.6876,0,0,0,0,0,0,0,0,0,0,0,0,0,0,0,0,0,0,0,0,0,0,0,0,0,0,0,0,0,0,0,0,0,0,0,0,0,0,6.7358,0,0,0,0,0,0,0,0,0,0,0,0,0,0,0,0,0,0,0,0,0,0,0,0,0,0,0,0,0,0,0,0,0,0,0,0,0,0,0,0,6.7358,0,0,0,0,0,0,0,0,0,0,6.7358,0,0,0,20.2075,0,0,0,0,0,0,0,0,0,0,0,0,0,0,0,0,0,0,0,47.1509,0,20.2075,0,0,0,6.7358,6.7358,0,0,0,0,0,13.4717,0,0,0,0,67.3584,0,0,0,0,0,0,0,13.4717,0,6.7358,0,0,0,0,0,0,6.7358,0,0,0,0,0,0,0,0,0,0,0,0,0,0,0,0,0,0,0,0,0,0,0,0,0,0,0,0,0,0,0,0,0,0,0,0,0,0,0,0,0,0,0,0,0,0,0,0,0
NRS,Yongala,YON,19.3085,147.6184,YON20221027,2022-10-27T01:39:00Z,2022-10-27T11:39:00Z,2022,10,27,11:39:00,26,27.3471,0.1698,34.9657,La Nina,17.3688,12.2819,0,0,13.6012,0,0,0,0,0,0,13.6012,0,0,0,0,0,0,0,0,0,0,0,0,0,0,0,0,0,0,0,0,0,0,0,0,0,0,0,0,0,0,0,13.6012,0,0,0,0,0,0,0,0,0,0,0,0,0,0,0,0,0,0,0,0,0,0,0,0,0,0,0,0,0,0,0,0,0,40.8036,0,0,0,0,0,0,0,0,0,0,0,0,0,0,40.8036,0,0,0,0,0,0,0,0,0,0,0,0,0,0,0,0,0,0,13.6012,0,0,0,0,27.2024,0,0,0,0,0,0,68.0061,0,0,0,0,0,95.2086,0,0,0,0,81.6073,0,68.0061,0,0,0,0,0,0,13.6012,54.4049,13.6012,0,0,0,0,0,27.2024,0,0,0,0,108.8098,0,0,0,0,0,0,0,0,0,0,0,0,0,0,0,0,0,0,0,0,0,0,0,0,0,0,0,0,0,0,0,0,0,0,0,0,0,0,0,0,0,0,0,0
NRS,Yongala,YON,19.3085,147.6184,YON20221115,2022-11-15T00:27:00Z,2022-11-15T10:27:00Z,2022,11,15,10:27:00,26,27.0477,0.2259,35.1816,La Nina,36.8185,24.387,0,0,0,34.0031,0,0,0,0,34.0031,0,0,0,0,0,0,0,0,0,0,0,0,0,34.0031,0,0,0,0,0,0,0,0,0,0,0,0,0,0,0,0,0,0,0,0,0,0,0,0,0,0,0,0,0,0,0,0,0,0,0,0,0,0,0,0,0,0,0,0,0,34.0031,0,0,0,0,0,34.0031,0,0,0,0,0,0,0,0,0,0,0,0,0,0,0,136.0123,0,0,0,0,0,0,0,0,0,0,0,0,0,0,0,0,0,0,170.0153,0,0,0,0,102.0092,0,0,0,0,0,0,0,0,0,0,0,34.0031,952.0856,0,0,0,0,204.0183,0,0,0,0,0,34.0031,0,0,0,0,0,0,0,0,0,0,34.0031,0,0,0,0,306.0276,0,0,0,0,0,0,0,0,0,0,0,0,0,0,0,0,0,0,0,0,0,0,0,0,0,0,0,0,0,0,0,0,0,0,0,0,0,0,0,0,0,0,0,0
NRS,Ningaloo,NIN,21.99,113.779,NIN20120226,2012-02-26T01:54:00Z,2012-02-26T09:54:00Z,2012,2,26,9:54:00,25,27.0473,0.698,34.7384,La Nina,26.2536,NA,28.2905,14.1453,0,0,0,0,0,0,0,0,0,0,0,0,0,0,0,254.6149,0,0,0,0,0,0,0,0,0,0,0,0,0,0,0,0,14.1453,0,0,0,28.2906,0,0,0,0,0,0,0,0,0,0,0,0,0,0,0,0,0,0,0,0,0,0,0,14.1453,0,0,0,0,14.1453,0,56.5811,0,0,0,0,56.5811,28.2906,0,0,0,0,0,0,0,0,0,0,0,0,0,0,240.4696,0,0,14.1453,0,0,0,0,0,0,0,0,0,0,0,0,0,0,0,0,0,0,0,0,28.2905,14.1453,14.1453,0,0,0,0,0,0,0,0,0,0,551.6656,0,0,0,0,353.6318,0,42.4358,28.2905,0,0,14.1453,0,0,14.1453,0,0,0,0,0,84.8717,0,141.4527,0,0,0,0,410.2129,0,0,0,0,0,0,0,0,0,0,0,0,0,0,0,0,0,0,0,0,0,0,0,0,0,0,0,0,0,0,0,0,0,0,0,0,0,0,0,0,0,0,0,0
NRS,Ningaloo,NIN,21.99,113.779,NIN20120509,2012-05-09T02:50:00Z,2012-05-09T10:50:00Z,2012,5,9,10:50:00,25,27.1826,0.4379,34.626,Neutral,25.8434,NA,0,0,0,2.8291,0,0,67.8973,0,8.4872,16.9743,0,8.4872,0,0,0,0,0,0,0,0,0,0,0,0,0,0,0,0,0,0,0,2.8291,0,0,0,0,0,0,2.8291,0,0,2.8291,0,0,0,0,0,0,0,0,0,0,5.6581,0,5.6581,0,0,0,0,0,0,0,0,0,0,0,0,0,0,0,0,0,0,0,0,0,0,0,0,0,0,0,0,0,0,0,0,0,0,0,8.4872,0,0,0,0,0,0,0,0,0,0,0,0,0,0,0,0,0,0,0,0,0,0,0,2.8291,0,2.8291,0,0,0,14.1453,0,0,0,0,0,0,73.5554,2.8291,0,0,16.9743,0,8.4872,0,0,0,0,0,0,0,0,0,0,0,0,0,67.8973,0,28.2905,0,0,0,0,0,0,0,0,0,0,0,0,0,0,0,0,0,0,0,0,0,0,0,0,0,0,0,0,0,0,0,0,0,0,0,0,0,0,0,0,0,0,0,0,0,0,0,0,0
NRS,Ningaloo,NIN,21.99,113.779,NIN20120827,2012-08-27T00:05:00Z,2012-08-27T08:05:00Z,2012,8,27,8:05:00,25,23.6646,0.6989,34.718,Neutral,20.4399,NA,0,5.6581,5.6581,0,0,0,0,0,0,5.6581,0,0,0,0,0,0,0,0,0,0,0,0,0,0,0,0,0,5.6581,0,0,0,0,0,0,0,0,0,0,11.3162,0,0,0,0,0,0,0,0,28.2905,0,5.6581,0,0,0,0,0,0,0,0,0,0,5.6581,0,0,0,16.9743,0,0,33.9487,0,0,0,0,0,0,0,0,0,0,0,0,0,0,0,0,0,0,0,0,0,0,0,0,11.3162,0,11.3162,0,0,0,0,0,0,0,0,0,0,0,0,11.3162,0,0,5.6581,0,0,0,186.7176,5.6581,16.9743,5.6581,0,0,0,0,0,0,0,0,0,33.9487,107.5041,0,5.6581,0,62.2392,22.6324,0,45.2649,0,0,5.6581,11.3162,0,0,0,0,0,0,0,28.2905,0,28.2905,0,0,0,0,0,0,0,0,0,0,0,0,0,0,0,0,0,0,0,5.6581,0,0,0,0,0,0,0,0,0,0,0,0,0,0,0,0,0,0,0,0,0,0,0,0,0,0,0,0,0
NRS,Ningaloo,NIN,21.99,113.779,NIN20121107,2012-11-07T04:00:00Z,2012-11-07T12:00:00Z,2012,11,7,12:00:00,25,22.9264,0.591,34.9239,Neutral,8.1901,NA,0,0,0,4.0415,0,0,4.0415,0,4.0415,0,0,0,0,0,0,0,0,0,0,0,0,0,0,0,0,0,0,0,0,0,0,0,0,0,0,0,0,0,0,0,0,0,0,0,0,0,0,0,4.0415,0,0,0,0,0,0,0,0,0,0,0,0,0,0,0,0,0,0,24.249,0,0,0,0,0,0,0,0,0,0,0,0,0,0,0,0,0,0,0,0,0,0,0,0,0,0,0,0,0,0,0,0,0,0,0,0,0,0,0,0,0,0,0,8.083,0,0,4.0415,8.083,8.083,0,0,0,68.7056,0,0,0,0,0,0,40.4151,0,0,0,0,0,20.2075,0,0,0,0,0,0,0,0,0,0,0,0,0,4.0415,0,193.9923,0,0,0,0,0,0,0,0,0,0,0,0,0,0,0,0,0,0,0,0,0,0,0,0,0,0,0,4.0415,0,0,0,0,0,0,0,0,0,0,0,0,0,0,0,0,0,0,0,0,0
NRS,Ningaloo,NIN,21.99,113.779,NIN20130209,2013-02-09T01:22:00Z,2013-02-09T09:22:00Z,2013,2,9,9:22:00,25,28.7273,0.1563,34.8088,Neutral,49.5226,NA,0,254.6149,0,0,0,14.1453,0,0,0,0,0,0,0,0,0,0,0,183.8886,0,0,0,0,0,0,0,0,0,14.1453,0,0,0,0,0,0,0,0,0,0,14.1453,0,0,0,0,0,0,0,0,14.1453,0,0,0,0,0,0,0,0,0,0,14.1453,0,0,0,0,0,0,0,0,28.2905,0,127.3074,0,0,0,0,0,0,0,0,0,0,0,0,0,0,0,0,0,0,0,0,480.9393,0,0,0,0,0,0,0,0,0,0,0,0,0,0,0,0,0,0,28.2905,0,0,0,0,14.1453,0,0,0,0,0,0,282.9054,0,0,0,0,0,70.7264,14.1453,0,0,14.1453,707.2636,0,28.2905,28.2905,0,0,0,0,0,14.1453,28.2906,0,0,0,0,70.7264,0,70.7264,0,0,0,0,480.9392,0,0,0,0,0,0,42.4358,14.1453,0,0,0,0,0,0,0,0,0,0,0,0,0,0,0,0,0,0,0,0,0,0,0,0,0,0,0,0,0,0,0,0,0,0,0,0
NRS,Ningaloo,NIN,21.99,113.779,NIN20130509,2013-05-09T02:20:00Z,2013-05-09T10:20:00Z,2013,5,9,10:20:00,25,27.2691,0.3742,34.8475,La Nina,13.1692,NA,7.0726,63.6537,7.0726,0,0,0,0,0,7.0726,0,0,0,0,0,0,0,0,7.0726,0,0,0,0,0,0,0,7.0726,21.2179,0,7.0726,0,0,0,0,0,0,0,0,0,0,0,0,0,0,0,7.0726,0,0,7.0726,0,0,0,0,0,0,0,0,7.0726,0,0,0,0,0,0,0,0,0,0,7.0726,0,0,7.0726,0,0,0,28.2906,0,0,0,0,0,0,0,0,0,0,0,0,0,0,0,7.0726,0,0,0,7.0726,0,0,0,0,0,0,0,0,0,0,0,0,7.0726,0,7.0726,7.0726,0,0,0,77.799,0,0,0,0,0,14.1453,0,0,0,0,0,0,325.3413,49.5085,0,21.2179,0,169.7433,7.0726,14.1453,14.1453,0,0,14.1453,0,0,0,0,0,0,0,0,56.5811,0,14.1453,0,0,0,0,113.1622,0,0,0,0,0,0,0,0,0,0,0,0,0,0,0,0,0,0,0,0,0,0,0,0,0,0,0,0,7.0726,0,0,0,0,0,0,0,0,0,0,0,141.4526,0,0,0
NRS,Ningaloo,NIN,21.99,113.779,NIN20130806,2013-08-06T06:03:00Z,2013-08-06T14:03:00Z,2013,8,6,14:03:00,25,23.6983,0.3087,34.6312,Neutral,26.5082,NA,0,0,0,0,0,0,0,0,0,9.4302,0,0,0,0,0,0,0,4.7151,0,0,0,0,0,0,0,0,0,0,0,0,0,0,0,0,0,0,0,0,14.1453,0,0,0,0,0,0,0,0,61.2962,0,0,0,4.7151,0,0,0,0,0,0,4.7151,0,0,0,0,0,0,0,0,23.5755,0,0,0,0,0,0,0,0,0,0,0,0,0,0,4.7151,0,0,0,0,0,0,0,11.7877,0,0,0,4.7151,0,0,0,0,0,0,0,0,0,0,0,0,0,0,9.4302,9.4302,0,0,0,33.0056,4.7151,0,0,0,0,4.7151,0,0,0,0,0,0,9.4302,28.2905,0,0,0,14.1453,0,9.4302,28.2905,0,0,9.4302,18.8604,0,0,0,0,9.4302,0,0,70.7264,0,37.7207,0,0,0,0,18.8604,0,0,0,0,0,0,0,0,0,0,0,0,0,0,0,0,0,0,0,0,0,0,0,0,0,0,0,0,0,0,4.7151,0,4.7151,0,0,0,0,0,0,0,4.7151,0,4.7151,0
NRS,North Stradbroke Island,NSI,27.345,153.562,NSI20120213,2012-02-13T22:00:00Z,2012-02-14T08:00:00Z,2012,2,14,8:00:00,55,27.3723,0.1981,35.2011,La Nina,6.7512,NA,6.4296,0,0,0,0,0,0,0,0,3.2148,0,0,0,0,0,0,0,0,0,0,0,0,0,0,0,0,9.6445,0,0,0,0,0,0,0,0,0,0,0,3.2148,0,0,3.2148,0,0,3.2148,0,0,9.6445,0,0,0,0,0,0,0,0,0,0,0,0,0,0,3.2148,0,0,0,0,0,0,0,0,0,3.2148,0,0,0,0,0,0,0,0,0,0,0,0,0,0,0,3.2148,0,3.2148,0,3.2148,0,6.4297,0,3.2148,0,0,0,0,0,0,0,0,0,0,0,0,9.6445,3.2148,0,0,0,51.4374,0,0,0,0,0,16.0742,0,0,0,0,0,0,9.6445,6.4297,0,9.6445,0,0,6.4297,28.9335,0,0,0,0,3.2148,0,6.4297,0,0,0,0,0,3.2148,0,3.2148,0,0,0,0,0,0,0,0,0,0,0,0,0,0,0,0,0,0,0,0,0,0,0,0,0,0,0,0,0,0,0,0,0,0,0,0,3.2148,0,0,0,0,0,0,0,0,0,0,0,0
NRS,North Stradbroke Island,NSI,27.345,153.562,NSI20120229,2012-02-29T23:45:00Z,2012-03-01T09:45:00Z,2012,3,1,9:45:00,55,26.1364,0.2574,34.957,La Nina,9.0916,NA,3.2148,0,3.2148,0,0,0,0,0,3.2148,0,3.2148,0,0,0,0,0,0,0,0,0,0,0,0,0,0,0,0,0,3.2148,0,0,0,0,0,0,0,0,0,3.2148,0,0,3.2148,0,0,0,0,0,0,0,6.4297,0,0,0,0,0,0,0,0,0,0,0,0,0,0,0,0,0,3.2148,0,0,0,0,0,0,0,6.4297,0,0,0,0,0,0,0,0,0,0,0,0,0,0,3.2148,0,0,0,0,3.2148,0,0,0,0,3.2148,0,0,0,0,0,0,0,0,12.8594,3.2148,0,0,0,70.7264,0,0,0,0,0,32.1483,0,0,0,0,0,28.9335,3.2148,3.2148,0,0,0,3.2148,0,9.6445,19.289,0,3.2148,0,0,0,3.2148,3.2148,0,0,0,0,6.4297,0,0,0,0,0,0,0,0,0,0,0,0,0,0,0,0,0,0,0,0,0,3.2148,0,0,0,0,0,0,0,0,0,0,0,0,0,0,0,0,12.8593,6.4297,0,0,0,0,0,0,0,0,0,0,0
NRS,North Stradbroke Island,NSI,27.345,153.562,NSI20120511,2012-05-11T00:05:00Z,2012-05-11T10:05:00Z,2012,5,11,10:05:00,55,24.1864,0.2941,35.2183,Neutral,12.2164,NA,0,0,0,0,0,0,0,0,6.4297,0,0,0,0,0,0,0,0,0,0,0,0,0,0,0,0,0,12.8593,0,3.2148,0,0,0,0,0,0,0,3.2148,0,3.2148,0,0,0,0,0,3.2148,0,0,19.289,0,12.8593,0,0,0,0,0,0,0,0,0,0,0,0,0,0,0,0,6.4297,3.2148,0,0,0,0,0,0,0,0,0,0,0,0,0,0,0,3.2148,0,0,0,0,0,0,28.9334,0,9.6445,0,0,0,0,0,0,0,0,0,0,0,0,0,0,0,0,0,0,0,0,0,48.2225,3.2148,9.6445,0,0,0,22.5038,0,0,0,0,0,0,28.9335,16.0742,0,0,0,6.4297,9.6445,9.6445,3.2148,0,0,0,6.4297,0,0,0,0,0,0,0,41.7928,0,16.0742,0,0,0,0,25.7187,0,0,0,0,0,0,0,0,0,0,0,0,0,0,0,0,0,0,0,0,0,0,0,0,0,0,0,0,0,0,0,0,0,0,0,0,0,0,0,0,0,0,0,0
NRS,North Stradbroke Island,NSI,27.345,153.562,NSI20120620,2012-06-20T00:20:00Z,2012-06-20T10:20:00Z,2012,6,20,10:20:00,55,21.3545,0.778,35.402,Neutral,7.7156,NA,3.2148,0,0,0,0,0,0,0,6.4296,9.6445,0,0,0,0,0,0,0,0,0,0,0,0,0,0,0,0,0,0,0,0,0,0,0,0,0,0,0,0,22.5039,0,0,0,0,0,3.2148,0,6.4297,9.6445,0,0,0,0,0,0,0,0,0,0,0,0,0,0,0,0,3.2148,0,3.2148,6.4297,0,0,6.4297,0,6.4297,0,3.2148,0,0,0,0,0,0,0,0,0,0,0,0,0,0,0,41.7928,0,0,0,0,0,0,0,0,0,0,0,0,0,0,0,0,0,0,6.4296,0,0,0,0,25.7187,3.2148,3.2148,0,0,0,0,0,16.0742,0,0,0,0,9.6445,32.1483,0,0,0,3.2148,0,16.0742,12.8593,0,0,0,3.2148,0,0,0,0,0,0,0,41.7928,0,48.2225,0,0,0,0,28.9335,0,0,0,0,0,0,0,0,0,0,0,0,0,0,0,0,0,0,0,0,0,0,0,0,0,0,0,0,0,0,0,6.4297,6.4297,0,0,0,0,0,0,0,0,0,0,0
NRS,North Stradbroke Island,NSI,27.345,153.562,NSI20120806,2012-08-06T00:15:00Z,2012-08-06T10:15:00Z,2012,8,6,10:15:00,55,21.211764285714285,0.4466846153846154,35.55435714285714,Neutral,7.4134,NA,0,0,3.2148,0,0,0,0,0,0,3.2148,0,0,0,0,0,0,0,9.6445,0,0,0,0,0,0,0,0,0,0,6.4297,0,0,0,0,0,0,0,0,0,0,0,0,0,0,0,0,0,0,9.6445,0,3.2148,0,0,0,0,0,0,0,0,0,0,0,3.2148,0,0,0,0,0,12.8593,0,0,0,0,0,0,0,0,0,0,0,0,0,0,0,0,0,0,0,0,0,0,16.0742,0,0,0,6.4297,0,0,0,0,0,0,0,0,0,0,0,0,0,0,0,6.4297,3.2148,0,0,54.6521,3.2148,9.6445,0,0,0,0,0,0,0,0,0,22.5038,16.0742,22.5038,0,0,0,0,9.6445,12.8593,25.7187,3.2148,0,22.5038,16.0742,0,0,3.2148,0,0,0,0,0,0,19.289,0,0,0,0,6.4297,0,0,0,0,0,0,0,0,0,0,0,0,0,0,0,0,0,0,0,0,0,0,0,0,0,0,0,0,0,0,0,0,0,0,0,0,0,0,0,0,0,0,0,0
NRS,North Stradbroke Island,NSI,27.345,153.562,NSI20120821,2012-08-21T00:15:00Z,2012-08-21T10:15:00Z,2012,8,21,10:15:00,55,21.0729,0.3879,35.5084,Neutral,14.0038,NA,0,0,0,0,0,0,0,0,3.2148,0,0,0,0,0,0,0,0,0,0,0,0,0,0,0,0,0,0,3.2148,3.2148,0,0,0,0,0,0,0,0,0,3.2148,0,0,0,0,0,0,0,0,0,0,0,0,0,0,0,0,0,0,0,0,0,0,0,0,0,0,0,0,0,0,0,0,0,0,0,0,0,0,0,0,0,0,0,3.2148,0,0,0,0,3.2148,0,0,61.0818,0,3.2148,0,0,0,0,0,0,0,0,0,0,0,0,0,0,0,0,0,6.4297,0,0,0,19.289,0,6.4296,0,0,0,19.289,6.4297,0,0,0,0,0,28.9335,16.0742,0,0,0,3.2148,3.2148,6.4297,6.4297,0,0,0,3.2148,0,3.2148,0,3.2148,0,0,0,19.289,0,19.289,0,0,0,0,0,0,0,0,0,0,0,0,0,0,3.2148,0,0,0,3.2148,0,0,0,0,0,0,0,0,0,0,0,0,0,0,0,0,0,9.6445,0,0,0,0,0,0,0,0,3.2148,0,0,0
NRS,North Stradbroke Island,NSI,27.345,153.562,NSI20120912,2012-09-12T00:20:00Z,2012-09-12T10:20:00Z,2012,9,12,10:20:00,55,21.0345,0.2632,35.5015,Neutral,19.019,NA,0,0,2.5719,0,0,0,0,0,0,0,0,0,0,0,0,0,0,0,0,0,0,0,0,0,0,0,0,0,0,0,0,0,0,0,0,0,0,2.5719,0,0,0,0,0,0,0,0,0,5.1437,0,5.1437,0,0,0,0,0,0,0,0,0,0,0,0,0,0,0,0,0,2.5719,0,0,0,0,0,0,7.7156,0,0,2.5719,0,0,0,0,0,0,0,0,0,0,0,0,115.734,0,2.5719,2.5719,0,0,0,0,0,0,0,0,0,0,0,0,0,0,0,0,0,0,0,0,36.006100000000004,0,2.5719,0,0,0,12.8593,0,0,0,0,0,0,41.1499,25.7187,0,0,0,0,0,0,0,0,0,0,2.5719,2.5719,0,2.5719,0,0,2.5719,0,10.2874,0,20.5749,0,0,0,0,2.5719,0,0,0,0,0,0,0,0,0,0,0,0,0,0,0,0,0,0,0,0,0,0,0,0,0,0,0,0,0,0,0,5.1437,56.5811,0,0,0,0,0,0,0,0,0,0,0
NRS,North Stradbroke Island,NSI,27.345,153.562,NSI20121017,2012-10-17T00:20:00Z,2012-10-17T10:20:00Z,2012,10,17,10:20:00,55,21.5939,0.2537,35.513,Neutral,21.7194,NA,3.2148,0,0,0,0,0,0,0,3.2148,0,0,0,0,0,0,0,0,0,0,0,0,0,0,0,0,0,0,0,0,0,0,3.2148,0,0,0,0,0,0,0,0,0,0,0,0,0,0,0,0,0,0,0,0,0,0,0,0,0,0,3.2148,0,0,0,0,0,0,0,0,0,0,0,3.2148,0,0,0,0,0,0,0,0,0,0,0,0,0,0,0,0,0,0,0,70.7264,0,0,0,0,0,0,0,0,0,0,0,0,0,0,0,0,0,0,0,0,0,0,0,109.3044,3.2148,0,0,0,0,16.0742,0,0,0,0,0,0,32.1483,9.6445,0,3.2148,0,0,0,3.2148,6.4297,3.2148,0,3.2148,9.6445,0,0,0,0,0,0,0,3.2148,0,0,0,0,3.2148,0,0,0,0,0,0,0,0,0,0,0,0,0,0,0,0,0,0,0,0,0,0,0,0,0,0,0,3.2148,0,0,0,0,0,0,9.6445,0,0,0,0,0,0,0,3.2148,0,0,0
NRS,North Stradbroke Island,NSI,27.345,153.562,NSI20121114,2012-11-14T00:45:00Z,2012-11-14T10:45:00Z,2012,11,14,10:45:00,55,23.7813,0.2247,35.3658,Neutral,19.5462,NA,0,0,0,0,0,0,0,0,12.8593,0,0,0,0,0,0,0,0,0,0,0,0,0,0,0,3.2148,0,0,0,3.2148,0,0,0,0,0,0,0,0,0,0,0,0,0,0,0,6.4297,0,3.2148,3.2148,0,0,0,0,0,0,0,0,0,0,0,0,0,0,0,0,0,0,0,16.0742,0,0,0,0,0,0,0,0,0,0,0,0,0,0,0,0,3.2148,0,0,0,0,0,25.7186,0,0,0,0,0,0,0,0,0,0,0,0,0,0,0,0,0,0,0,3.2148,3.2148,0,0,38.578,3.2148,0,0,0,0,12.8593,0,3.2148,0,0,0,0,28.9335,16.0742,0,0,0,6.4297,9.6445,3.2148,32.1483,0,0,6.4297,9.6444,0,3.2148,0,0,0,0,0,0,0,25.7186,0,0,0,0,22.5039,0,0,0,0,0,0,0,0,6.4297,0,0,3.2148,0,0,0,0,0,0,0,0,0,0,0,0,0,0,0,0,0,0,0,0,9.6445,0,0,0,0,0,0,0,3.2148,0,0,0
NRS,North Stradbroke Island,NSI,27.345,153.562,NSI20130111,2013-01-11T00:40:00Z,2013-01-11T10:40:00Z,2013,1,11,10:40:00,55,25.8209,0.2934,35.5519,Neutral,14.4732,NA,0,0,12.8593,12.8593,0,0,0,0,0,0,0,0,0,0,0,0,0,12.8593,0,0,0,0,0,0,0,0,6.4297,0,0,0,0,0,0,0,0,0,0,0,19.289,0,0,0,0,0,6.4297,0,0,12.8593,0,6.4297,0,0,0,0,0,0,6.4297,0,0,0,0,0,0,0,0,0,0,0,0,0,6.4297,0,6.4297,0,0,0,0,0,0,0,0,0,0,0,0,0,0,0,0,0,38.578,6.4297,0,0,6.4297,0,0,0,0,0,0,0,0,0,0,0,0,0,0,154.312,0,0,0,0,604.3889,6.4297,0,0,0,0,0,6.4297,0,0,0,0,0,64.2967,51.4374,0,0,0,38.578,12.8593,25.7187,6.4297,6.4297,0,0,0,0,12.8594,6.4297,0,0,0,0,6.4297,0,32.1483,0,0,0,0,32.1483,0,0,0,0,0,0,0,0,0,0,0,0,0,0,0,0,0,0,0,0,0,0,0,0,0,0,0,0,0,0,0,0,57.867,0,0,0,0,0,0,0,0,0,0,0
NRS,North Stradbroke Island,NSI,27.345,153.562,NSI20130123,2013-01-23T00:15:00Z,2013-01-23T10:15:00Z,2013,1,23,10:15:00,55,27.2834,0.1901,35.4275,Neutral,11.3226,NA,6.4297,0,0,0,0,0,0,0,19.289,0,0,0,0,0,0,0,0,0,0,0,0,0,0,0,0,0,0,3.2148,0,0,0,0,6.4297,0,0,0,0,0,3.2148,0,0,0,0,0,3.2148,0,0,9.6445,0,0,0,3.2148,0,0,0,0,0,0,6.4297,0,0,0,3.2148,0,0,0,0,0,0,0,0,0,0,0,0,0,0,0,6.4297,0,0,0,0,0,0,0,0,0,0,0,12.8594,0,0,0,3.2148,0,0,0,0,0,0,0,0,0,0,0,0,0,0,3.2148,0,0,0,0,73.9412,0,6.4296,0,0,0,0,0,0,0,0,0,0,22.5038,25.7187,0,3.2148,0,3.2148,0,6.4297,22.5038,0,0,3.2148,3.2148,0,6.4296,0,0,0,0,0,12.8593,0,28.9335,0,0,0,0,25.7186,0,0,0,0,0,0,0,0,0,0,0,0,0,0,0,0,0,0,0,0,0,0,0,0,0,0,0,0,0,0,0,6.4297,28.9335,0,0,0,0,0,0,0,0,0,0,0
NRS,North Stradbroke Island,NSI,27.345,153.562,NSI20130326,2013-03-26T01:10:00Z,2013-03-26T11:10:00Z,2013,3,26,11:10:00,55,25.552,0.2999,34.4418,Neutral,8.8086,NA,0,0,0,0,0,0,0,0,70.7264,0,0,0,0,0,0,0,0,0,0,0,0,0,0,6.4297,0,0,0,0,6.4297,0,0,0,0,0,0,0,0,0,25.7187,0,0,12.8593,0,0,32.1483,0,0,38.578,0,0,0,0,0,0,0,0,0,0,0,0,0,6.4297,6.4297,0,0,0,0,0,0,0,0,0,0,0,0,6.4297,0,0,0,0,0,0,0,0,0,0,0,0,0,0,45.0077,0,0,0,25.7187,0,0,0,0,0,0,0,0,0,0,0,0,0,0,167.1714,6.4297,0,0,0,270.0461,0,12.8594,0,0,0,0,0,0,0,0,0,0,25.7187,38.578,0,0,0,0,0,102.8747,0,0,0,19.289,38.578,0,0,0,0,0,0,0,25.7187,0,77.156,0,0,0,0,19.289,0,0,0,0,0,0,0,0,0,0,0,0,0,0,0,0,0,0,0,0,0,0,0,0,0,0,0,0,0,6.4297,0,6.4297,19.289,0,0,0,0,0,0,0,25.7187,0,0,0
NRS,North Stradbroke Island,NSI,27.345,153.562,NSI20130418,2013-04-18T00:05:00Z,2013-04-18T10:05:00Z,2013,4,18,10:05:00,55,25.3836,0.1424,35.2609,Neutral,8.7251,NA,0,0,2.8576,0,0,0,0,0,1.4288,0,0,0,0,0,0,0,0,0,0,0,0,0,0,2.8576,0,0,0,0,0,0,0,0,0,0,0,0,0,0,1.4288,0,0,0,0,0,0,0,0,5.7153,0,2.8576,0,0,0,1.4288,0,0,0,0,1.4288,0,0,1.4288,0,0,0,0,1.4288,0,0,1.4288,0,0,0,0,0,0,0,0,0,0,0,0,0,0,0,0,0,0,0,0,1.837,0,0,1.4288,0,0,0,0,0,0,0,0,0,0,0,0,0,0,0,0,0,0,0,0,21.4322,0,4.6946,0,0,0,0,0,0,0,0,0,0,4.2864,5.7153,0,0,0,4.2864,4.2864,0,7.1441,0,0,0,2.8576,0,4.2864,0,0,0,0,0,1.4288,0,4.2864,0,0,0,0,2.8576,0,0,0,0,0,0,0,0,0,0,0,0,0,0,0,0,0,0,0,0,0,0,0,0,0,0,0,0,0,0,0,0,0,0,0,0,0,0,0,0,0,0,0,0
NRS,North Stradbroke Island,NSI,27.345,153.562,NSI20130520,2013-05-20T00:05:00Z,2013-05-20T10:05:00Z,2013,5,20,10:05:00,55,23.5572,0.2926,35.2853,La Nina,11.2069,NA,0,0,3.2148,0,0,0,0,0,0,9.6445,3.2148,3.2148,0,0,0,0,0,0,3.2148,0,0,0,0,0,0,0,3.2148,0,0,0,0,0,3.2148,0,0,0,0,0,3.2148,0,0,0,0,0,12.8593,0,3.2148,28.9335,0,0,0,0,0,0,0,0,0,0,0,0,0,6.4296,0,0,0,0,0,3.2148,0,0,0,0,0,0,0,0,0,0,0,0,0,0,0,0,0,0,0,0,0,0,19.289,0,0,0,6.4297,0,0,0,0,0,0,0,0,0,0,0,0,0,0,16.0742,0,0,0,0,16.0742,35.3632,9.6445,0,0,0,3.2148,0,0,0,0,0,3.2148,0,9.6445,0,0,0,0,0,9.6445,16.0742,0,0,0,0,0,0,0,0,3.2148,0,0,32.1483,0,22.5038,0,0,0,0,0,0,0,0,0,0,0,0,0,0,0,0,0,0,0,0,0,0,0,0,0,0,0,0,0,0,0,0,0,0,0,0,9.6445,3.2148,0,0,0,0,0,0,0,3.2148,0,0,0
NRS,North Stradbroke Island,NSI,27.345,153.562,NSI20130706,2013-07-06T23:40:00Z,2013-07-07T09:40:00Z,2013,7,7,9:40:00,55,22.1213,0.2581,35.5145,La Nina,5.2595,NA,0,0,0,0,0,0,0,0,0,0,0,0,0,0,0,0,0,0,0,0,0,0,0,0,0,0,0,0,0,0,0,0,0,0,0,0,0,0,0,0,0,0,0,0,0,0,0,0,0,19.289,0,0,0,0,0,0,0,0,0,0,0,6.4297,0,0,0,0,0,45.0077,0,0,0,0,0,0,0,0,0,0,0,0,0,0,0,0,0,0,0,0,0,0,6.4297,6.4297,0,0,0,0,6.4297,0,0,0,0,0,0,0,0,0,0,0,0,0,19.289,0,0,0,70.7264,0,6.4297,6.4297,0,0,0,12.8593,0,0,0,0,0,0,64.2967,0,0,0,12.8593,6.4297,0,0,0,0,12.8593,32.1483,0,0,0,0,0,0,0,25.7187,0,25.7187,0,0,6.4297,0,12.8593,0,0,0,0,0,0,0,0,0,0,6.4297,0,0,0,0,0,0,0,0,0,0,0,0,0,0,0,0,0,0,0,0,0,0,0,0,0,0,0,0,0,0,0,0,0
NRS,North Stradbroke Island,NSI,27.345,153.562,NSI20130806,2013-08-06T00:15:00Z,2013-08-06T10:15:00Z,2013,8,6,10:15:00,55,20.8545,0.2792,35.5144,Neutral,13.5087,NA,0,0,0,0,0,0,0,0,6.4296,0,0,0,0,0,0,0,0,0,0,0,0,0,0,0,0,0,0,0,0,0,0,0,0,0,2.1432,0,2.1432,0,6.4296,0,0,2.1432,0,0,0,0,0,2.1432,0,0,0,0,0,2.1432,0,0,0,0,0,0,0,0,0,0,0,0,0,0,0,0,0,0,0,0,0,0,0,0,0,0,0,0,0,0,0,0,0,0,0,0,99.6599,2.1432,2.1432,0,0,0,0,0,0,0,0,0,0,0,0,0,0,0,0,0,2.1432,0,0,0,6.4297,0,0,0,0,0,0,4.2864,0,0,0,0,0,15.0026,10.7161,0,0,0,6.4297,0,2.1432,0,0,0,10.7161,4.2864,0,4.2864,0,0,0,0,0,0,0,34.2915,0,0,0,0,17.1458,0,0,0,0,0,0,0,0,0,6.4296,0,0,0,0,0,0,0,0,0,0,0,0,0,0,0,0,0,0,0,0,0,0,0,0,0,0,0,0,0,0,2.1432,0,0,0
NRS,North Stradbroke Island,NSI,27.345,153.562,NSI20130819,2013-08-19T00:10:00Z,2013-08-19T10:10:00Z,2013,8,19,10:10:00,55,22.038,0.3939,35.5313,Neutral,5.2145,NA,0,0,0,0,0,0,0,0,0,0,3.2148,1.6074,0,0,0,1.6074,0,0,0,0,0,0,0,0,0,0,0,0,0,0,0,0,0,0,0,0,0,0,0,0,0,0,0,0,3.2148,0,0,0,0,3.2148,0,0,0,1.6074,0,0,0,0,0,0,0,0,0,0,0,0,3.2148,4.8223,0,0,0,0,0,0,0,0,0,0,0,0,0,0,0,0,0,0,0,0,0,0,12.3235,0,1.6074,0,1.6074,0,0,0,0,0,0,0,0,0,0,0,0,0,0,0,1.6074,0,0,0,8.0371,0,6.4297,0,0,0,9.6445,0,0,0,0,0,0,8.0371,3.2148,0,0,0,0,1.6074,1.6074,8.0371,0,0,4.8223,6.4296,1.6074,0,0,0,0,0,0,1.6074,0,12.8593,0,0,0,0,1.6074,0,0,0,0,0,0,0,0,0,0,0,0,0,0,0,0,0,0,0,0,0,0,0,0,0,0,0,0,0,0,0,0,0,1.6074,0,0,0,0,0,0,0,0,0,0
NRS,North Stradbroke Island,NSI,27.345,153.562,NSI20130913,2013-09-13T00:25:00Z,2013-09-13T10:25:00Z,2013,9,13,10:25:00,55,22.1405,0.2832,35.56,Neutral,10.282,NA,0,0,0,0,0,6.4297,0,0,0,12.8593,0,0,0,0,0,0,0,0,0,0,0,0,0,0,0,0,0,6.4297,0,0,0,0,0,0,0,0,0,0,0,0,0,0,0,0,0,0,0,38.578,0,0,0,0,0,0,0,0,0,0,0,0,0,0,0,0,0,0,0,12.8593,0,0,0,0,0,0,19.289,6.4297,0,0,0,0,0,0,0,0,0,0,0,0,0,0,38.578,0,12.8593,12.8593,12.8593,0,0,0,0,0,0,0,0,0,0,0,0,0,0,19.289,6.4297,0,0,0,45.0077,0,0,0,0,0,0,0,0,0,0,0,0,32.1483,19.289,0,0,0,25.7187,6.4297,12.8593,0,0,0,12.8593,12.8593,0,6.4297,0,0,0,6.4297,0,0,0,38.578,0,0,0,0,6.4297,0,0,0,0,0,0,0,0,0,0,0,0,0,0,0,0,0,0,0,0,0,0,0,0,0,0,0,0,0,0,0,0,19.289,0,0,0,0,0,0,0,0,0,0,0
NRS,North Stradbroke Island,NSI,27.345,153.562,NSI20131016,2013-10-16T00:40:00Z,2013-10-16T10:40:00Z,2013,10,16,10:40:00,55,21.8365,0.2159,35.5902,Neutral,17.9388,NA,0,13.7779,0,0,0,0,0,0,0.9185,0.9185,0,0,0,0,0,0,0,0,0,0,0,0,0,0,0,0,0,0,0,0,0,0,0,0,0,0,0,0,0,0,0,0,0,0,0,0,0,0.9185,0,0,0,0,0,0,0,0,0,0,0,0,0,0.9185,0.9185,0,0,0,0,0,0,0.9185,0,0,0,0,2.7556,0,0,0,0,0,0,0,0,0,0,0,0,0,0,0,6.4297,0,0,0.9185,0,0,0,0,0,0,0,0,0,0,0,0,0,0,0,0,0.9185,0,0,0,19.289,0,0,0,0,0,0,0,0,0,0,0,0.9185,8.2667,3.6741,0,0,7.3482,0,0,0.9185,1.837,0,0,1.837,1.837,0,0,0.9185,0,0,0.9185,0,1.837,0,3.6741,0,0,0,0,0,0,0,0,0,0,0,0,0,0,0,0,0,0,0,0,0.9185,0,0,0,0,0,0,0,0,0,0,0,0,0,0,0,0,35.3631,0,0,0,0,0,0,0,0,0,0,0
NRS,North Stradbroke Island,NSI,27.345,153.562,NSI20131121,2013-11-21T23:55:00Z,2013-11-22T09:55:00Z,2013,11,22,9:55:00,55,24.2147,0.2167,35.5747,Neutral,14.6404,NA,0,0,0,0,0,0,0,0,6.4297,0,0,0,0,0,0,0,0,0,0,0,0,0,0,0,0,0,0,0,0,0,0,0,0,0,0,0,0,0,0,0,0,0,0,0,0,0,0,0,0,12.8593,0,0,0,0,0,0,0,0,0,0,0,0,0,0,0,0,0,12.8593,0,0,0,0,0,0,6.4297,6.4297,0,0,0,0,0,0,0,0,0,0,0,0,0,0,0,0,0,6.4297,0,0,0,0,0,0,0,0,0,0,0,0,0,0,0,45.0077,0,0,0,0,64.2967,0,12.8593,0,0,0,0,0,0,0,0,0,0,12.8593,6.4297,0,6.4297,0,0,0,0,102.8747,0,0,0,19.289,0,12.8593,0,0,0,0,0,25.7187,0,12.8593,0,0,0,0,57.867,0,0,6.4297,0,0,0,0,0,0,0,0,0,0,0,0,0,0,0,0,0,0,0,0,0,0,0,0,0,0,0,0,6.4297,25.7187,6.4297,0,0,0,0,0,0,0,0,0,0
NRS,North Stradbroke Island,NSI,27.345,153.562,NSI20131212,2013-12-12T00:20:00Z,2013-12-12T10:20:00Z,2013,12,12,10:20:00,55,23.4145,0.7929,35.7229,Neutral,11.0783,NA,0,0,0,6.4297,0,0,0,0,0,0,0,0,0,0,0,0,0,6.4297,0,0,0,0,0,0,0,0,0,0,0,0,0,0,0,0,0,0,0,0,0,0,0,0,0,0,0,0,0,0,0,12.8593,0,0,0,0,0,0,0,0,0,0,0,0,0,0,0,0,0,6.4297,0,0,6.4297,0,0,0,0,0,6.4297,0,0,0,0,0,0,0,0,0,0,0,0,0,12.8593,0,0,0,0,0,0,0,0,0,0,0,0,0,0,0,0,0,0,0,6.4297,0,0,0,57.867,0,0,0,0,0,0,0,0,0,0,0,12.8593,38.578,12.8593,0,0,0,38.578,0,12.8593,51.4374,0,0,6.4297,0,0,0,6.4297,0,0,0,0,6.4297,0,51.4373,0,0,0,0,25.7187,0,0,0,0,0,0,0,0,0,0,0,0,0,0,0,0,0,0,0,0,0,0,0,0,0,0,0,0,0,0,0,0,32.1483,0,0,0,0,0,0,0,0,0,0,0
NRS,North Stradbroke Island,NSI,27.345,153.562,NSI20140213,2014-02-13T00:20:00Z,2014-02-13T10:20:00Z,2014,2,13,10:20:00,55,25.4559,0.1782,35.6592,Neutral,13.0201,NA,0,0,0,0,0,0,0,1.837,7.3482,0,0,0,0,0,0,0,0,0,0,0,0,0,0,0,0,0,0,0,0,0,0,0,0,0,0,0,0,0,0,0,0,1.837,0,0,0,0,0,3.6741,0,0,0,0,0,0,0,0,0,0,0,0,0,0,0,0,0,0,0,0,0,3.6741,3.6741,0,0,0,0,0,0,0,0,0,0,0,0,0,0,0,0,0,0,0,9.1852,0,0,0,1.837,0,0,0,0,0,0,0,0,0,0,0,0,0,0,3.6741,0,0,0,0,20.2075,0,0,0,0,0,0,0,0,0,0,0,0,1.837,12.8593,0,0,0,5.5111,0,3.6741,12.8593,0,0,1.837,7.3481,0,0,0,0,0,0,0,18.3705,0,14.6964,0,0,0,0,1.837,0,0,0,0,0,0,0,0,0,0,0,0,0,0,0,1.837,0,0,0,0,0,0,3.674,0,0,0,0,0,0,0,0,3.674,3.6741,0,0,0,0,0,0,0,0,0,0,0
NRS,North Stradbroke Island,NSI,27.345,153.562,NSI20140306,2014-03-06T00:15:00Z,2014-03-06T10:15:00Z,2014,3,6,10:15:00,55,25.2911,0.2849,35.6054,Neutral,23.1468,NA,0,0,0,3.2148,0,0,0,0,0,0,0,0,0,0,0,0,0,0,0,0,0,0,0,0,0,0,0,0,0,0,0,0,0,0,0,0,0,0,3.2148,0,0,0,0,0,0,0,9.6445,0,0,0,0,0,0,0,0,0,0,0,0,0,0,0,3.2148,0,0,0,0,28.9335,0,0,0,0,0,0,0,0,0,0,0,0,0,0,0,0,0,0,0,0,0,0,32.1483,0,3.2148,0,3.2148,0,0,0,0,0,0,0,0,0,0,0,0,0,0,3.2148,3.2148,0,0,0,12.8593,0,0,0,0,0,0,3.2148,0,0,0,0,0,9.6445,16.0742,0,3.2148,0,16.0742,0,0,38.578,0,0,6.4297,16.0741,0,0,0,0,0,0,0,9.6445,0,16.0742,0,0,0,0,9.6445,0,0,0,0,0,0,0,0,0,0,0,0,0,0,0,0,0,0,0,0,0,0,0,0,0,3.2148,0,0,0,0,0,0,3.2148,0,0,0,0,0,0,0,0,0,0,0
NRS,North Stradbroke Island,NSI,27.345,153.562,NSI20140404,2014-04-04T00:45:00Z,2014-04-04T10:45:00Z,2014,4,4,10:45:00,55,25.7288,0.1626,35.2348,Neutral,14.576,NA,0,0,0,3.2148,0,0,0,0,3.2148,3.2148,0,0,0,0,0,0,0,0,0,0,3.2148,0,0,0,0,0,0,0,0,0,0,6.4296,0,0,0,0,0,0,9.6445,0,0,9.6445,0,3.2148,0,0,9.6445,3.2148,0,3.2148,0,0,0,0,0,0,0,0,0,0,0,6.4296,0,0,0,0,0,0,0,6.4297,0,0,0,0,3.2148,0,0,3.2148,3.2148,0,0,0,0,0,0,0,0,0,0,0,0,6.4297,6.4297,3.2148,12.8593,0,0,0,0,0,0,0,0,0,0,0,0,0,0,3.2148,3.2148,0,0,0,48.2225,0,0,0,0,0,0,0,0,0,0,0,0,22.5038,22.5038,0,0,0,3.2148,0,3.2148,12.8593,0,0,0,0,0,6.4297,0,0,3.2148,3.2148,0,35.3632,0,12.8593,0,0,0,0,41.7928,0,0,0,0,0,0,0,0,0,0,0,0,0,0,0,0,0,0,0,0,0,0,0,0,0,0,0,0,0,3.2148,0,0,16.0741,0,0,0,0,0,0,0,6.4297,0,3.2148,0
NRS,North Stradbroke Island,NSI,27.345,153.562,NSI20140507,2014-05-07T00:25:00Z,2014-05-07T10:25:00Z,2014,5,7,10:25:00,55,24.5224,0.1815,35.3638,Neutral,9.9403,NA,0,0,0,0,0,0,0,0,0,0,0,0,0,0,0,0,0,0,0,0,0,0,0,0,0,0,0,0,0,0,0,0,0,0,0,0,0,0,3.2148,0,0,0,0,0,0,0,0,6.4297,0,0,0,0,0,3.2148,0,0,0,0,0,0,0,0,0,0,0,0,0,0,0,0,0,0,0,0,0,0,0,0,0,0,0,0,0,0,0,0,0,0,0,0,6.4297,0,0,6.4297,3.2148,0,0,0,0,0,0,0,0,0,0,0,0,0,0,3.2148,6.4297,0,0,0,19.289,0,0,0,0,0,3.2148,0,0,0,0,0,0,12.8593,6.4297,0,9.6445,0,0,3.2148,9.6445,9.6445,0,0,6.4297,9.6445,3.2148,0,0,0,0,0,0,0,0,22.5038,0,0,0,0,16.0742,0,0,0,0,0,0,0,0,0,0,0,0,0,0,0,0,0,0,0,0,0,0,0,0,0,0,0,0,0,0,0,0,0,0,0,0,0,0,0,0,0,0,0,0
NRS,North Stradbroke Island,NSI,27.345,153.562,NSI20140623,2014-06-23T00:20:00Z,2014-06-23T10:20:00Z,2014,6,23,10:20:00,55,23.4141,0.2175,35.3952,Neutral,10.1267,NA,0,0,0,0,0,0,0,0,3.2148,3.2148,0,0,0,0,0,0,0,0,0,0,0,0,0,0,0,0,0,0,0,0,0,0,0,0,0,0,0,0,6.4297,0,0,0,3.2148,0,3.2148,0,9.6445,28.9335,0,3.2148,0,0,0,0,0,0,0,0,0,0,0,0,0,0,0,0,0,9.6445,0,0,0,0,0,0,0,0,0,0,0,0,0,0,0,0,0,0,0,0,0,0,6.4297,0,6.4297,0,6.4297,0,0,0,0,0,0,0,0,0,0,0,0,0,0,0,0,0,0,0,35.3632,0,0,0,0,0,0,0,0,0,0,0,0,12.8593,16.0742,0,3.2148,3.2148,3.2148,6.4297,3.2148,3.2148,0,0,0,22.5038,0,0,0,0,0,0,0,0,0,6.4296,0,0,0,0,6.4296,0,0,0,0,0,0,0,0,0,0,0,0,0,0,0,0,0,0,0,0,0,0,0,0,0,6.4297,0,0,0,0,0,0,0,0,0,0,0,0,0,0,0,0,0,0
NRS,North Stradbroke Island,NSI,27.345,153.562,NSI20140725,2014-07-25T00:35:00Z,2014-07-25T10:35:00Z,2014,7,25,10:35:00,55,21.4964,0.2761,35.5885,Neutral,12.3192,NA,0,0,3.2148,0,0,0,0,0,3.2148,6.4297,0,0,0,3.2148,0,0,0,0,0,0,0,0,0,0,0,0,3.2148,0,0,0,0,0,0,0,0,0,0,0,0,0,0,0,3.2148,0,9.6445,0,0,9.6445,0,0,0,0,0,3.2148,0,0,0,0,0,0,0,0,0,0,3.2148,0,3.2148,6.4297,0,0,0,0,0,0,0,0,0,0,0,0,0,0,0,0,0,0,0,0,0,0,16.0741,0,0,0,0,0,3.2148,0,0,0,0,0,0,0,0,0,0,0,0,0,16.0742,3.2148,0,0,12.8593,3.2148,0,0,0,0,0,3.2148,0,0,0,0,6.4297,6.4297,25.7187,0,3.2148,0,3.2148,3.2148,0,16.0742,0,0,0,19.289,6.4297,0,0,0,0,0,0,3.2148,0,22.5039,0,0,0,0,0,0,0,3.2148,3.2148,0,0,0,0,0,0,0,0,0,0,0,0,0,0,0,0,0,0,0,0,0,6.4297,0,0,0,0,0,0,0,0,0,0,0,0,0,0,0,0,0,0
NRS,North Stradbroke Island,NSI,27.345,153.562,NSI20140901,2014-09-01T00:10:00Z,2014-09-01T10:10:00Z,2014,9,1,10:10:00,55,22.0347,0.2223,35.5092,Neutral,9.233,NA,2.5719,0,0,0,0,0,0,0,0,10.2875,0,0,0,0,0,0,0,0,0,0,0,0,0,0,0,0,0,0,0,0,0,0,0,0,0,0,0,0,2.5719,0,0,0,0,0,2.5719,0,0,2.5719,0,0,0,0,2.5719,10.2875,0,0,0,0,0,0,0,0,0,0,0,0,2.5719,15.4312,0,0,0,0,0,0,0,0,0,0,0,0,0,0,0,0,0,0,0,0,0,0,90.0154,0,10.2875,2.5719,0,0,0,0,0,0,0,0,0,0,0,0,0,0,0,0,2.5719,0,0,0,33.4343,5.1437,0,0,0,0,0,0,0,0,0,0,0,23.1468,12.8593,0,0,7.7156,7.7156,5.1437,2.5719,23.1468,0,0,0,7.7156,0,0,0,0,0,0,0,5.1437,0,33.4343,0,0,0,0,5.1438,0,0,0,0,0,0,0,0,0,0,0,0,0,0,0,0,0,0,0,0,0,0,0,0,0,0,0,0,0,0,0,0,0,0,0,0,0,0,0,0,0,0,0,0
NRS,North Stradbroke Island,NSI,27.345,153.562,NSI20140917,2014-09-17T00:30:00Z,2014-09-17T10:30:00Z,2014,9,17,10:30:00,55,20.2216,0.3124,35.5115,Neutral,20.4206,NA,6.4297,0,12.8593,0,0,0,0,6.4297,0,6.4297,0,0,0,0,0,0,0,0,0,0,0,0,0,0,0,0,6.4297,0,0,0,0,0,0,0,0,0,0,0,6.4297,0,0,6.4297,0,0,6.4297,0,0,6.4297,0,0,0,0,0,0,0,0,0,0,0,0,0,0,0,0,0,0,0,38.578,0,0,0,0,0,0,6.4297,6.4297,0,0,0,0,0,0,0,0,0,0,0,0,0,0,128.5934,0,0,0,0,0,0,0,0,0,0,0,0,0,0,0,0,0,0,6.4297,0,0,0,0,109.3043,0,0,0,0,0,0,0,0,0,0,0,6.4297,70.7264,57.867,0,0,0,0,0,83.5857,0,0,0,32.1483,6.4297,0,0,0,0,0,0,0,12.8593,0,19.289,0,0,0,0,38.578,0,0,0,0,0,0,0,0,0,0,0,0,6.4297,0,0,0,0,0,0,0,0,0,0,0,0,6.4297,0,0,0,0,0,0,25.7187,0,0,0,0,0,0,0,0,0,0,0
NRS,North Stradbroke Island,NSI,27.345,153.562,NSI20141020,2014-10-20T00:45:00Z,2014-10-20T10:45:00Z,2014,10,20,10:45:00,55,22.8894,0.1629,35.5358,Neutral,6.6868,NA,0,0,0,0,0,0,0,6.4297,0,12.8593,0,0,0,0,0,0,0,0,0,0,0,0,0,0,0,0,0,0,0,0,0,0,0,0,0,0,0,0,0,0,0,0,0,0,0,0,0,22.5038,0,0,0,6.4297,0,3.2148,0,0,0,0,0,0,0,0,3.2148,0,0,0,0,3.2148,0,0,0,0,0,0,0,0,0,0,0,0,0,0,0,0,0,0,0,0,0,0,22.5038,0,19.289,0,9.6445,0,0,0,0,0,0,0,0,0,0,0,0,0,0,9.6445,3.2148,0,0,0,16.0742,0,0,0,0,0,3.2148,0,0,0,0,0,0,38.578,3.2148,0,3.2148,0,0,3.2148,19.289,0,0,0,0,3.2148,0,0,0,0,0,0,0,0,0,3.2148,0,0,0,0,3.2148,0,0,0,0,0,0,0,0,0,0,0,0,0,0,0,0,0,0,0,0,0,0,0,0,0,0,0,0,0,0,0,0,38.578,0,0,0,0,0,0,0,0,0,0,0
NRS,North Stradbroke Island,NSI,27.345,153.562,NSI20141107,2014-11-07T00:35:00Z,2014-11-07T10:35:00Z,2014,11,7,10:35:00,55,24.1681,0.303,35.4583,Neutral,11.3484,NA,0,0,0,0,3.2148,0,0,0,3.2148,3.2148,0,0,0,0,0,0,0,0,0,0,0,0,0,3.2148,0,0,0,0,0,0,0,0,0,0,0,0,0,0,6.4296,0,0,0,0,0,0,0,3.2148,16.0742,0,0,0,9.6445,0,0,0,0,0,0,0,0,0,0,0,0,0,0,0,12.8593,0,3.2148,3.2148,0,0,0,0,3.2148,0,0,0,0,0,0,0,0,0,0,0,0,0,0,70.7264,0,3.2148,0,0,0,0,0,0,0,0,0,0,0,0,0,3.2148,3.2148,0,9.6445,3.2148,0,0,0,28.9335,3.2148,0,0,0,0,0,0,0,0,0,0,6.4297,22.5038,19.289,0,0,6.4297,0,0,16.0742,22.5038,0,0,0,3.2148,0,0,0,0,0,0,0,0,0,12.8593,0,0,0,0,3.2148,0,0,0,0,0,0,0,0,0,0,0,0,0,0,0,0,0,0,0,0,0,0,0,0,0,3.2148,0,0,0,0,0,0,3.2148,0,0,0,0,0,0,0,0,0,0,0
NRS,North Stradbroke Island,NSI,27.345,153.562,NSI20141223,2014-12-23T00:35:00Z,2014-12-23T10:35:00Z,2014,12,23,10:35:00,55,26.128,0.1856,35.4787,Neutral,10.5254,NA,0,0,6.4297,0,0,0,0,0,0,0,0,0,0,0,0,0,0,0,0,0,0,0,0,0,0,0,0,6.4297,0,0,0,0,0,0,0,0,0,0,0,0,0,0,0,0,6.4297,0,6.4297,19.289,0,0,0,6.4297,0,0,0,0,0,0,0,0,0,0,0,0,0,0,0,0,0,0,0,0,0,0,0,12.8593,0,0,0,0,0,0,0,0,0,0,0,0,0,0,19.289,0,0,6.4297,0,0,0,0,0,0,0,0,0,0,0,0,0,0,0,96.4451,6.4297,0,0,0,12.8594,0,0,0,0,0,0,0,0,0,0,0,0,64.2967,45.0077,0,0,12.8593,12.8593,0,12.8593,122.1637,6.4297,0,0,19.2891,0,0,6.4297,0,0,0,0,32.1484,0,19.289,0,0,0,0,19.289,0,0,0,0,0,0,0,0,0,0,0,0,0,0,0,0,0,0,0,0,0,0,0,0,0,0,0,0,0,0,0,0,0,0,0,0,0,0,0,0,0,0,0,0
NRS,North Stradbroke Island,NSI,27.345,153.562,NSI20150119,2015-01-19T00:35:00Z,2015-01-19T10:35:00Z,2015,1,19,10:35:00,55,27.3494,0.1378,35.5112,Neutral,12.5829,NA,0,0,3.2148,0,0,0,0,0,0,0,0,3.2148,0,0,0,0,0,0,0,0,0,0,0,0,0,0,0,0,0,0,0,0,0,0,3.2148,0,0,0,3.2148,0,0,3.2148,0,3.2148,0,0,0,12.8593,0,0,0,3.2148,0,0,0,0,0,0,0,0,0,0,0,0,0,0,0,0,0,0,0,0,0,0,0,0,0,0,0,0,0,0,0,0,0,0,0,0,0,0,0,0,0,3.2148,0,0,0,0,0,0,0,0,0,0,0,0,0,0,0,12.8594,0,0,0,0,147.8824,0,0,0,0,0,0,0,0,0,0,0,0,12.8593,12.8593,0,0,3.2148,32.1483,0,3.2148,25.7187,0,0,0,16.0742,6.4297,3.2148,0,0,3.2148,0,0,6.4297,0,6.4297,0,0,0,0,6.4297,0,0,0,0,0,0,0,0,0,0,0,0,0,0,0,0,0,0,0,0,0,0,0,0,0,0,0,0,3.2148,0,0,0,12.8593,0,0,0,0,0,0,0,0,0,0,0
NRS,North Stradbroke Island,NSI,27.345,153.562,NSI20150304,2015-03-04T00:30:00Z,2015-03-04T10:30:00Z,2015,3,4,10:30:00,55,27.2356,0.1575,35.3706,Neutral,6.3011,NA,0,0,3.2148,0,0,0,0,0,6.4297,6.4297,0,0,0,0,0,0,0,0,0,0,0,0,0,0,0,0,3.2148,0,0,0,0,0,0,0,0,0,0,0,3.2148,0,0,0,0,3.2148,0,0,6.4297,19.289,0,0,0,0,0,0,0,0,0,0,0,0,0,0,0,0,0,0,0,0,0,0,0,0,0,0,0,0,0,0,0,0,0,0,0,0,0,0,0,0,0,0,6.4297,0,0,0,6.4297,0,0,0,0,0,0,0,0,0,0,0,0,0,0,3.2148,0,0,0,0,64.2967,6.4297,3.2148,0,0,0,3.2148,0,0,6.4297,0,0,0,12.8593,22.5038,0,0,0,32.1483,3.2148,9.6445,3.2148,0,0,0,3.2148,0,6.4297,0,0,0,0,0,25.7187,0,19.289,0,0,0,0,25.7186,0,0,0,0,0,0,0,0,0,0,0,0,0,0,0,0,0,0,0,0,0,0,0,0,0,0,0,0,0,0,0,0,0,0,0,0,0,0,0,0,3.2148,0,0,0
NRS,North Stradbroke Island,NSI,27.345,153.562,NSI20150323,2015-03-23T01:40:00Z,2015-03-23T11:40:00Z,2015,3,23,11:40:00,55,26.2285,0.3109,35.404,Neutral,16.222,NA,0,0,0,0,0,0,0,0,0,0,0,0,0,0,0,0,0,0,0,0,0,0,0,0,0,0,6.4297,0,0,0,0,0,6.4297,0,0,0,0,0,0,0,0,6.4297,0,0,0,0,6.4297,12.8593,0,0,0,0,0,6.4297,0,0,0,0,0,0,0,0,0,0,0,0,6.4297,32.1483,0,6.4297,0,0,0,0,0,0,6.4297,0,6.4297,0,0,0,0,0,0,0,0,0,0,0,57.8669,0,0,0,6.4297,0,0,0,0,0,0,0,0,0,0,0,0,0,0,0,0,0,6.4297,0,96.4451,0,0,0,0,0,0,6.4297,0,6.4297,0,0,0,32.1483,25.7187,0,0,0,6.4297,12.8593,19.289,6.4297,0,0,0,25.7186,6.4297,0,12.8593,0,0,0,0,12.8593,0,12.8594,0,0,0,0,19.289,0,0,0,0,0,0,0,0,0,0,0,0,0,0,0,0,0,0,0,0,0,0,0,0,0,0,0,0,0,0,6.4297,0,19.289,0,0,0,0,0,0,6.4297,0,0,0,0
NRS,North Stradbroke Island,NSI,27.345,153.562,NSI20150512,2015-05-12T00:15:00Z,2015-05-12T10:15:00Z,2015,5,12,10:15:00,55,24.3752,0.1871,35.4866,El Nino,9.6895,NA,1.837,0,0,0,0,0,0,0,0,3.6741,0,0,0,0,1.837,0,0,0,0,0,1.837,0,0,0,0,0,5.5111,1.837,0,0,0,0,0,0,0,0,0,0,1.837,0,0,0,1.837,0,1.837,0,0,3.6741,0,0,0,1.837,0,0,0,0,0,0,0,0,0,0,0,0,0,0,0,7.3482,0,0,0,0,0,0,0,1.837,0,1.837,0,0,0,0,0,0,0,0,0,0,0,0,5.1437,0,0,0,9.1852,0,0,0,0,0,0,0,0,0,0,0,0,0,0,4.4089,0,0,0,0,58.7855,0,3.6741,0,0,0,0,0,0,0,0,0,0,1.837,22.0446,0,0,0,1.837,0,7.3482,11.0223,0,0,0,9.1852,0,0,0,1.837,0,0,0,11.0223,0,1.837,0,0,0,0,22.0446,0,0,0,0,0,0,0,0,0,0,0,0,0,0,0,0,0,0,0,0,0,0,0,0,0,0,0,0,0,1.837,0,0,0,0,0,0,0,0,0,0,3.6741,0,0,0
NRS,North Stradbroke Island,NSI,27.345,153.562,NSI20150528,2015-05-28T00:15:00Z,2015-05-28T10:15:00Z,2015,5,28,10:15:00,55,22.5031,0.2909,35.6301,El Nino,9.3937,NA,0,0,0,0,0,0,0,0,0,0,0,3.2148,0,0,0,0,0,0,0,0,0,0,0,0,0,0,9.6445,3.2148,0,0,0,0,0,0,0,0,0,0,0,0,0,0,0,0,0,0,0,0,0,0,0,0,0,0,0,0,0,0,0,0,0,0,0,0,0,0,0,22.5038,0,0,0,0,0,0,0,0,0,0,0,0,0,0,0,0,0,0,0,0,0,0,22.5038,3.2148,0,0,0,0,0,0,0,0,0,0,0,0,0,0,0,0,0,6.4297,12.8593,0,0,0,32.1484,0,6.4297,0,0,0,0,0,0,0,0,0,0,19.289,12.8593,0,0,0,0,9.6445,3.2148,0,0,0,0,6.4296,0,0,0,0,0,0,0,19.289,0,16.0741,0,0,0,0,3.2148,0,0,0,0,0,0,0,0,0,0,0,0,0,0,0,0,0,0,0,0,0,0,0,0,0,0,0,0,3.2148,0,0,6.4297,3.2148,0,0,0,0,0,0,0,0,0,0,0
NRS,North Stradbroke Island,NSI,27.345,153.562,NSI20150624,2015-06-24T00:30:00Z,2015-06-24T10:30:00Z,2015,6,24,10:30:00,55,22.30393846153846,0.3884166666666667,35.42188461538461,El Nino,8.9501,NA,0,0,0,0,0,0,0,0,0,0,0,0,0,0,0,0,0,0,0,0,0,0,3.2148,0,0,0,0,0,0,0,0,0,0,0,0,0,0,0,0,0,0,0,0,0,3.2148,0,0,25.7187,0,0,0,0,0,9.6445,0,0,0,0,0,0,0,0,3.2148,0,0,0,0,9.6445,0,0,0,0,0,0,0,0,0,0,0,0,0,0,0,0,0,0,0,0,0,0,9.6445,0,0,0,3.2148,0,0,0,0,0,0,0,0,0,0,0,0,0,0,3.2148,3.2148,0,0,0,38.578,0,0,0,0,0,0,0,0,0,0,0,0,16.0742,3.2148,0,0,0,22.5038,3.2148,25.7187,3.2148,0,0,0,6.4296,0,6.4297,3.2148,0,0,0,0,19.289,0,9.6445,0,0,0,0,28.9335,0,0,0,0,0,0,0,0,0,3.2148,0,0,0,0,0,0,0,0,0,0,0,0,0,0,0,0,0,0,0,0,0,0,0,0,0,0,0,0,0,0,0,0,0,0
NRS,North Stradbroke Island,NSI,27.345,153.562,NSI20150731,2015-07-31T00:15:00Z,2015-07-31T10:15:00Z,2015,7,31,10:15:00,55,21.6534,0.2314,35.6582,El Nino,14.0552,NA,0,0,0,0,0,0,0,0,0,9.6445,0,3.2148,0,0,0,3.2148,0,0,0,0,0,0,0,0,0,0,0,3.2148,0,0,0,0,0,0,0,0,0,0,0,0,0,6.4297,0,3.2148,0,0,0,32.1483,0,0,0,0,0,6.4297,0,0,0,0,0,0,0,3.2148,0,0,0,0,0,32.1483,0,0,0,0,0,0,0,19.289,0,0,0,0,0,0,0,0,0,0,0,0,0,0,25.7186,0,0,0,0,0,0,0,0,0,0,0,0,0,0,0,0,0,0,0,0,0,0,0,51.4374,0,3.2148,0,0,0,0,0,0,0,0,0,0,9.6445,16.0742,0,0,0,0,3.2148,9.6445,0,0,0,0,19.289,0,16.0742,0,0,0,0,0,0,0,9.6445,0,0,0,0,9.6445,0,0,0,0,0,0,0,0,0,0,0,0,0,0,0,0,0,0,0,0,0,0,0,0,0,0,0,0,0,0,0,3.2148,32.1484,0,0,0,0,0,0,0,0,0,0,0
NRS,North Stradbroke Island,NSI,27.345,153.562,NSI20150817,2015-08-17T00:30:00Z,2015-08-17T10:30:00Z,2015,8,17,10:30:00,55,20.4054,0.2324,35.685,El Nino,15.5791,NA,0,0,0,0,0,0,0,0,0,9.6445,0,0,0,0,0,0,0,0,0,0,0,0,0,0,0,0,0,0,0,0,0,0,3.2148,0,0,0,0,0,3.2148,0,0,0,0,0,0,0,0,0,0,0,0,0,0,0,0,0,0,0,0,0,0,0,0,0,3.2148,0,0,6.4297,0,0,0,0,3.2148,0,0,3.2148,0,0,0,0,0,0,0,0,0,0,0,0,0,0,57.8671,0,0,0,0,0,0,0,0,0,0,0,0,0,0,0,0,0,0,3.2148,0,0,0,0,35.3631,0,3.2148,0,0,0,0,0,0,0,0,0,0,28.9335,9.6445,0,0,0,0,3.2148,9.6445,3.2148,0,0,0,19.289,3.2148,0,0,0,0,0,0,3.2148,0,12.8593,0,0,0,0,6.4297,0,0,0,0,0,0,0,0,0,0,0,0,0,0,0,0,0,0,0,0,0,0,0,0,0,0,0,0,0,3.2148,0,0,6.4297,0,0,0,0,0,0,0,3.2148,0,0,0
NRS,North Stradbroke Island,NSI,27.345,153.562,NSI20150907,2015-09-07T00:40:00Z,2015-09-07T10:40:00Z,2015,9,7,10:40:00,55,20.5097,0.2872,35.6402,El Nino,13.7531,NA,0,6.4297,0,0,0,0,0,0,0,0,0,0,0,0,0,6.4297,0,0,0,0,0,0,0,0,0,0,0,0,0,0,0,0,0,0,0,0,0,0,0,0,0,0,0,0,0,0,0,6.4297,0,0,0,0,0,0,0,0,0,0,0,0,0,0,6.4297,0,0,0,0,12.8593,0,38.578,0,0,0,0,6.4297,0,0,0,0,0,0,0,0,0,0,0,0,0,0,0,51.4373,0,0,0,0,0,0,0,0,0,0,0,0,0,0,0,0,6.4297,0,0,0,0,0,0,57.867,0,6.4297,0,0,0,0,0,0,0,0,0,0,6.4297,0,0,0,0,0,0,32.1483,0,0,0,0,0,0,0,0,0,0,0,0,19.289,0,12.8593,0,0,0,0,0,0,0,0,0,0,0,0,0,0,0,0,0,0,0,0,0,0,0,0,0,0,0,0,0,0,0,0,0,0,0,0,0,0,0,0,0,0,0,0,0,0,0,0,0
NRS,North Stradbroke Island,NSI,27.345,153.562,NSI20151027,2015-10-27T00:50:00Z,2015-10-27T10:50:00Z,2015,10,27,10:50:00,55,22.9081,0.2049,35.6316,El Nino,4.893,NA,0,0,0,0,0,0,0,3.2148,0,0,0,0,0,0,0,0,0,0,0,0,0,0,0,0,0,0,0,0,0,0,0,0,0,0,0,0,0,0,0,0,0,0,3.2148,0,0,0,0,3.2148,0,0,0,0,0,0,0,0,0,0,0,0,0,0,0,0,0,0,0,3.2148,0,0,0,0,0,0,0,3.2148,0,0,0,0,0,0,0,0,0,0,0,0,0,0,16.0741,0,9.6445,0,3.2148,0,0,0,0,0,0,0,0,0,0,0,0,0,0,6.4297,0,0,0,0,6.4296,0,0,0,0,0,3.2148,0,0,3.2148,0,0,0,16.0742,0,0,3.2148,0,0,0,3.2148,6.4297,0,0,0,9.6445,0,0,0,0,0,0,0,3.2148,0,3.2148,0,0,0,0,0,0,0,0,0,0,0,0,0,0,0,0,0,0,0,0,0,0,0,0,0,0,0,0,0,0,0,0,0,0,0,0,0,0,0,0,0,0,0,0,0,0,0,0,0
NRS,North Stradbroke Island,NSI,27.345,153.562,NSI20151119,2015-11-19T00:24:00Z,2015-11-19T10:24:00Z,2015,11,19,10:24:00,55,24.212,0.1394,35.4559,El Nino,9.3809,NA,0,0,0,0,0,0,0,0,0,6.4297,0,0,0,0,0,0,0,0,0,0,0,0,0,0,0,0,0,0,0,0,0,0,0,0,0,0,0,0,0,0,0,0,0,0,12.8593,0,0,6.4297,0,0,0,0,0,0,0,0,0,0,0,0,0,0,0,0,0,0,0,19.289,0,0,0,0,0,0,0,0,0,0,0,0,0,0,0,0,0,0,0,0,0,0,19.289,0,0,0,0,0,0,0,0,0,0,0,0,0,0,0,0,0,0,12.8593,0,0,0,0,32.1484,0,6.4297,0,0,0,6.4297,0,0,0,0,0,0,192.8901,45.0077,0,0,0,51.4374,0,19.289,6.4297,0,0,0,12.8593,6.4297,0,0,0,0,0,0,6.4297,0,109.3044,0,0,0,0,19.289,0,0,0,0,0,0,0,0,0,0,0,0,0,0,0,0,0,0,0,0,0,0,0,0,0,0,0,0,0,0,0,6.4297,12.8594,0,0,0,0,0,0,0,0,0,0,0
NRS,North Stradbroke Island,NSI,27.345,153.562,NSI20151216,2015-12-16T00:30:00Z,2015-12-16T10:30:00Z,2015,12,16,10:30:00,55,25.7268,0.2024,35.543,El Nino,14.5503,NA,0,0,0,0,0,0,0,0,0,0,0,0,0,0,0,0,0,0,0,0,0,0,0,0,0,0,0,0,0,0,0,0,0,0,0,0,0,0,0,0,0,6.4297,0,0,0,0,0,12.8593,0,6.4297,0,0,0,0,0,0,0,0,0,0,0,0,0,0,0,0,0,0,0,0,0,0,0,0,0,0,0,0,0,0,0,0,0,0,0,0,0,0,0,0,6.4297,0,6.4297,0,0,0,0,0,0,0,0,0,0,0,0,0,0,0,0,6.4297,6.4297,0,0,0,25.7187,6.4297,0,0,0,0,0,0,0,0,0,0,0,19.289,0,0,0,0,19.289,0,6.4297,6.4297,0,0,0,6.4297,0,6.4297,0,6.4297,0,0,0,0,0,0,0,0,0,0,19.289,0,0,0,0,0,0,0,0,0,0,0,0,0,0,0,0,0,0,0,0,0,0,0,0,0,0,0,0,0,0,0,0,45.0077,0,0,0,0,0,0,0,0,0,0,0
NRS,North Stradbroke Island,NSI,27.345,153.562,NSI20160120,2016-01-20T00:30:00Z,2016-01-20T10:30:00Z,2016,1,20,10:30:00,55,25.7499,0.3183,35.5914,El Nino,10.8083,NA,0,0,0,0,0,0,0,0,0,12.8593,0,0,0,0,0,0,0,0,0,0,0,0,0,0,0,0,0,0,0,0,0,0,0,0,0,0,0,0,0,0,0,12.8594,0,0,0,0,0,6.4297,0,0,0,0,0,0,0,0,0,0,0,0,0,0,0,0,0,0,0,0,0,6.4297,0,0,0,0,0,0,0,0,0,0,0,0,0,0,0,0,0,0,0,0,0,0,0,0,6.4297,0,0,0,0,0,0,0,0,0,0,0,0,0,0,19.289,0,0,0,0,38.578,0,0,0,0,0,0,0,0,0,0,0,0,45.0077,19.289,0,0,6.4297,6.4297,6.4297,0,19.289,0,0,0,6.4297,0,0,0,0,0,0,0,6.4297,0,6.4297,0,0,0,0,12.8593,0,0,0,0,0,0,0,0,0,0,0,0,0,0,0,0,0,0,0,0,0,0,0,0,0,0,0,0,0,0,0,0,0,0,0,0,0,0,0,0,0,0,0,0
NRS,North Stradbroke Island,NSI,27.345,153.562,NSI20160318,2016-03-18T00:30:00Z,2016-03-18T10:30:00Z,2016,3,18,10:30:00,55,26.7216,0.3416,35.5358,El Nino,14.5439,NA,0,0,0,0,0,0,0,0,3.2148,9.6445,0,0,0,3.2148,0,0,0,0,0,0,0,0,0,0,0,0,3.2148,3.2148,0,0,0,0,0,0,0,0,0,0,3.2148,0,0,0,0,0,0,0,0,0,0,0,0,0,3.2148,0,0,0,0,0,0,0,0,0,0,0,0,0,0,3.2148,0,0,0,0,0,0,0,0,0,0,0,0,0,0,0,0,0,0,0,0,0,0,6.4297,3.2148,0,0,0,0,0,0,0,0,0,0,0,0,0,0,0,3.2148,0,3.2148,0,0,0,0,25.7187,3.2148,0,0,0,0,0,0,0,0,0,0,0,9.6445,6.4297,0,3.2148,0,3.2148,0,0,16.0742,0,0,3.2148,9.6445,0,6.4296,6.4297,0,0,0,0,9.6445,0,6.4297,0,0,0,0,0,0,0,0,0,0,0,0,0,0,0,0,0,0,0,0,0,0,0,0,0,0,0,0,0,0,0,0,0,0,0,0,0,0,0,0,0,0,0,0,0,3.2148,0,0,0
NRS,North Stradbroke Island,NSI,27.345,153.562,NSI20160412,2016-04-12T00:45:00Z,2016-04-12T10:45:00Z,2016,4,12,10:45:00,55,26.3189,0.207,35.5408,El Nino,7.3813,NA,0,0,0,0,0,0,0,0,0,12.8593,0,0,0,0,0,0,0,0,0,0,0,0,0,0,0,0,6.4297,0,0,0,0,0,0,0,0,0,0,0,0,0,0,0,0,0,0,0,0,0,0,0,0,0,0,0,0,0,0,0,0,0,0,0,0,0,0,0,0,0,0,0,0,0,0,0,0,0,0,0,0,0,0,0,0,0,0,0,0,0,0,0,0,0,12.8593,6.4297,12.8593,0,0,0,0,0,0,0,0,0,0,0,0,6.4297,0,0,0,0,0,0,57.867,0,0,0,0,0,0,0,0,0,0,0,0,0,12.8593,0,0,12.8593,0,0,6.4297,19.289,0,0,0,19.289,0,6.4297,6.4297,0,0,0,0,6.4297,0,12.8593,0,0,0,0,0,0,0,0,0,0,0,0,0,0,0,0,0,0,0,0,0,0,0,0,0,0,0,0,0,0,0,0,0,0,0,0,0,0,0,0,0,0,0,0,0,6.4297,0,0,0
NRS,North Stradbroke Island,NSI,27.345,153.562,NSI20160517,2016-05-17T00:30:00Z,2016-05-17T10:30:00Z,2016,5,17,10:30:00,55,23.476845454545455,0.35659,35.348245454545456,El Nino,9.9017,NA,0,0,6.4297,0,0,0,0,0,0,12.8593,0,0,0,0,0,0,0,0,0,0,0,0,0,0,0,0,0,0,0,0,0,0,0,0,0,0,12.8593,0,0,0,0,6.4297,0,0,12.8593,0,0,45.0077,0,6.4297,0,0,0,0,0,0,0,0,0,0,0,12.8594,0,0,6.4297,0,0,19.289,0,0,0,0,0,0,0,0,0,0,0,0,0,0,0,0,0,0,0,0,0,0,0,0,0,0,6.4297,0,0,0,0,0,0,0,0,0,0,0,0,6.4297,0,32.1483,0,6.4297,0,0,160.7418,0,0,0,0,0,6.4297,0,0,0,0,0,0,0,6.4297,0,12.8593,6.4297,0,6.4297,19.289,19.289,0,0,0,6.4297,0,0,12.8594,0,0,0,0,64.2967,0,6.4297,0,0,0,0,0,0,0,0,0,0,0,0,0,0,0,0,0,0,0,0,0,0,0,0,0,0,0,0,0,0,0,0,0,0,6.4297,0,0,25.7187,0,0,0,0,0,0,0,6.4297,0,0,0
NRS,North Stradbroke Island,NSI,27.345,153.562,NSI20160623,2016-06-23T00:30:00Z,2016-06-23T10:30:00Z,2016,6,23,10:30:00,55,22.3186,0.5538,35.73,Neutral,13.6566,NA,0,0,0,0,0,0,0,0,0,6.4297,0,0,0,0,0,0,0,0,0,0,0,0,0,0,0,0,6.4297,0,0,0,0,0,0,0,0,0,0,0,6.4297,0,0,0,0,0,0,0,0,6.4297,0,0,0,0,0,0,0,0,0,0,0,0,0,0,0,0,0,0,0,19.289,0,6.4297,0,0,0,0,0,6.4297,0,0,0,0,0,0,0,0,0,0,0,0,0,0,38.578,0,0,0,0,0,0,0,0,0,0,0,0,0,0,0,0,0,0,6.4297,0,0,0,0,25.7187,6.4297,0,0,0,0,0,0,0,0,0,0,0,19.289,12.8593,0,0,0,6.4297,0,0,12.8593,0,0,6.4297,19.289,0,0,0,0,0,0,0,32.1484,0,12.8593,0,0,0,0,38.578,0,0,0,0,0,0,0,0,0,0,0,0,0,0,0,0,0,0,0,0,0,0,0,0,0,0,0,0,0,0,0,0,19.289,0,0,0,0,0,0,0,0,0,0,0
NRS,North Stradbroke Island,NSI,27.345,153.562,NSI20160720,2016-07-20T00:30:00Z,2016-07-20T10:30:00Z,2016,7,20,10:30:00,55,21.6296,0.5812,35.7224,La Nina,9.0916,NA,0,0,6.4297,0,0,0,0,0,0,6.4297,0,0,0,0,6.4297,0,0,0,0,0,0,0,0,0,0,0,0,0,0,0,0,0,0,0,0,0,0,0,6.4297,0,0,0,0,0,6.4297,0,0,0,0,6.4297,0,0,0,0,0,0,0,0,0,0,0,12.8594,0,0,0,0,0,6.4297,0,0,0,0,0,0,0,0,0,0,0,0,0,0,0,0,0,0,0,0,0,0,12.8593,0,0,0,6.4297,0,0,0,0,0,0,0,0,0,0,0,0,0,0,0,6.4297,0,0,0,25.7187,0,0,0,0,0,0,6.4297,0,0,0,0,0,0,12.8593,0,0,0,0,6.4297,6.4297,25.7187,0,0,12.8593,12.8593,0,0,0,0,0,6.4297,0,25.7187,0,38.578,0,0,0,0,6.4297,0,0,0,0,0,0,0,0,0,0,0,0,0,0,0,0,0,0,0,0,0,0,0,0,0,12.8594,0,0,0,0,0,0,25.7187,0,0,0,0,0,0,0,25.7187,0,0,0
NRS,North Stradbroke Island,NSI,27.345,153.562,NSI20160822,2016-08-22T00:50:00Z,2016-08-22T10:50:00Z,2016,8,22,10:50:00,55,21.3386,0.5546,35.7162,Neutral,17.5594,NA,0,0,0,0,0,0,0,0,16.0742,0,0,0,0,0,0,0,0,0,0,0,0,0,0,0,0,0,0,0,0,0,0,0,0,0,0,0,0,0,12.8593,3.2148,0,0,0,0,0,0,0,6.4297,0,0,0,0,0,0,0,0,0,0,0,0,3.2148,0,0,0,0,0,0,0,0,0,0,0,0,0,0,0,0,0,0,0,0,0,0,0,0,0,0,0,0,0,16.0741,0,0,0,0,0,0,0,0,0,0,0,0,0,0,0,0,0,0,16.0742,0,0,0,0,9.6445,0,0,0,0,0,3.2148,0,0,0,0,0,0,0,12.8593,0,0,3.2148,0,0,22.5038,6.4297,0,3.2148,0,0,0,0,0,0,0,3.2148,0,32.1483,0,16.0742,0,0,0,0,0,0,0,0,0,0,0,0,0,0,0,0,0,0,0,0,0,0,0,0,0,0,0,0,0,0,0,0,0,0,0,0,0,0,0,0,0,0,0,0,0,3.2148,0,0,0
NRS,North Stradbroke Island,NSI,27.345,153.562,NSI20160920,2016-09-20T00:15:00Z,2016-09-20T10:15:00Z,2016,9,20,10:15:00,55,21.2097,0.4635,35.743,Neutral,10.5254,NA,3.2148,0,0,3.2148,0,0,0,0,0,0,0,0,0,0,0,0,0,0,0,0,0,0,0,0,0,0,0,0,0,0,0,0,0,0,0,0,0,0,6.4297,0,0,0,0,0,9.6445,0,0,19.289,0,0,0,0,0,0,0,0,0,0,0,0,0,0,0,0,0,0,0,0,0,0,0,0,0,0,0,0,0,0,0,0,0,0,0,0,0,0,0,0,0,0,12.8593,0,0,0,6.4297,0,0,0,0,0,0,0,0,0,0,0,0,0,0,3.2148,0,0,0,0,19.289,16.0742,3.2148,0,0,0,6.4297,0,0,0,0,0,0,3.2148,0,0,0,0,0,0,0,0,0,3.2148,0,0,0,0,0,0,0,0,0,22.5038,0,16.0742,0,0,0,0,0,0,0,0,0,0,0,0,0,0,0,0,0,0,0,0,0,0,0,0,0,0,0,0,0,0,0,0,0,0,0,0,0,9.6445,0,0,0,0,0,0,0,0,0,0,0
NRS,North Stradbroke Island,NSI,27.345,153.562,NSI20161019,2016-10-19T23:40:00Z,2016-10-20T09:40:00Z,2016,10,20,9:40:00,55,22.7487,0.4743,35.7056,Neutral,13.0201,NA,0,0,0,0,0,0,0,0,0,0,0,0,0,0,0,0,0,0,0,0,0,0,0,0,0,0,12.8593,0,0,0,0,0,0,0,0,0,0,0,0,0,0,0,0,0,0,0,0,0,0,0,0,6.4297,0,0,0,0,0,0,0,0,0,0,0,0,0,0,0,0,0,0,0,0,0,0,12.8593,6.4297,6.4297,0,0,0,0,0,0,0,0,0,0,0,0,0,12.8594,0,0,0,0,0,0,0,0,0,0,0,0,0,0,0,0,6.4297,0,0,0,0,0,0,6.4297,38.578,0,0,0,0,0,0,0,0,0,0,0,57.867,12.8593,0,0,6.4297,0,0,12.8593,6.4297,0,0,6.4297,6.4297,0,6.4297,0,0,0,0,0,6.4297,0,12.8593,0,0,0,0,25.7187,0,0,0,0,0,0,0,0,0,0,0,0,0,0,0,0,0,0,0,0,0,0,0,0,0,0,0,0,0,0,0,0,12.8593,0,0,0,0,0,0,0,0,0,0,0
NRS,North Stradbroke Island,NSI,27.345,153.562,NSI20161116,2016-11-16T00:15:00Z,2016-11-16T10:15:00Z,2016,11,16,10:15:00,55,24.0838,0.3232,35.6904,Neutral,13.1101,NA,0,0,0,0,0,0,0,0,0,6.4297,0,0,0,0,0,0,0,0,0,0,0,0,6.4297,0,0,0,0,0,0,0,0,0,0,0,0,0,0,0,6.4297,0,0,0,0,0,0,0,0,6.4297,0,25.7187,0,0,0,0,0,0,0,0,0,0,6.4297,0,0,0,0,0,0,19.289,0,0,0,0,0,0,19.289,0,0,0,0,0,0,0,0,0,0,0,0,0,0,0,19.2891,0,6.4297,0,0,0,0,0,0,0,0,0,0,0,0,0,0,0,0,19.289,0,0,0,0,32.1483,0,0,0,0,0,0,0,0,0,0,0,0,0,12.8593,0,0,0,6.4297,0,45.0077,12.8593,0,0,0,19.289,0,0,0,0,0,0,0,6.4297,0,38.578,0,0,0,0,25.7187,0,0,0,0,0,0,0,0,0,0,0,0,0,0,0,0,0,0,0,0,0,0,0,6.4297,0,0,0,0,0,0,0,0,257.1868,0,0,0,0,0,0,0,6.4297,0,0,0
NRS,North Stradbroke Island,NSI,27.345,153.562,NSI20161215,2016-12-15T00:15:00Z,2016-12-15T10:15:00Z,2016,12,15,10:15:00,55,23.8098,0.7242,35.7577,Neutral,42.0886,NA,0,0,0,0,0,0,0,64.2967,12.8593,0,0,0,0,0,0,0,0,0,0,0,0,0,6.4297,0,0,0,0,0,0,6.4297,0,0,0,0,0,0,0,0,0,0,0,0,0,0,0,0,0,0,0,0,0,0,0,6.4297,0,0,0,0,0,0,0,0,0,0,0,0,32.1483,32.1483,0,6.4297,0,0,0,0,0,0,0,0,0,0,0,0,0,0,0,0,0,0,0,0,115.734,0,0,0,0,0,0,0,0,0,0,0,0,0,0,0,0,0,0,51.4374,0,0,0,0,19.289,12.8593,0,0,0,0,0,0,0,0,0,0,0,6.4297,0,0,0,0,0,0,0,0,0,0,0,0,0,6.4297,0,0,0,0,0,6.4297,0,83.5857,0,0,0,0,0,0,0,0,0,0,0,0,0,0,0,0,0,0,0,0,0,0,0,0,0,0,0,0,0,0,0,0,0,0,0,0,0,289.3352,0,0,0,0,0,0,0,0,0,0,0
NRS,North Stradbroke Island,NSI,27.345,153.562,NSI20170117,2017-01-17T00:30:00Z,2017-01-17T10:30:00Z,2017,1,17,10:30:00,55,26.7944,0.2357,35.7354,Neutral,12.6729,NA,0,0,0,0,0,0,0,0,0,6.4297,0,0,0,0,0,0,0,0,0,0,0,0,0,0,0,0,0,0,0,0,0,0,0,0,0,0,0,0,6.4297,0,0,6.4297,0,0,0,0,6.4297,12.8593,0,0,0,6.4297,0,0,0,0,0,0,0,0,0,0,0,0,0,0,0,19.289,0,38.578,0,0,0,0,6.4297,12.8593,0,0,0,0,0,0,0,0,0,0,0,0,0,0,25.7187,0,0,6.4297,0,0,0,0,0,0,0,0,0,0,0,0,0,0,0,38.578,0,0,0,0,96.445,0,0,0,0,0,0,6.4297,0,0,6.4297,0,0,70.7264,19.289,0,0,6.4297,96.445,6.4297,6.4297,0,0,0,0,6.4297,0,6.4297,0,0,6.4297,0,0,25.7187,0,147.8824,0,0,0,0,25.7187,0,0,0,0,0,0,0,0,0,0,0,0,0,0,0,0,0,0,0,0,6.4297,0,0,0,0,0,0,0,0,0,0,0,12.8594,0,0,0,0,0,0,0,0,0,0,0
NRS,North Stradbroke Island,NSI,27.345,153.562,NSI20170217,2017-02-17T00:30:00Z,2017-02-17T10:30:00Z,2017,2,17,10:30:00,55,26.6042,0.3819,35.6289,Neutral,18.2667,NA,0,0,0,0,0,0,0,12.8593,38.578,0,0,0,0,0,0,0,0,0,0,0,0,0,0,0,0,0,0,0,0,0,0,0,0,0,0,0,0,0,25.7187,0,0,12.8593,0,0,0,0,0,0,0,0,0,0,0,0,0,0,0,0,0,0,0,0,0,0,0,0,0,0,0,12.8593,0,0,0,0,0,0,0,0,12.8593,0,0,0,0,0,0,0,0,0,0,0,501.5141,0,0,0,0,0,0,0,0,0,0,0,0,0,0,0,0,0,0,12.8593,0,0,0,0,180.0307,0,0,0,0,0,0,0,0,90.0154,0,0,0,77.156,12.8593,0,0,0,25.7187,0,0,12.8593,0,0,0,0,0,0,0,0,0,0,0,25.7187,0,64.2967,0,0,0,0,25.7187,0,0,0,0,0,0,0,0,0,0,0,0,0,0,0,0,0,0,0,0,0,0,0,0,0,0,0,0,0,0,0,0,154.312,0,0,0,0,0,0,0,12.8593,0,0,0
NRS,North Stradbroke Island,NSI,27.345,153.562,NSI20170424,2017-04-24T01:00:00Z,2017-04-24T11:00:00Z,2017,4,24,11:00:00,55,24.3737,0.3695,35.5496,Neutral,11.3034,NA,0,0,0,0,0,0,0,0,0,0,0,0,0,0,0,0,0,0,0,0,0,0,0,0,0,0,6.4297,0,0,0,0,0,0,0,0,0,0,0,0,0,0,19.289,0,0,6.4297,0,0,6.4297,0,0,0,0,0,0,0,0,0,0,0,0,0,0,0,0,0,0,0,6.4297,0,0,0,0,0,0,0,6.4297,0,0,0,0,0,0,0,0,0,0,0,0,0,0,0,0,6.4297,0,19.289,0,0,0,0,0,0,0,0,0,0,0,0,0,0,83.5856,0,0,0,0,334.3428,0,0,0,0,0,0,6.4297,0,0,0,0,0,70.7264,6.4297,0,0,0,0,6.4297,45.0077,0,0,0,0,6.4297,0,0,0,0,0,0,0,25.7187,0,6.4297,0,0,0,0,57.867,0,0,0,0,0,0,0,0,0,0,0,0,0,0,0,0,0,0,0,0,0,0,0,0,0,0,0,0,6.4297,0,0,0,0,0,0,0,0,0,0,0,0,0,0,0
NRS,North Stradbroke Island,NSI,27.345,153.562,NSI20170516,2017-05-16T00:20:00Z,2017-05-16T10:20:00Z,2017,5,16,10:20:00,55,23.1195,0.4974,35.5028,Neutral,10.4996,NA,0,0,6.4297,0,0,0,0,0,0,0,0,0,0,0,0,0,19.289,0,0,0,0,0,0,0,0,0,12.8593,12.8594,0,0,0,0,0,0,0,0,0,0,0,0,0,0,0,0,0,0,0,6.4297,0,6.4297,0,0,0,12.8593,0,0,0,0,0,0,0,0,0,0,0,0,0,32.1483,0,0,0,0,0,0,0,0,0,0,0,0,0,0,0,0,0,0,0,0,0,0,6.4297,0,0,12.8593,6.4297,0,0,0,0,0,0,0,0,0,0,0,0,6.4297,0,19.289,0,0,0,0,25.7187,0,0,0,0,0,0,0,0,0,0,0,0,6.4297,19.289,0,0,0,32.1483,0,6.4297,6.4297,0,0,6.4297,0,0,0,0,0,0,0,0,19.289,0,12.8593,0,0,0,0,6.4297,0,0,0,0,0,0,0,0,0,0,0,0,0,0,0,0,0,0,0,0,0,0,0,0,0,0,0,0,0,0,0,0,0,0,0,0,0,0,0,0,0,0,0,0
NRS,North Stradbroke Island,NSI,27.345,153.562,NSI20170627,2017-06-27T00:20:00Z,2017-06-27T10:20:00Z,2017,6,27,10:20:00,55,22.8132,0.427,35.4708,La Nina,9.2394,NA,0,0,0,0,0,0,0,0,0,0,0,0,0,0,0,0,0,0,0,0,0,0,0,0,0,0,0,0,0,0,0,0,0,0,0,6.4297,0,0,0,0,0,0,0,0,0,0,6.4297,0,0,0,0,0,0,0,0,0,0,0,0,0,0,0,0,0,0,0,0,6.4297,0,0,0,0,0,0,0,6.4297,0,0,0,0,0,0,0,0,0,0,0,0,0,0,12.8593,0,6.4297,0,0,0,0,6.4297,0,0,0,0,0,0,0,0,0,6.4297,0,0,0,0,0,0,45.0076,0,0,0,0,0,0,0,0,0,0,0,0,19.289,19.289,0,0,0,12.8593,0,0,12.8593,0,0,0,6.4297,0,0,0,0,0,0,0,6.4297,0,12.8593,0,0,0,0,12.8593,0,0,0,0,0,0,0,0,0,0,0,0,0,0,0,0,0,0,0,0,0,0,0,0,0,0,0,0,0,0,0,0,0,0,0,0,0,0,0,0,12.8594,0,0,0
NRS,North Stradbroke Island,NSI,27.345,153.562,NSI20170717,2017-07-17T01:05:00Z,2017-07-17T11:05:00Z,2017,7,17,11:05:00,55,21.5754,0.4029,35.6679,La Nina,9.7345,NA,0,0,3.2148,0,0,0,0,0,0,0,0,0,0,0,0,0,0,0,0,0,0,0,0,0,0,0,12.8593,0,0,0,0,0,0,0,0,0,0,0,0,0,0,0,0,0,0,0,0,12.8593,0,3.2148,6.4297,0,0,3.2148,0,0,0,0,0,0,0,0,0,0,0,0,0,12.8593,0,0,0,0,0,0,0,0,0,0,0,0,0,0,0,0,0,0,0,0,0,0,32.1483,0,3.2148,6.4297,0,0,6.4297,0,0,0,0,0,0,0,0,0,0,3.2148,0,3.2148,3.2148,0,0,0,35.3632,0,3.2148,0,0,0,0,0,0,0,0,0,0,9.6445,19.289,0,0,0,3.2148,0,0,19.289,0,0,0,19.2889,0,0,0,0,0,0,0,0,0,12.8593,0,0,0,0,0,0,0,0,0,0,0,0,0,0,0,0,0,0,0,0,0,0,0,0,0,0,0,0,0,0,0,0,0,0,0,0,0,0,0,0,0,0,0,0,0,0,0,0,0
NRS,North Stradbroke Island,NSI,27.345,153.562,NSI20170829,2017-08-29T01:50:00Z,2017-08-29T11:50:00Z,2017,8,29,11:50:00,55,22.0575,0.5008,35.6114,La Nina,10.2232,NA,0,0,0,0,0,0,0,0,0,0,0,0,0,0,0,0,0,0,0,0,0,0,0,0,0,0,0,0,0,0,0,0,0,0,0,0,0,0,6.4297,0,0,0,0,0,0,0,0,25.7187,0,6.4297,0,0,0,0,0,0,0,0,0,0,0,0,0,0,0,0,0,12.8593,0,0,0,0,0,0,0,6.4297,12.8593,0,0,0,0,0,0,0,0,0,0,0,0,0,90.0154,0,12.8593,0,0,0,0,0,0,0,0,0,0,0,0,0,0,0,0,12.8593,0,0,0,0,51.4374,0,6.4297,0,0,0,0,0,0,0,0,0,0,6.4297,19.289,0,6.4297,0,0,6.4297,6.4297,25.7187,0,0,0,12.8593,0,0,0,0,0,0,0,19.289,0,38.578,0,0,0,0,19.289,0,0,0,0,0,0,0,0,0,0,0,0,0,0,0,0,0,0,0,0,0,0,0,0,0,0,0,0,0,0,0,0,0,0,0,0,0,0,0,0,0,0,0,0
NRS,North Stradbroke Island,NSI,27.345,153.562,NSI20170927,2017-09-27T00:40:00Z,2017-09-27T10:40:00Z,2017,9,27,10:40:00,55,22.4499,0.8722,35.6386,La Nina,16.087,NA,0,0,6.4297,0,0,0,0,0,0,0,0,0,0,0,0,0,0,0,0,0,0,0,0,0,0,0,0,0,0,0,0,0,0,0,6.4297,0,0,0,0,0,0,0,0,0,0,0,0,12.8593,0,0,0,0,0,0,0,0,0,0,0,0,0,0,0,0,0,0,6.4297,0,0,19.289,0,0,0,0,0,0,0,0,0,0,0,0,0,0,0,0,0,0,0,0,32.1484,0,0,0,0,0,0,0,0,0,0,0,0,0,0,0,0,0,0,0,0,0,0,0,128.5934,0,0,0,0,0,0,0,0,0,0,0,0,12.8593,83.5857,0,0,0,25.7187,6.4297,6.4297,6.4297,0,0,0,19.289,0,0,0,0,0,0,0,6.4297,0,38.578,0,0,0,0,19.289,0,0,0,0,0,0,0,0,0,0,0,0,0,0,0,0,0,0,0,0,0,0,0,0,0,0,0,0,0,0,0,0,6.4297,0,0,0,0,0,0,6.4297,0,0,0,0
NRS,North Stradbroke Island,NSI,27.345,153.562,NSI20171023,2017-10-23T00:25:00Z,2017-10-23T10:25:00Z,2017,10,23,10:25:00,50,23.2264,0.4591,35.4908,La Nina,11.7689,NA,0,0,0,0,0,0,0,0,0,0,0,0,0,0,0,0,0,0,0,0,0,0,0,0,0,0,0,0,0,0,0,0,0,0,0,0,0,0,3.5363,0,0,0,0,3.5363,17.6816,0,0,3.5363,0,0,0,0,0,0,0,0,0,0,0,0,0,0,3.5363,0,0,0,0,0,0,0,0,0,0,0,0,0,0,0,0,0,0,0,0,0,0,0,0,0,0,0,3.5363,0,0,0,0,0,0,0,0,0,0,0,0,0,0,0,0,0,0,10.609,3.5363,0,0,0,7.0726,21.2179,0,0,0,0,10.609,0,0,0,0,0,0,7.0726,3.5363,0,0,0,0,0,0,0,0,0,0,0,0,0,0,0,0,0,0,7.0726,0,10.609,0,0,0,0,0,0,0,3.5363,0,0,0,0,0,0,0,0,0,0,0,0,0,0,0,0,0,0,0,0,0,0,0,0,0,0,0,0,0,3.5363,0,0,0,0,0,0,0,3.5363,0,0,0
NRS,North Stradbroke Island,NSI,27.345,153.562,NSI20171116,2017-11-16T00:30:00Z,2017-11-16T10:30:00Z,2017,11,16,10:30:00,55,24.7824,0.1414,35.4569,La Nina,7.9214,NA,0,0,0,0,0,0,0,0,0,12.8593,0,0,0,0,0,0,0,0,0,0,0,0,0,0,0,0,0,0,0,0,0,0,0,0,0,0,0,0,0,0,0,0,0,0,6.4297,0,0,0,0,0,0,0,0,0,0,0,0,0,0,0,0,0,0,0,0,0,0,0,0,0,0,0,0,0,0,0,6.4297,0,0,0,0,0,0,0,0,0,0,0,0,0,25.7187,0,6.4297,0,0,0,0,0,0,0,0,0,0,0,0,0,0,0,0,0,0,0,0,0,0,6.4297,0,0,0,0,6.4297,0,0,0,0,0,0,25.7187,6.4297,0,0,12.8593,6.4297,0,19.289,6.4297,0,0,0,12.8593,0,0,0,0,0,0,0,12.8593,0,19.289,0,0,0,0,12.8593,0,0,0,0,0,0,0,0,0,0,0,0,0,0,0,0,0,0,0,0,0,0,0,0,0,0,0,0,0,0,0,0,12.8593,0,0,0,0,0,0,0,0,0,0,0
NRS,North Stradbroke Island,NSI,27.345,153.562,NSI20171219,2017-12-19T00:45:00Z,2017-12-19T10:45:00Z,2017,12,19,10:45:00,55,25.3612,0.3051,35.466,La Nina,8.2814,NA,0,0,0,0,0,0,0,0,0,0,0,0,0,0,0,0,0,0,0,0,0,0,0,0,0,0,0,6.4297,0,0,0,0,0,0,0,0,0,0,12.8594,0,0,0,0,0,0,0,0,19.289,0,6.4297,0,0,0,0,0,0,0,0,0,0,0,6.4297,0,0,0,0,19.289,6.4297,0,0,0,0,12.8593,0,0,0,0,0,0,0,0,0,0,0,0,0,0,0,0,0,19.289,0,0,0,0,0,0,0,0,0,0,0,0,0,0,0,0,0,0,25.7186,0,0,0,0,0,32.1484,0,0,0,0,51.4374,0,0,0,0,0,0,19.289,6.4297,0,0,0,6.4297,0,0,0,0,0,12.8593,0,0,6.4297,0,0,0,0,0,6.4297,0,25.7187,0,0,0,0,12.8593,0,0,0,0,0,0,0,0,0,0,0,0,0,0,0,0,0,0,0,0,0,0,0,0,0,0,0,0,0,0,0,0,45.0076,0,0,0,0,0,0,0,0,6.4297,0,0
NRS,North Stradbroke Island,NSI,27.345,153.562,NSI20180123,2018-01-23T00:20:00Z,2018-01-23T10:20:00Z,2018,1,23,10:20:00,55,26.3638,0.3579,35.5992,La Nina,13.9138,NA,0,0,0,0,0,0,0,0,0,12.8593,0,0,0,0,0,0,0,0,0,0,0,0,0,0,0,0,0,6.4297,0,0,0,0,0,0,0,0,0,0,0,0,0,6.4297,0,0,0,0,0,0,0,0,0,0,6.4297,0,0,0,0,0,0,0,0,0,0,0,0,0,0,0,0,0,0,0,0,0,0,6.4297,0,0,0,0,0,0,0,0,0,0,0,0,0,0,83.5857,0,0,0,25.7187,0,0,0,0,0,0,0,0,0,0,0,0,0,0,6.4297,0,0,0,0,0,102.8747,0,0,0,0,0,0,0,0,0,0,0,115.734,25.7187,0,0,6.4297,6.4297,0,0,0,0,0,0,0,0,0,0,0,0,0,0,6.4297,0,6.4297,0,0,0,0,57.867,0,0,0,0,0,0,0,0,0,0,0,0,0,0,0,0,0,0,0,0,0,0,0,0,0,0,0,0,0,0,0,0,32.1483,0,0,0,0,0,0,0,12.8593,0,0,0
NRS,North Stradbroke Island,NSI,27.345,153.562,NSI20180302,2018-03-02T00:25:00Z,2018-03-02T10:25:00Z,2018,3,2,10:25:00,55,27.8917,0.1479,35.1808,La Nina,10.2939,NA,3.2148,0,0,0,0,0,0,3.2148,3.2148,0,0,0,0,0,0,0,0,0,0,0,0,0,0,0,0,0,0,0,0,0,0,0,0,0,0,0,0,0,0,0,0,0,0,0,22.5038,0,0,9.6445,0,0,0,0,0,0,0,0,0,0,0,0,0,3.2148,0,0,3.2148,0,0,0,0,3.2148,0,0,0,0,0,0,0,0,0,0,0,0,0,0,0,0,0,0,0,0,0,0,0,0,0,3.2148,0,0,0,0,0,0,0,0,0,0,0,0,0,0,0,0,0,0,16.0742,0,12.8593,0,0,0,3.2148,0,0,0,0,0,0,6.4297,6.4297,0,3.2148,0,0,3.2148,0,0,0,0,3.2148,3.2148,3.2148,3.2148,0,0,0,0,0,6.4297,0,3.2148,0,0,0,0,0,0,0,0,0,0,0,0,0,0,0,0,0,0,0,0,0,0,0,0,0,0,0,0,0,0,0,0,0,0,0,0,0,0,0,0,0,0,0,0,0,6.4297,0,0,0
NRS,North Stradbroke Island,NSI,27.345,153.562,NSI20180320,2018-03-20T00:40:00Z,2018-03-20T10:40:00Z,2018,3,20,10:40:00,55,26.7648,0.2435,35.2741,La Nina,10.2939,NA,0,0,0,0,0,0,0,0,0,12.8593,0,0,0,0,0,0,0,0,0,0,0,0,0,0,0,0,0,0,0,0,0,0,0,0,0,0,0,0,0,0,0,0,0,0,12.8593,0,0,0,0,0,0,0,0,0,0,0,0,0,6.4297,0,0,0,0,0,0,0,0,0,0,0,0,0,0,0,0,6.4297,0,0,0,0,0,0,0,0,0,0,0,0,0,0,6.4297,0,0,0,6.4297,0,0,0,0,0,0,0,0,0,0,0,0,0,0,0,0,0,0,0,0,6.4297,0,0,0,0,0,6.4297,0,0,0,0,0,45.0077,12.8593,0,0,32.1483,25.7187,0,0,0,0,0,0,0,0,0,0,0,0,0,0,12.8593,0,25.7187,0,0,0,0,19.289,0,0,0,0,0,0,0,0,0,0,0,0,0,0,0,0,0,0,0,0,0,0,0,0,0,0,0,0,0,0,0,6.4297,12.8593,0,0,0,0,0,0,0,6.4297,0,0,0
NRS,North Stradbroke Island,NSI,27.345,153.562,NSI20180417,2018-04-17T00:15:00Z,2018-04-17T10:15:00Z,2018,4,17,10:15:00,55,26.2759,0.1117,35.1848,La Nina,9.413,NA,0,0,0,0,0,0,0,0,0,0,0,0,0,0,0,0,0,0,0,0,0,0,0,0,0,0,0,0,0,0,0,0,0,0,0,6.4297,0,0,0,0,0,0,0,0,6.4297,0,0,6.4297,0,0,0,0,6.4297,6.4297,0,0,0,0,0,0,0,0,0,0,0,0,0,6.4297,0,0,0,0,0,0,0,0,0,0,0,0,0,0,0,0,0,0,0,0,0,0,6.4297,6.4297,6.4297,0,12.8593,0,0,6.4297,0,0,0,0,0,0,0,0,0,12.8594,0,0,0,0,0,0,0,12.8593,12.8593,0,0,0,0,19.289,0,0,0,0,0,6.4297,12.8593,0,0,0,38.578,0,0,0,0,0,6.4297,32.1484,0,0,0,0,0,0,0,6.4297,0,25.7187,0,0,0,0,32.1483,0,0,0,0,0,0,0,0,0,0,0,0,0,0,0,0,0,0,0,0,0,0,0,0,0,0,0,0,0,0,0,0,0,0,0,0,0,0,0,0,0,0,0,0
NRS,North Stradbroke Island,NSI,27.345,153.562,NSI20180530,2018-05-30T00:20:00Z,2018-05-30T10:20:00Z,2018,5,30,10:20:00,55,23.7407,0.3082,35.4428,La Nina,9.6574,NA,0,0,0,0,0,0,0,0,0,0,0,0,0,0,0,0,0,0,0,0,0,0,0,0,0,0,3.2148,0,0,0,0,0,0,0,0,0,0,0,0,3.2148,0,0,0,0,6.4297,0,3.2148,0,0,0,0,0,0,0,0,0,0,0,0,0,0,0,0,0,0,0,0,0,0,0,0,0,0,0,0,0,0,0,0,0,0,0,0,0,0,0,0,0,0,0,6.4297,0,0,0,6.4297,0,0,0,0,0,0,0,0,0,0,0,0,0,0,0,0,0,0,0,19.289,0,0,0,0,0,0,0,0,0,0,0,0,0,9.6445,0,0,0,0,0,0,16.0742,0,0,0,0,0,0,0,0,0,0,0,9.6445,0,16.0742,0,0,0,0,0,0,0,0,3.2148,0,0,0,0,0,0,0,0,0,0,0,0,0,0,0,0,0,0,0,0,0,0,0,0,0,0,0,0,0,0,0,0,0,0,0,0,0,0,0,0
NRS,North Stradbroke Island,NSI,27.345,153.562,NSI20180718,2018-07-18T00:20:00Z,2018-07-18T10:20:00Z,2018,7,18,10:20:00,55,20.947,0.9086,35.5353,Neutral,16.1063,NA,0,0,6.4297,0,0,0,0,0,0,6.4297,0,0,0,0,0,0,0,0,0,0,0,0,0,0,0,0,0,0,0,0,0,0,0,0,0,0,0,0,0,0,0,0,0,0,0,0,0,6.4297,0,0,0,0,0,0,0,0,0,0,0,0,0,0,0,0,0,0,0,0,0,0,0,0,0,0,0,0,6.4297,0,0,0,0,0,0,0,0,0,0,0,0,0,83.5857,0,0,0,0,0,0,0,0,0,0,0,0,0,0,0,0,0,0,12.8594,0,0,0,0,25.7187,6.4297,0,0,0,0,0,0,0,0,0,0,0,38.578,0,0,6.4297,25.7187,25.7187,6.4297,19.289,6.4297,0,0,0,12.8594,0,0,0,0,0,0,0,12.8593,0,6.4297,0,0,0,0,70.7263,0,0,0,0,0,0,0,0,0,0,0,0,0,0,0,0,0,0,0,0,0,0,0,0,0,0,0,0,0,6.4297,0,0,0,0,0,0,0,0,0,0,0,0,0,0
NRS,North Stradbroke Island,NSI,27.345,153.562,NSI20180817,2018-08-17T00:20:00Z,2018-08-17T10:20:00Z,2018,8,17,10:20:00,55,20.8747,0.9557,35.6492,Neutral,11.8242,NA,0,0,0,6.4297,0,0,0,0,0,0,0,0,0,0,0,0,0,0,0,0,0,0,0,0,0,0,0,0,0,0,0,0,0,0,0,0,0,0,0,0,0,0,0,0,0,0,0,6.4297,0,12.8593,0,0,0,0,0,0,0,0,0,0,0,0,0,0,0,0,0,0,0,0,0,0,0,0,0,0,0,0,0,0,0,0,0,0,0,0,0,0,0,0,6.4297,0,0,0,0,0,0,0,0,0,0,0,0,0,0,0,0,6.4297,0,0,0,0,0,0,32.1483,0,6.4297,0,0,0,0,6.4297,0,0,19.289,0,0,57.867,25.7187,0,0,12.8593,0,0,19.289,6.4297,0,0,0,12.8593,0,0,0,0,0,0,0,0,0,12.8593,0,0,0,0,12.8594,0,0,0,0,0,0,0,0,0,0,0,0,0,0,0,0,0,0,0,0,0,0,0,0,0,0,0,0,0,0,0,0,0,0,0,0,0,0,0,0,0,0,0,0
NRS,North Stradbroke Island,NSI,27.345,153.562,NSI20180913,2018-09-13T00:20:00Z,2018-09-13T10:20:00Z,2018,9,13,10:20:00,55,21.2022,0.4025,35.5994,Neutral,20.5685,NA,0,0,0,0,0,0,0,0,0,0,0,0,0,0,0,0,0,0,0,0,0,0,0,0,0,0,0,0,0,0,0,0,0,0,0,0,0,0,12.8593,0,0,0,0,0,0,0,0,6.4297,0,0,0,0,0,0,0,0,0,0,0,0,0,0,0,0,0,0,0,6.4297,0,0,0,0,0,0,6.4297,0,0,0,0,0,0,0,0,0,0,0,0,0,0,0,32.1483,0,0,0,0,0,0,0,0,0,0,0,0,0,0,0,0,0,0,0,0,0,0,0,51.4374,0,0,0,0,0,6.4297,0,0,0,12.8593,0,0,77.156,45.0077,0,0,0,12.8593,0,0,0,0,0,0,12.8593,0,0,0,0,0,0,0,0,0,12.8593,0,0,0,0,0,0,0,0,0,0,0,0,0,0,0,0,0,0,0,0,0,0,0,0,0,0,0,0,0,0,0,0,0,0,0,0,0,6.4297,0,0,0,0,0,0,0,0,0,0,0
NRS,North Stradbroke Island,NSI,27.345,153.562,NSI20181023,2018-10-23T00:30:00Z,2018-10-23T10:30:00Z,2018,10,23,10:30:00,55,23.8982,0.6144,35.4507,Neutral,15.1804,NA,0,0,0,0,0,0,0,0,0,0,6.4297,0,0,0,0,0,0,0,0,0,0,0,0,0,0,0,0,0,0,0,0,0,0,0,6.4297,0,0,0,0,0,0,0,0,0,6.4297,0,0,6.4297,0,0,0,0,0,0,0,0,0,0,0,0,0,6.4297,0,0,0,0,6.4297,0,0,0,0,0,0,0,0,0,0,0,0,0,0,0,0,0,0,0,0,0,0,0,6.4297,0,0,0,6.4297,0,0,0,0,0,0,0,0,0,0,0,0,0,0,0,0,0,0,0,83.5857,0,0,0,0,0,0,0,0,0,0,0,0,83.5857,51.4374,0,6.4297,6.4297,25.7187,6.4297,6.4297,6.4297,0,0,0,25.7187,0,0,0,0,0,0,0,0,0,0,0,0,0,0,0,0,0,0,0,0,0,0,0,0,0,0,0,0,0,0,0,0,0,0,0,0,0,0,0,0,0,0,0,0,0,0,0,0,0,0,0,0,0,0,0,0,0,0,0
NRS,North Stradbroke Island,NSI,27.345,153.562,NSI20181115,2018-11-15T00:40:00Z,2018-11-15T10:40:00Z,2018,11,15,10:40:00,50,23.8466,0.6178,35.5835,Neutral,15.1001,NA,0,0,5.6581,0,0,0,0,16.9743,0,0,0,0,0,0,0,0,0,0,0,0,0,0,0,0,0,0,0,0,0,0,0,0,0,0,0,0,0,0,0,0,0,0,0,0,16.9743,0,0,0,0,0,0,0,0,0,0,0,0,0,0,0,0,0,0,0,0,0,0,5.6581,0,5.6581,5.6581,0,0,0,0,0,0,0,0,0,0,0,0,0,0,0,0,0,0,0,62.2392,0,0,0,0,0,0,0,0,0,0,0,0,0,0,0,0,0,0,39.6067,0,0,0,0,79.2135,0,0,0,0,0,0,0,0,0,0,0,0,33.9487,22.6324,0,5.6581,0,16.9743,0,16.9743,11.3162,0,0,16.9743,0,0,5.6581,11.3162,0,0,0,0,5.6581,0,16.9743,0,0,0,0,0,0,0,0,0,0,0,0,0,0,0,0,0,0,0,0,0,0,0,0,0,0,0,0,0,0,0,0,0,0,0,0,0,0,0,0,0,0,0,0,0,0,0,0,0
NRS,North Stradbroke Island,NSI,27.345,153.562,NSI20190118,2019-01-18T00:40:00Z,2019-01-18T10:40:00Z,2019,1,18,10:40:00,50,26.0805,0.2208,35.5933,Neutral,15.284,NA,7.0726,0,0,0,0,0,0,0,7.0726,0,7.0726,0,0,0,0,0,0,0,0,0,0,0,0,0,0,0,0,7.0726,0,0,0,0,0,0,0,0,0,0,0,0,0,0,0,0,14.1453,0,0,0,0,0,0,0,0,0,0,0,0,0,0,0,0,0,0,0,0,0,0,0,0,0,0,0,0,0,0,0,0,0,0,0,0,0,0,0,0,0,0,0,0,0,28.2905,0,0,0,0,0,0,0,0,0,0,0,0,0,0,0,0,0,0,7.0726,0,0,0,0,56.5811,0,0,0,0,0,0,0,0,0,0,0,0,28.2905,28.2905,0,0,7.0726,28.2905,0,0,7.0726,0,0,0,0,0,7.0726,0,0,0,0,0,0,0,14.1452,0,0,0,0,35.3632,0,0,0,0,0,0,0,0,0,0,0,0,0,0,0,0,0,0,0,0,0,0,0,0,0,0,0,0,0,0,0,0,28.2906,0,0,0,0,0,0,0,0,0,0,0
NRS,North Stradbroke Island,NSI,27.345,153.562,NSI20190322,2019-03-22T00:50:00Z,2019-03-22T10:50:00Z,2019,3,22,10:50:00,55,26.7655,0.8814,35.2428,El Nino,16.1192,NA,0,0,0,0,0,0,0,0,0,0,0,0,0,0,0,0,0,0,0,0,0,0,0,0,0,0,0,0,0,0,0,0,0,0,0,0,0,0,19.289,0,0,45.0077,0,0,12.8593,0,0,0,0,0,0,0,0,0,0,0,0,0,12.8593,0,0,0,0,0,0,0,0,6.4297,0,0,0,0,0,0,0,0,0,0,0,0,0,0,0,0,0,0,0,0,0,0,12.8593,0,0,0,0,0,0,0,0,0,0,0,0,0,0,0,0,0,0,12.8594,0,0,0,0,12.8594,0,0,0,0,0,0,0,0,6.4297,6.4297,0,0,51.4374,32.1483,0,0,0,83.5857,0,6.4297,0,0,0,12.8593,6.4297,0,12.8593,0,0,0,6.4297,0,0,6.4297,19.289,0,0,0,0,32.1483,0,0,0,0,0,0,0,0,0,0,0,0,0,0,0,0,0,0,0,0,0,0,0,0,0,0,0,0,0,0,0,0,0,0,0,0,0,0,0,0,0,0,0,0
NRS,North Stradbroke Island,NSI,27.345,153.562,NSI20190416,2019-04-16T00:10:00Z,2019-04-16T10:10:00Z,2019,4,16,10:10:00,55,25.7846,0.2014,35.2284,Neutral,11.5991,NA,0,0,6.4297,0,0,0,0,0,12.8593,0,0,0,0,0,0,0,0,0,0,0,0,0,0,0,0,0,0,0,0,0,0,0,0,0,0,0,0,0,0,0,0,6.4297,0,0,0,0,0,6.4297,0,0,0,0,0,0,0,0,0,0,0,0,0,0,6.4297,0,0,0,0,12.8593,0,0,0,0,0,0,6.4297,6.4297,0,0,0,0,0,0,0,0,0,0,0,0,0,0,6.4297,0,0,0,6.4297,0,0,0,0,0,0,0,0,0,0,0,0,0,0,0,6.4297,0,0,0,51.4374,0,0,0,0,0,0,0,0,0,12.8593,0,0,32.1483,32.1483,0,0,6.4297,45.0077,0,12.8593,6.4297,0,0,0,6.4297,6.4297,0,0,0,0,0,0,0,0,32.1484,6.4297,0,0,0,32.1483,0,0,0,0,0,0,0,0,0,0,0,0,0,0,0,0,0,0,0,0,0,0,0,0,0,0,0,0,0,0,0,0,0,0,0,0,0,0,0,0,0,0,0,0
NRS,North Stradbroke Island,NSI,27.345,153.562,NSI20190527,2019-05-27T00:15:00Z,2019-05-27T10:15:00Z,2019,5,27,10:15:00,55,23.0112,0.7287,35.3986,Neutral,13.8752,NA,0,0,0,6.4297,0,0,0,0,0,0,0,0,0,0,0,0,0,0,0,0,0,0,0,0,0,0,0,0,0,0,0,0,0,0,0,0,0,0,0,0,0,0,0,0,0,0,0,12.8593,0,0,0,0,0,0,0,0,0,0,0,0,0,0,0,0,0,0,0,32.1483,0,0,0,0,0,0,0,6.4297,0,0,0,0,0,0,0,0,0,0,0,0,0,0,38.578,0,0,0,0,0,0,0,0,0,0,0,0,0,0,0,0,0,0,0,0,0,0,0,12.8593,12.8593,0,0,0,0,0,0,0,0,0,0,0,12.8593,19.289,0,6.4297,6.4297,19.289,6.4297,19.289,6.4297,0,0,0,19.289,0,0,0,0,0,0,0,6.4297,0,25.7187,6.4297,0,0,0,45.0077,0,0,0,0,0,0,0,0,0,0,0,0,0,0,0,0,0,0,0,0,0,0,0,0,0,0,0,0,0,0,0,0,0,0,0,0,0,0,0,0,6.4297,0,0,0
NRS,North Stradbroke Island,NSI,27.345,153.562,NSI20190618,2019-06-18T00:00:00Z,2019-06-18T10:00:00Z,2019,6,18,10:00:00,55,23.0875,0.5722,35.45,Neutral,5.0087,NA,0,0,6.4296,0,0,0,0,0,0,0,0,0,0,0,0,0,0,0,0,0,0,0,0,0,0,0,0,0,0,0,0,0,0,0,0,0,0,0,0,0,0,3.2148,0,0,0,0,0,0,0,0,0,0,0,3.2148,0,0,0,0,0,0,0,0,0,0,3.2148,0,0,12.8593,0,0,0,0,0,0,0,0,0,0,0,0,0,0,0,0,0,0,0,0,0,0,6.4297,0,3.2148,0,0,0,0,0,0,0,0,0,0,0,0,0,0,0,0,0,0,0,0,0,22.5038,0,3.2148,0,0,0,3.2148,3.2148,0,0,0,0,0,16.0742,9.6445,0,3.2148,0,6.4297,0,12.8593,0,0,0,3.2148,6.4296,12.8593,0,0,0,0,0,0,0,0,3.2148,12.8593,0,0,0,6.4296,0,0,0,0,0,0,0,0,0,0,0,0,0,0,0,0,0,0,0,0,0,0,0,0,0,0,0,0,0,0,0,0,0,0,0,0,0,0,0,0,0,0,0,0
NRS,North Stradbroke Island,NSI,27.345,153.562,NSI20190723,2019-07-23T00:20:00Z,2019-07-23T10:20:00Z,2019,7,23,10:20:00,55,20.5003,0.6272,35.4742,Neutral,12.1006,NA,0,0,0,0,0,0,0,0,0,0,0,0,0,0,0,0,0,0,0,0,0,0,6.4297,0,0,0,0,0,0,0,0,0,0,0,0,0,0,0,0,0,0,0,0,0,12.8593,0,0,12.8593,0,0,0,0,0,0,0,0,0,0,0,0,0,0,0,0,0,0,6.4297,0,0,6.4297,0,0,0,0,6.4297,0,6.4297,0,0,0,0,0,0,0,0,0,0,0,0,0,83.5856,0,6.4297,0,0,0,0,0,0,0,0,0,0,0,0,0,0,6.4297,0,12.8594,0,0,0,0,70.7264,6.4297,0,0,0,0,0,6.4297,0,0,6.4297,0,0,25.7187,6.4297,0,6.4297,0,0,6.4297,25.7187,6.4297,0,0,12.8593,0,0,6.4297,0,0,0,0,0,6.4297,0,0,0,0,0,0,45.0077,0,0,0,0,0,0,0,0,0,0,0,0,0,0,0,0,0,0,0,0,0,0,0,0,0,0,0,0,0,0,0,0,32.1484,0,0,0,0,0,0,0,0,0,0,0
NRS,North Stradbroke Island,NSI,27.345,153.562,NSI20190821,2019-08-21T00:40:00Z,2019-08-21T10:40:00Z,2019,8,21,10:40:00,55,20.8577,0.6709,35.5478,Neutral,10.0431,NA,0,0,0,0,0,0,0,0,0,5.1437,0,0,0,0,0,0,0,0,0,0,0,0,0,2.5719,0,0,0,0,0,0,0,0,0,0,0,0,2.5719,0,2.5719,0,0,5.1437,0,0,0,0,0,2.5719,0,2.5719,0,0,0,0,0,0,0,0,0,0,0,0,0,0,0,0,0,2.5719,0,0,0,0,0,0,0,2.5719,0,0,0,0,0,0,0,0,0,0,0,0,0,0,36.0062,5.1437,0,0,0,0,0,0,0,0,0,0,0,0,0,0,0,0,0,0,0,0,0,0,18.003,2.5719,0,0,0,0,0,2.5719,0,0,2.5719,0,0,10.2875,10.2875,0,2.5719,5.1437,2.5719,0,0,7.7156,0,0,0,5.1438,2.5719,0,0,0,0,0,0,2.5719,0,7.7156,0,0,0,0,10.2875,0,0,0,0,0,0,0,0,0,0,0,0,0,0,0,0,0,0,0,0,0,0,0,0,0,0,0,0,0,0,0,2.5719,0,0,0,0,0,0,0,2.5719,0,0,0,0
NRS,North Stradbroke Island,NSI,27.345,153.562,NSI20190916,2019-09-16T00:20:00Z,2019-09-16T10:20:00Z,2019,9,16,10:20:00,55,20.4424,0.5097,35.6593,Neutral,8.5579,NA,0,0,6.4297,0,0,0,0,0,0,6.4297,0,0,0,0,0,0,0,0,0,0,0,0,0,0,0,0,0,0,0,0,0,0,0,0,0,0,0,0,0,0,0,6.4297,0,0,6.4297,0,0,32.1483,0,0,0,0,0,0,0,0,0,0,0,0,0,0,6.4297,0,0,0,0,6.4297,0,0,0,0,0,0,0,0,6.4297,0,0,0,0,0,0,0,0,0,0,0,0,0,32.1483,0,6.4297,0,0,0,0,0,0,0,0,0,0,0,0,0,0,0,0,0,0,0,0,0,19.289,32.1484,0,0,0,0,6.4297,0,0,0,0,0,0,32.1483,38.578,0,6.4297,0,25.7187,0,12.8593,0,0,0,0,0,0,0,0,0,0,0,0,0,0,0,0,0,0,0,0,0,0,0,6.4297,0,0,0,0,0,0,0,0,0,0,0,0,0,0,0,0,0,0,0,0,0,0,0,0,0,0,0,0,6.4297,0,0,0,0,0,0,6.4297,0,6.4297,0,0
NRS,North Stradbroke Island,NSI,27.345,153.562,NSI20191024,2019-10-24T00:20:00Z,2019-10-24T10:20:00Z,2019,10,24,10:20:00,55,23.1836,0.7895,35.4913,Neutral,11.1555,NA,0,0,0,0,0,0,0,0,0,0,0,0,0,0,0,0,0,0,0,0,0,0,0,0,0,0,0,0,0,0,0,0,0,0,0,0,0,0,0,0,0,0,0,0,0,0,0,6.4297,0,0,0,0,0,0,0,0,0,0,0,0,0,0,0,0,0,0,0,0,0,0,0,0,0,0,0,0,0,0,0,0,0,0,0,0,0,0,0,0,0,0,6.4297,0,0,0,0,0,0,0,0,0,0,0,0,0,0,0,0,0,0,0,0,0,0,0,0,0,0,0,0,0,0,0,0,0,19.289,0,0,32.1483,12.8593,0,0,6.4297,19.289,0,0,0,6.4297,0,0,6.4297,0,0,0,0,0,0,0,0,0,12.8593,0,0,0,0,6.4297,0,0,0,0,0,0,0,0,0,0,0,0,0,0,0,0,0,0,0,0,0,0,0,0,0,0,0,0,0,0,0,0,0,0,0,0,0,0,0,0,0,0,0,0
NRS,North Stradbroke Island,NSI,27.345,153.562,NSI20191220,2019-12-20T00:20:00Z,2019-12-20T10:20:00Z,2019,12,20,10:20:00,55,24.8529,0.5531777777777778,35.5893,Neutral,9.786,NA,0,0,12.8593,0,0,0,0,0,0,0,0,0,0,0,0,0,0,0,0,0,0,0,0,0,0,0,0,0,0,0,0,0,0,0,0,0,0,0,0,0,0,0,0,0,0,0,0,0,0,6.4297,0,0,0,0,0,0,0,0,0,0,0,0,0,0,12.8593,0,0,0,0,0,0,0,0,0,0,0,6.4297,0,0,0,0,0,0,0,0,0,0,0,0,0,25.7187,0,0,0,0,0,0,6.4297,0,0,0,0,0,0,0,0,0,0,0,0,0,0,0,0,38.578,0,0,0,0,0,6.4297,0,0,0,25.7187,0,0,90.0154,0,0,0,0,6.4297,0,12.8593,12.8593,0,0,0,0,0,0,0,0,0,0,0,0,0,25.7187,0,0,0,0,0,0,0,0,0,0,0,0,0,0,0,0,0,0,0,0,0,0,0,0,0,0,0,0,0,0,0,0,0,0,0,0,0,6.4297,0,0,0,0,0,0,0,0,0,0,0
NRS,North Stradbroke Island,NSI,27.345,153.562,NSI20200122,2020-01-22T00:35:00Z,2020-01-22T10:35:00Z,2020,1,22,10:35:00,55,26.3951,1.1409,35.3955,Neutral,22.2531,NA,6.4297,0,12.8593,0,0,0,0,0,0,0,0,0,0,0,0,0,0,0,0,0,0,0,0,0,0,0,6.4297,0,0,0,6.4297,0,0,0,0,0,0,0,19.289,0,0,0,0,0,0,0,0,6.4297,0,0,0,0,0,0,0,0,0,0,0,0,0,0,0,0,0,0,6.4297,0,0,0,0,0,0,0,0,0,0,0,0,0,0,0,0,0,0,0,0,0,0,0,83.5857,0,0,6.4297,0,0,0,0,0,0,0,0,0,0,0,0,0,0,0,6.4297,0,0,0,0,83.5857,6.4297,6.4297,0,0,0,6.4297,0,0,0,0,0,0,64.2967,25.7187,0,0,38.578,32.1483,0,19.289,25.7187,0,0,6.4297,6.4297,12.8593,19.289,6.4297,0,0,0,0,12.8593,6.4297,12.8593,0,0,0,0,12.8593,0,0,0,0,0,0,0,0,0,0,0,0,0,0,0,0,0,0,0,0,0,0,0,0,0,0,0,0,0,0,0,0,38.578,0,0,0,0,0,0,0,0,0,0,0
NRS,North Stradbroke Island,NSI,27.345,153.562,NSI20200228,2020-02-28T00:30:00Z,2020-02-28T10:30:00Z,2020,2,28,10:30:00,55,27.355,0.645,35.3817,Neutral,10.6861,NA,0,0,0,0,0,0,0,0,0,12.8593,0,0,0,0,0,0,0,0,0,0,0,0,0,0,0,0,0,6.4297,0,0,0,0,0,0,0,0,0,0,0,0,0,6.4297,0,0,0,0,0,0,0,0,0,0,0,0,0,0,0,0,0,0,0,0,0,0,0,0,0,0,0,12.8593,0,0,0,0,6.4297,0,0,0,0,0,0,0,0,0,0,0,0,0,0,0,25.7187,0,0,0,6.4297,0,0,0,0,0,0,0,0,0,0,0,0,0,0,0,0,0,0,0,199.3197,6.4297,0,0,0,0,12.8593,0,0,0,0,0,0,70.7264,12.8593,0,0,0,12.8593,0,12.8593,6.4297,0,0,19.289,12.8594,6.4297,0,0,0,0,0,0,12.8593,0,6.4297,0,0,0,0,32.1483,0,0,0,0,0,0,0,0,0,0,0,0,6.4297,0,0,0,0,0,0,0,0,0,0,0,0,0,0,0,0,6.4297,0,0,6.4297,0,0,0,0,0,0,0,0,0,0,0
NRS,North Stradbroke Island,NSI,27.345,153.562,NSI20200528,2020-05-28T01:00:00Z,2020-05-28T11:00:00Z,2020,5,28,11:00:00,55,22.4537,0.5888,35.7434,Neutral,8.0757,NA,2.5719,0,0,0,0,0,0,0,0,0,0,2.5719,0,2.5719,0,0,0,0,0,0,0,0,0,0,0,0,2.5719,0,0,0,0,0,0,0,0,0,0,0,0,0,0,0,0,0,2.5719,0,0,0,0,0,0,0,0,18.0031,0,0,0,0,0,2.5719,0,0,0,0,0,0,0,18.0031,0,0,0,0,0,0,0,0,0,0,0,0,0,0,0,0,0,0,0,0,0,0,2.5719,0,2.5719,2.5719,0,0,0,2.5719,0,0,0,0,0,0,0,0,0,2.5719,0,0,10.2875,0,0,0,18.0031,2.5719,0,0,0,0,5.1437,0,0,2.5719,0,0,0,5.1437,7.7156,0,5.1437,0,20.5749,0,0,0,0,0,2.5719,0,0,0,0,0,0,0,0,2.5719,0,5.1437,0,0,0,0,5.1437,0,0,0,0,0,0,0,0,0,0,0,0,0,0,0,2.5719,0,0,0,0,0,0,0,0,0,0,0,0,0,0,0,0,0,0,0,0,0,0,0,0,0,0,0,0
NRS,North Stradbroke Island,NSI,27.345,153.562,NSI20200625,2020-06-25T00:35:00Z,2020-06-25T10:35:00Z,2020,6,25,10:35:00,55,21.5331,0.8089,35.5675,La Nina,14.171,NA,0,0,0,0,0,0,0,0,25.7187,0,0,0,0,0,0,0,0,0,0,0,0,0,0,0,0,0,0,0,0,0,0,0,0,0,0,0,0,0,0,0,0,0,0,0,0,0,0,0,0,0,0,0,0,0,0,0,0,0,0,0,0,0,0,0,0,0,0,12.8593,0,0,0,0,0,0,0,0,0,0,0,0,0,0,0,0,0,0,0,0,0,0,0,0,0,0,25.7187,0,0,0,0,0,0,0,0,0,0,0,0,12.8593,0,0,25.7187,0,0,0,77.156,12.8593,0,0,0,0,0,0,0,0,0,0,0,25.7187,25.7187,0,0,25.7187,12.8593,0,12.8593,0,0,0,12.8593,12.8593,0,0,0,0,0,0,0,25.7187,0,12.8593,0,0,0,0,0,0,0,0,0,0,0,0,0,0,0,0,0,0,0,0,0,0,0,0,0,0,0,0,0,0,0,0,0,0,0,0,0,25.7187,0,0,0,0,0,0,0,0,0,0,0
NRS,North Stradbroke Island,NSI,27.345,153.562,NSI20200720,2020-07-20T00:30:00Z,2020-07-20T10:30:00Z,2020,7,20,10:30:00,55,21.5981,0.7703,35.5709,La Nina,17.1286,NA,0,0,0,0,0,0,0,0,0,6.4297,0,0,0,0,0,0,0,0,0,0,0,0,0,0,0,0,0,0,0,0,0,0,0,0,0,0,0,0,0,0,0,0,0,0,12.8593,0,0,0,0,0,0,0,0,0,0,0,0,0,0,0,0,0,0,0,0,0,0,6.4297,0,0,0,0,0,0,0,0,0,0,0,0,0,0,0,0,0,0,0,6.4297,0,0,12.8594,0,6.4297,0,6.4297,0,0,0,0,0,0,0,0,0,0,0,0,6.4297,0,0,6.4297,0,0,0,51.4374,0,0,0,0,0,0,0,0,0,0,0,0,38.578,12.8593,0,12.8593,0,12.8593,6.4297,0,12.8593,0,0,19.289,32.1484,0,0,0,0,0,0,0,25.7187,0,12.8593,0,0,0,0,6.4297,0,0,0,0,0,0,0,0,0,0,0,0,0,0,0,0,0,0,0,0,0,0,0,0,0,0,0,0,0,0,0,0,0,0,0,0,0,0,0,0,12.8594,0,0,0
NRS,North Stradbroke Island,NSI,27.345,153.562,NSI20200817,2020-08-17T23:50:00Z,2020-08-18T09:50:00Z,2020,8,18,9:50:00,55,21.3748,0.8962,35.5884,La Nina,12.1649,9.3744,0,0,6.4297,0,0,0,0,0,0,12.8593,0,0,0,0,0,0,0,0,0,0,0,0,0,0,0,0,0,0,0,0,0,0,0,0,0,0,0,0,0,0,0,0,0,0,0,0,0,6.4297,0,0,0,0,0,0,0,0,0,0,0,0,0,0,0,0,0,0,0,6.4297,0,6.4297,0,0,0,0,0,0,12.8593,6.4297,0,0,0,0,0,0,0,6.4297,0,0,0,0,109.3043,0,19.289,0,0,0,0,0,0,0,0,0,0,0,0,0,0,0,0,0,0,0,0,0,77.1561,19.289,0,0,0,0,0,0,0,0,0,0,0,25.7187,0,0,0,0,6.4297,6.4297,19.289,12.8593,0,0,0,19.289,0,6.4297,0,0,0,0,0,6.4297,19.289,32.1483,0,0,0,0,12.8593,0,0,0,0,0,0,0,0,0,0,0,0,0,0,0,0,0,0,0,0,0,0,0,0,0,0,0,0,0,0,0,0,6.4297,0,0,0,0,0,0,0,6.4297,0,0,0
NRS,North Stradbroke Island,NSI,27.345,153.562,NSI20200917,2020-09-17T00:20:00Z,2020-09-17T10:20:00Z,2020,9,17,10:20:00,55,21.474,0.7669,35.5943,La Nina,15.7848,10.9111,0,0,0,0,0,0,0,0,0,0,0,0,0,0,0,0,0,0,0,0,0,0,0,0,0,0,0,0,0,0,0,0,0,0,0,0,0,0,0,0,0,0,0,0,0,0,0,6.4297,0,0,0,0,0,0,0,0,0,0,0,0,0,0,0,0,0,0,0,6.4297,0,0,0,0,0,0,0,0,0,0,0,0,0,0,0,0,0,0,0,0,0,0,32.1484,0,0,0,0,0,0,0,0,0,0,0,0,0,0,0,0,6.4297,0,0,0,0,0,0,6.4297,0,0,0,0,0,0,6.4297,0,0,0,0,0,122.1637,6.4297,0,6.4297,0,0,0,0,0,0,0,19.289,19.289,0,0,0,0,0,0,0,0,0,19.289,0,0,0,0,0,0,0,0,0,0,0,0,0,0,0,0,0,0,0,0,0,0,0,0,0,0,0,0,0,0,6.4297,0,0,0,0,0,0,0,0,0,0,0,0,0,6.4297,12.8593,0,0,0
NRS,North Stradbroke Island,NSI,27.345,153.562,NSI20201022,2020-10-22T00:05:00Z,2020-10-22T10:05:00Z,2020,10,22,10:05:00,55,23.4259,0.7866,35.4894,La Nina,7.1691,4.8801,0,0,0,0,0,0,0,0,0,0,0,0,0,0,0,0,0,0,0,0,0,0,0,0,0,0,0,0,0,0,0,0,3.2148,0,0,0,0,0,0,0,0,0,0,0,0,0,0,16.0742,0,0,0,0,0,0,0,0,0,0,0,0,0,0,0,0,0,0,0,3.2148,0,0,0,0,0,0,0,0,0,0,0,0,0,0,0,0,0,0,0,0,0,0,16.0741,0,0,3.2148,0,0,0,0,0,0,0,0,0,0,0,0,3.2148,0,0,0,0,0,0,0,6.4297,0,0,0,0,0,0,3.2148,0,0,0,0,0,22.5038,3.2148,0,0,0,0,0,0,3.2148,0,0,0,3.2148,6.4297,3.2148,3.2148,0,0,0,0,3.2148,0,3.2148,3.2148,0,0,0,3.2148,0,0,0,3.2148,0,0,0,0,0,0,0,0,0,0,0,0,0,0,0,0,0,0,0,0,0,0,0,0,0,0,0,0,0,3.2148,0,0,0,0,0,6.4297,0,0,0,0
NRS,North Stradbroke Island,NSI,27.345,153.562,NSI20201116,2020-11-16T00:10:00Z,2020-11-16T10:10:00Z,2020,11,16,10:10:00,55,23.6324,1.0545,35.5892,La Nina,25.9823,11.4705,12.8593,0,0,0,0,0,0,0,0,0,0,0,0,0,0,0,0,0,0,0,0,0,0,12.8593,0,0,0,0,0,0,0,0,0,0,0,0,0,0,0,0,0,0,0,0,0,0,0,0,0,0,0,0,0,0,0,0,0,0,0,0,0,0,0,0,0,0,12.8593,0,0,0,0,0,0,0,0,0,0,0,0,0,0,0,0,0,0,0,0,0,0,0,64.2967,0,0,0,0,0,0,0,0,12.8593,0,0,0,0,0,0,0,0,0,0,0,0,0,0,282.9055,0,0,0,0,0,0,0,0,0,0,0,0,64.2967,12.8593,0,0,0,0,0,0,0,0,0,12.8593,38.578,0,0,0,0,0,0,0,0,0,0,0,0,0,0,12.8593,0,0,0,12.8593,0,0,0,0,0,0,0,0,0,0,0,0,0,0,0,0,0,0,0,0,0,0,0,0,0,0,0,0,578.6703,0,0,0,0,0,0,0,0,0,0,0
NRS,North Stradbroke Island,NSI,27.345,153.562,NSI20201221,2020-12-21T00:30:00Z,2020-12-21T10:30:00Z,2020,12,21,10:30:00,55,25.7819,2.053,35.4078,La Nina,16.9615,12.7436,0,0,6.4297,0,0,0,0,0,12.8593,0,0,0,0,0,0,0,0,0,0,0,0,0,0,0,0,0,0,0,0,0,0,0,0,0,0,0,0,0,0,0,0,6.4297,0,0,12.8593,0,0,6.4297,0,0,0,0,0,0,0,0,0,0,0,0,0,0,0,0,0,0,0,6.4297,0,6.4297,0,0,0,0,0,0,0,0,0,0,0,0,0,0,0,0,0,0,0,0,32.1484,0,0,0,6.4297,0,0,0,0,0,0,0,0,0,0,0,0,0,0,64.2966,0,0,0,0,295.7648,0,0,0,0,0,0,0,0,0,0,0,0,32.1483,32.1484,0,0,12.8593,12.8593,0,6.4297,6.4297,0,0,12.8593,0,0,0,0,0,0,0,0,12.8593,6.4297,38.578,6.4297,0,0,0,0,0,0,0,0,0,0,0,0,0,0,0,0,0,0,0,0,0,0,0,0,0,0,0,0,0,0,0,0,0,0,0,0,0,0,0,0,0,0,0,0,0,0,0,0
NRS,North Stradbroke Island,NSI,27.345,153.562,NSI20210119,2021-01-19T01:00:00Z,2021-01-19T11:00:00Z,2021,1,19,11:00:00,50,27.4483,0.4944,35.097,La Nina,27.8308,14.4565,0,0,0,7.0726,0,0,0,0,0,0,0,0,0,0,0,0,0,0,0,0,0,0,0,0,0,0,21.2179,0,0,0,0,7.0726,0,0,0,0,0,0,7.0726,0,0,14.1453,0,0,7.0726,0,0,7.0726,0,0,0,0,0,0,0,0,0,0,0,0,0,0,0,0,0,0,0,21.2179,0,0,0,0,0,0,0,0,0,0,0,0,0,0,0,0,0,0,0,0,0,0,63.6538,0,0,0,21.2179,7.0726,0,0,0,0,0,0,0,0,0,0,0,14.1453,0,7.0726,0,0,0,0,325.3413,0,0,0,0,0,7.0726,7.0726,0,0,0,0,0,49.5085,21.2179,0,0,14.1453,35.3632,0,14.1453,0,0,0,0,0,7.0726,0,7.0726,0,0,0,0,0,0,14.1453,7.0726,0,0,0,42.4358,0,0,0,0,0,0,0,0,0,0,0,0,0,0,0,0,0,0,0,0,0,0,0,0,0,0,0,0,0,0,0,0,424.3581,0,0,0,0,0,0,0,0,0,0,0
NRS,North Stradbroke Island,NSI,27.345,153.562,NSI20210226,2021-02-26T00:40:00Z,2021-02-26T10:40:00Z,2021,2,26,10:40:00,55,27.0801,0.57,35.3784,La Nina,12.1035,9.1277,0,0,3.2148,0,0,0,0,0,0,6.4297,0,0,0,0,0,0,0,0,0,0,0,0,0,0,0,0,0,0,0,0,0,0,0,0,0,0,0,0,0,0,0,6.4297,0,0,0,0,0,3.2148,0,0,0,0,0,3.2148,0,0,0,0,0,0,0,0,0,0,0,0,3.2148,3.2148,0,0,0,0,0,0,0,0,0,0,0,0,0,0,0,0,0,0,0,0,0,0,16.0741,0,0,0,6.4297,0,0,0,0,0,0,0,0,0,0,0,0,0,0,0,0,0,0,0,28.9335,0,6.4297,0,0,0,3.2148,3.2148,0,0,0,0,0,45.0077,32.1483,0,0,0,6.4297,6.4297,6.4297,12.8593,0,0,0,3.2148,0,0,0,0,0,0,0,6.4297,6.4297,22.5038,0,0,0,0,22.5039,0,0,0,0,0,0,0,0,0,0,0,0,0,0,0,0,0,0,0,0,0,0,0,0,0,3.2148,0,3.2148,0,0,0,0,0,0,0,0,0,0,0,0,0,0,0,0
NRS,North Stradbroke Island,NSI,27.345,153.562,NSI20210328,2021-03-28T23:00:00Z,2021-03-29T09:00:00Z,2021,3,29,9:00:00,55,26.46688333333333,0.2908818181818182,35.184325,La Nina,7.8066,5.8049,0,0,3.2148,0,0,0,0,0,0,6.4297,0,0,0,0,0,0,0,0,0,0,0,0,0,0,0,0,0,0,0,0,0,0,0,0,0,0,0,0,0,0,0,0,0,0,0,0,3.2148,6.4297,0,0,0,0,0,0,0,0,0,0,0,0,0,0,0,0,0,0,0,0,0,3.2148,0,0,0,0,0,0,0,0,0,0,0,0,0,0,0,0,0,0,0,0,16.0742,0,0,0,0,0,0,0,0,0,0,0,0,0,0,0,0,0,0,3.2148,0,0,3.2148,0,22.5038,0,0,0,0,0,0,3.2148,0,0,0,0,0,32.1483,22.5038,0,9.6445,0,28.9335,3.2148,0,3.2148,0,0,3.2148,0,0,3.2148,0,0,0,0,6.4296,12.8593,0,6.4297,0,0,0,0,9.6445,0,0,0,0,0,0,0,0,0,0,0,0,0,0,0,0,0,0,0,0,0,0,0,0,0,0,0,3.2148,6.4296,0,0,0,0,0,0,0,0,0,0,0,0,0,0,0
NRS,North Stradbroke Island,NSI,27.345,153.562,NSI20210415,2021-04-15T23:40:00Z,2021-04-16T09:40:00Z,2021,4,16,9:40:00,55,25.5877,0.2010888888888889,35.2685,La Nina,18.2954,11.4697,0,0,0,0,0,0,0,0,0,0,0,0,0,0,0,0,0,0,0,0,0,0,0,0,0,0,0,0,0,0,0,0,0,0,0,0,0,0,6.4297,0,0,0,0,0,0,0,0,6.4297,0,0,0,0,0,0,0,0,0,0,6.4297,0,0,0,0,0,0,0,0,0,0,0,0,0,0,0,0,0,0,0,0,0,0,0,0,0,0,0,0,0,0,0,45.0077,0,0,0,19.289,0,0,0,0,0,0,0,0,0,0,0,0,0,0,25.7187,0,0,0,0,83.5857,0,6.4297,0,0,0,0,12.8593,0,0,0,0,0,45.0077,6.4297,0,0,0,57.867,0,32.1483,0,0,0,19.289,0,0,0,6.4297,0,0,0,0,6.4297,6.4297,6.4297,0,0,0,0,38.578,0,0,0,0,0,0,0,0,0,0,0,0,0,0,0,0,0,0,0,0,0,0,0,0,0,0,0,0,6.4297,0,0,6.4297,19.289,0,0,0,0,0,0,0,0,0,0,0
NRS,North Stradbroke Island,NSI,27.345,153.562,NSI20210615,2021-06-15T00:05:00Z,2021-06-15T10:05:00Z,2021,6,15,10:05:00,55,22.7678,0.3884166666666667,35.3953,La Nina,6.9125,4.397,2.1432,0,0,0,0,0,0,0,0,0,2.1432,0,0,0,0,0,0,0,0,0,0,0,0,0,0,0,0,0,0,0,0,0,2.1432,0,0,0,0,0,0,0,0,0,0,0,2.1432,0,0,0,0,4.2864,0,0,0,2.1432,0,0,0,0,2.1432,0,0,0,0,0,0,0,0,0,0,4.2864,0,0,0,0,0,2.1432,0,0,0,0,0,0,0,0,0,0,0,0,0,0,2.1432,0,2.1432,0,0,0,0,0,0,0,0,0,0,0,0,0,0,0,0,0,0,0,0,0,10.7161,2.1432,0,0,0,0,0,0,0,2.1432,0,0,0,6.4297,4.2864,0,4.2864,0,2.1432,2.1432,4.2864,6.4297,0,0,6.4297,0,4.2864,0,0,0,0,0,0,4.2864,2.1432,4.2864,0,0,0,0,6.4297,0,0,0,0,0,0,0,0,0,0,0,0,0,0,0,0,0,0,0,0,0,0,0,0,0,0,0,0,0,0,0,0,0,0,0,0,0,0,0,2.1432,0,0,0,0
NRS,North Stradbroke Island,NSI,27.345,153.562,NSI20210727,2021-07-27T00:30:00Z,2021-07-27T10:30:00Z,2021,7,27,10:30:00,55,20.397,0.44991818181818183,35.5056,La Nina,21.9919,14.8258,0,0,0,0,0,0,0,0,6.4297,0,0,0,0,0,0,0,0,0,0,0,0,0,0,0,0,0,0,0,0,0,0,0,0,0,0,0,0,0,0,0,0,0,0,0,12.8593,0,0,0,0,0,0,0,0,6.4297,0,0,0,0,0,0,0,0,0,0,0,0,0,6.4297,0,0,0,0,0,0,0,0,0,0,0,0,0,0,0,0,0,0,0,0,0,0,122.1636,0,0,12.8593,0,0,0,0,0,0,0,0,0,0,0,0,0,0,0,0,0,0,0,0,45.0077,19.289,0,0,0,0,0,6.4297,0,0,0,0,0,51.4374,12.8593,0,0,0,19.289,6.4297,19.289,6.4297,0,0,0,0,0,0,0,0,0,0,0,12.8593,0,12.8593,0,0,0,0,64.2967,0,0,0,0,0,0,0,0,0,0,0,0,0,0,0,0,0,0,0,0,0,0,0,0,0,0,0,0,0,6.4297,0,0,0,0,0,0,0,0,0,0,0,0,0,0
NRS,North Stradbroke Island,NSI,27.345,153.562,NSI20210820,2021-08-20T00:20:00Z,2021-08-20T10:20:00Z,2021,8,20,10:20:00,55,22.0078,0.4466846153846154,35.4566,La Nina,12.3838,9.4413,8.5729,0,0,0,0,0,0,0,0,0,0,0,0,0,0,0,0,0,0,0,0,0,0,0,0,0,0,0,0,0,0,0,0,0,0,0,0,0,0,0,0,0,0,0,8.5729,0,0,0,0,8.5729,0,0,0,0,0,0,0,0,0,0,0,0,0,0,0,0,0,0,0,0,0,0,0,0,0,8.5729,0,0,0,0,0,0,0,0,0,0,0,0,0,0,60.0103,0,0,0,0,0,0,0,0,0,0,0,0,0,0,0,0,8.5729,0,0,0,0,0,0,60.0103,0,0,0,0,0,0,0,0,8.5729,0,0,0,51.4374,0,0,0,0,0,0,25.7187,8.5729,0,0,25.7187,0,0,0,0,0,0,0,0,8.5729,0,8.5729,0,0,0,0,25.7187,0,0,0,0,0,0,0,0,0,0,0,0,0,0,0,0,0,0,0,0,0,0,0,0,0,8.5729,0,0,0,0,0,0,0,0,0,0,0,0,0,0,0,0,0,0
NRS,North Stradbroke Island,NSI,27.345,153.562,NSI20211005,2021-10-05T01:00:00Z,2021-10-05T11:00:00Z,2021,10,5,11:00:00,55,22.80305,0.34798666666666667,35.47849375,La Nina,5.4781,4.3143,0,0,0,6.4297,0,0,0,0,0,0,0,0,0,0,0,0,0,0,0,0,0,0,0,0,0,0,0,0,0,0,0,0,0,0,0,0,0,0,0,0,0,0,0,0,0,0,0,0,0,0,0,0,0,0,0,0,0,0,0,0,0,0,0,0,0,0,0,0,0,6.4297,0,0,0,0,0,0,0,0,0,0,0,0,0,0,0,0,0,0,0,0,25.7187,0,0,0,0,0,0,0,0,0,0,0,0,0,0,0,0,0,0,0,0,0,0,0,456.5065,0,0,0,0,0,6.4297,0,0,0,0,0,0,6.4297,0,0,0,0,45.0077,0,19.289,0,0,0,0,0,12.8593,0,0,0,0,0,0,0,6.4297,6.4297,0,0,0,0,0,0,0,0,0,0,0,0,0,0,0,0,0,0,0,0,0,0,0,0,0,0,0,0,0,0,0,0,0,0,0,0,0,0,0,0,0,0,0,0,0,6.4297,0,0,0
NRS,North Stradbroke Island,NSI,27.345,153.562,NSI20211020,2021-10-20T23:30:00Z,2021-10-21T09:30:00Z,2021,10,21,9:30:00,55,22.5299,0.34798666666666667,35.5575,La Nina,12.9686,7.7027,0,0,2.1432,4.2864,0,0,0,0,2.1432,0,0,0,0,0,0,0,0,0,0,0,0,0,0,0,0,0,0,0,0,0,0,0,0,0,0,0,0,0,0,0,0,0,0,2.1432,0,0,0,0,0,0,0,0,0,0,0,0,0,0,0,0,0,0,2.1432,0,0,0,0,0,0,0,0,0,0,0,0,2.1432,0,0,0,0,0,0,0,0,0,0,0,0,0,0,6.4297,0,2.1432,0,0,0,0,0,0,0,0,0,0,0,0,0,0,0,0,0,0,0,0,0,19.289,0,0,0,0,0,0,0,0,2.1432,0,0,0,25.7187,6.4297,0,0,0,6.4297,2.1432,0,4.2864,0,4.2864,2.1432,2.1432,0,0,0,0,0,0,0,2.1432,0,4.2864,0,0,0,0,4.2864,0,0,0,0,0,0,0,0,0,0,0,2.1432,0,0,0,0,0,0,0,0,0,0,0,0,0,2.1432,0,0,0,0,0,0,4.2864,0,0,0,0,0,0,0,4.2864,0,0,0
NRS,North Stradbroke Island,NSI,27.345,153.562,NSI20211109,2021-11-09T00:20:00Z,2021-11-09T10:20:00Z,2021,11,9,10:20:00,55,21.0124,0.31264615384615385,35.6087,La Nina,8.6608,7.4648,0,0,0,6.4297,0,0,0,0,0,0,0,0,0,0,0,0,0,0,0,0,0,0,0,0,0,0,0,0,0,0,0,0,0,0,0,0,0,0,0,0,0,0,0,0,0,0,0,0,0,0,0,0,0,0,0,0,0,0,0,0,0,0,0,0,0,0,0,0,0,0,0,0,6.4297,0,0,0,0,0,0,0,0,0,0,0,0,0,0,0,0,0,6.4297,0,0,0,0,0,0,0,0,0,0,0,0,0,0,0,0,6.4297,0,0,0,0,0,0,6.4297,0,0,0,0,0,25.7187,0,0,0,0,0,0,38.578,0,0,0,0,0,0,0,6.4297,0,0,0,6.4297,0,0,0,0,0,0,0,0,0,19.289,0,0,0,0,0,0,0,0,0,0,0,0,0,0,0,0,0,0,0,0,0,0,0,0,0,0,0,0,0,0,0,0,0,0,0,0,0,237.8978,0,0,0,0,0,0,0,0,0,0,0
NRS,North Stradbroke Island,NSI,27.345,153.562,NSI20211222,2021-12-22T00:20:00Z,2021-12-22T10:20:00Z,2021,12,22,10:20:00,55,25.8789,0.5531777777777778,35.2942,La Nina,14.5632,12.1328,0,0,0,0,0,0,0,0,0,16.0742,0,0,0,0,0,0,0,0,0,0,0,0,0,0,0,0,0,0,0,0,0,0,0,0,0,0,0,0,0,0,0,0,0,0,0,0,0,0,0,0,0,0,0,0,0,0,0,0,0,0,0,0,0,0,0,0,0,0,0,0,0,0,0,0,0,0,16.0742,0,0,0,0,0,0,0,0,0,0,0,0,0,64.2966,0,0,0,0,0,0,0,0,0,0,0,0,0,0,0,0,0,0,16.0742,0,0,0,0,707.2636,0,0,0,0,0,0,0,0,0,0,0,0,64.2967,16.0742,0,0,0,16.0742,0,80.3709,0,0,0,16.0742,0,0,0,0,0,0,0,0,0,0,16.0742,0,0,0,0,0,0,0,0,0,0,0,0,0,0,0,0,0,0,0,0,0,0,0,0,0,0,0,0,0,0,0,0,0,0,0,0,0,144.6675,0,0,0,0,0,0,16.0742,0,0,0,0
NRS,North Stradbroke Island,NSI,27.345,153.562,NSI20220218,2022-02-18T00:40:00Z,2022-02-18T10:40:00Z,2022,2,18,10:40:00,55,26.8364,0.33931428571428573,35.38722857142857,La Nina,16.46,11.1619,0,0,0,0,0,0,0,0,8.0371,32.1483,0,0,0,0,0,0,0,0,0,0,0,0,0,0,0,0,8.0371,0,0,0,0,0,0,0,0,0,0,0,0,0,0,0,0,0,24.1113,0,0,8.0371,0,8.0371,0,0,0,0,0,0,0,0,0,0,0,0,0,0,0,0,0,0,0,0,8.0371,0,0,0,8.0371,0,0,0,0,0,0,0,0,0,0,0,0,0,0,0,0,0,0,0,0,0,0,0,0,0,0,0,0,0,0,0,0,0,0,8.0371,0,0,0,0,184.853,8.0371,0,0,0,0,0,0,0,0,0,0,0,0,8.0371,0,0,0,0,0,0,0,0,0,0,0,0,0,0,0,0,0,0,8.0371,0,24.1113,0,0,0,0,16.0742,0,0,0,0,0,0,0,0,0,0,0,0,0,0,0,0,0,0,0,0,0,0,0,0,0,0,0,0,0,0,0,8.0371,0,0,0,0,0,0,0,0,24.1113,0,0,0
NRS,North Stradbroke Island,NSI,27.345,153.562,NSI20220324,2022-03-24T00:25:00Z,2022-03-24T10:25:00Z,2022,3,24,10:25:00,55,26.2378,0.1403,34.9725,La Nina,13.2322,8.5386,0,0,0,0,0,0,0,0,0.0257,0.0257,0,0,0,0,0,0,0,0,0,0,0,0,0,0,0,0,0,0,0,0,0.0257,0,0,0,0,0,0,0,0,0,0,0,0,0,0.0257,0,0,0,0,0,0,0,0,0,0,0,0,0,0,0,0,0,0,0,0,0,0,0,0,0,0,0,0,0,0,0,0,0,0,0,0,0,0,0,0,0,0,0,0,0,0.0771,0,0,0,0,0,0,0,0,0,0,0,0,0,0,0,0,0,0,0.0771,0.0257,0,0,0,0.2315,0,0,0,0,0,0.0257,0.0514,0,0,0,0,0,0.18,0.1029,0,0,0,0.0772,0.0257,0.0257,0,0,0,0,0.0257,0.0257,0,0,0,0,0,0,0.1029,0,0.0257,0,0,0,0,0,0,0,0,0,0,0,0,0,0,0,0,0,0,0,0,0,0,0,0,0,0,0,0,0,0,0,0,0,0,0.0257,0,0.0514,0,0,0,0,0,0,0,0,0.0257,0,0,0
NRS,North Stradbroke Island,NSI,27.345,153.562,NSI20220420,2022-04-20T00:21:00Z,2022-04-20T10:21:00Z,2022,4,20,10:21:00,55,25.2984,0.2371,35.1316,La Nina,8.545,7.0791,0,0,0,0,0,0,0,0,6.4297,6.4297,0,0,0,0,0,0,0,0,0,0,0,0,0,0,0,0,6.4297,0,0,0,0,0,0,0,0,0,0,0,0,0,0,0,0,0,0,0,0,6.4297,0,0,0,0,0,0,0,0,0,0,6.4297,0,0,0,0,0,0,0,0,0,0,0,0,0,0,0,0,0,0,0,0,0,0,0,6.4297,0,0,0,0,0,0,0,19.289,0,0,0,0,0,0,0,0,0,0,0,0,0,0,0,0,0,0,57.867,0,0,0,0,57.867,0,0,0,0,0,0,12.8593,0,0,0,0,0,25.7187,12.8593,0,6.4297,0,0,0,6.4297,0,0,0,0,0,6.4297,6.4297,0,0,0,0,0,0,25.7187,6.4297,0,0,0,0,45.0077,0,0,0,0,0,0,0,0,0,0,0,0,0,0,0,0,0,0,0,0,0,0,0,0,0,0,0,0,0,0,0,0,12.8594,0,0,0,0,0,0,0,6.4297,0,0,0
NRS,North Stradbroke Island,NSI,27.345,153.562,NSI20220605,2022-06-05T00:20:00Z,2022-06-05T10:20:00Z,2022,6,5,10:20:00,55,23.4912,0.1025,35.2891,La Nina,5.2595,4.2564,0,0,0,0,0,0,3.6741,0,0,14.6964,0,0,0,0,0,0,0,0,0,0,0,0,0,0,0,0,0,0,0,0,0,0,0,0,0,0,0,0,0,0,0,0,0,0,0,0,0,3.6741,0,0,0,0,0,0,0,0,0,0,0,0,0,0,0,0,0,0,0,0,0,0,0,0,0,0,0,0,0,0,0,0,0,0,0,0,0,0,0,0,0,0,14.6964,0,0,0,0,0,0,0,0,0,0,0,0,0,0,0,0,0,0,0,0,0,0,0,36.741,0,0,0,0,0,0,3.6741,0,0,0,0,0,0,3.6741,0,0,0,22.0446,0,0,3.6741,0,0,3.6741,0,0,0,0,0,0,0,0,11.0223,3.6741,14.6964,0,0,0,0,14.6964,0,0,0,0,0,0,0,0,0,0,0,0,0,0,0,0,0,0,0,0,0,0,0,0,0,0,0,0,0,0,0,0,0,0,0,0,0,0,0,0,0,0,0,0
NRS,North Stradbroke Island,NSI,27.345,153.562,NSI20220626,2022-06-26T23:40:00Z,2022-06-27T09:40:00Z,2022,6,27,9:40:00,55,22.0581,0.1685,35.3476,La Nina,5.4845,4.5972,0,0,0,0,0,0,0,0,0,0,0,0,0,0,0,0,0,0,0,0,0,0,0,0,0,0,0,0,0,0,0,0,0,0,0,0,0,0,0,0,0,0,0,0,0,0,0,0,0,0,0,0,0,0,0,0,0,0,0,0,0,0,0,0,0,0,0,0,0,0,0,0,0,0,0,5.1437,0,0,0,0,0,0,0,0,0,0,0,0,0,0,41.1499,5.1437,0,0,0,0,0,0,0,0,0,0,0,0,0,0,0,5.1437,0,5.1437,5.1437,0,0,0,41.1499,0,0,0,0,0,5.1437,0,0,0,0,0,5.1437,15.4312,10.2875,0,0,0,25.7187,0,0,0,5.1437,0,10.2875,0,0,0,0,0,0,0,0,5.1437,0,5.1437,0,0,0,0,5.1437,0,0,0,0,0,0,0,0,0,0,0,0,0,0,0,0,0,0,0,0,0,0,0,0,0,0,0,0,5.1437,0,0,0,0,0,0,0,5.1437,0,0,0,0,0,0,0
NRS,North Stradbroke Island,NSI,27.345,153.562,NSI20220718,2022-07-18T01:00:00Z,2022-07-18T11:00:00Z,2022,7,18,11:00:00,55,21.7342,0.2502,35.3617,La Nina,11.8049,8.455,0,0,0,0,0,0,0,0,0,6.4297,0,0,0,0,0,0,0,0,0,0,0,0,0,0,0,0,6.4297,6.4297,0,0,0,0,0,0,0,0,0,0,0,0,0,0,0,0,12.8593,0,0,12.8593,0,0,0,0,0,0,0,0,0,0,0,0,0,0,0,0,0,0,0,19.289,0,0,0,0,0,0,0,0,0,0,0,0,0,0,0,0,0,0,0,0,0,0,19.289,0,0,0,25.7187,0,0,0,0,0,0,0,0,0,0,0,0,0,0,0,12.8593,0,0,0,83.5857,0,6.4297,0,0,0,0,0,0,0,0,0,0,19.289,0,0,0,0,25.7187,0,0,32.1483,0,0,25.7187,32.1483,0,0,0,0,0,0,0,6.4297,0,6.4297,0,0,0,0,6.4297,0,0,0,0,0,0,0,0,0,0,0,0,0,0,0,0,0,0,0,0,0,0,0,0,0,0,0,0,6.4297,0,0,0,0,0,0,0,0,0,0,0,0,0,0,0
NRS,North Stradbroke Island,NSI,27.345,153.562,NSI20220830,2022-08-30T00:30:00Z,2022-08-30T10:30:00Z,2022,8,30,10:30:00,55,21.2403,0.197,35.4269,La Nina,7.9021,5.761,0,0,0,0,0,0,0,0,0,0,0,0,0,0,0,0,0,0,0,0,0,0,0,0,0,0,0,0,0,0,0,0,0,0,0,0,0,0,0,0,0,0,0,0,0,0,0,0,0,0,4.2864,0,0,0,0,0,0,0,0,0,0,0,0,0,0,0,0,4.2864,0,0,0,0,0,0,4.2864,0,0,0,0,0,0,0,0,0,0,0,0,0,0,0,4.2864,0,0,0,0,0,0,0,0,0,0,0,0,0,0,0,0,0,0,4.2864,4.2864,0,0,0,17.1458,0,0,0,0,0,0,0,0,0,0,0,0,30.0051,12.8593,0,0,0,4.2864,0,8.5729,0,0,0,0,0,4.2864,4.2864,0,0,0,0,0,4.2864,0,8.5729,0,0,0,0,0,0,0,0,4.2864,0,0,0,0,0,0,0,0,0,0,0,0,0,0,0,0,0,0,0,0,0,0,0,0,0,0,0,0,17.1458,0,0,0,0,0,0,0,0,0,0,0
NRS,North Stradbroke Island,NSI,27.345,153.562,NSI20220919,2022-09-19T00:00:00Z,2022-09-19T10:00:00Z,2022,9,19,10:00:00,55,21.6052,0.3104,35.4191,La Nina,8.59,6.1146,3.9567,0,0,0,0,0,0,0,0,0,0,0,0,0,0,0,0,0,0,0,0,0,0,0,0,0,0,0,0,0,0,0,0,0,0,0,0,0,0,0,0,0,0,0,0,0,0,3.9567,0,0,0,0,0,0,0,0,0,0,0,0,0,0,0,0,0,0,0,0,0,0,0,0,0,0,0,0,0,0,0,0,0,0,3.9567,0,0,0,0,0,0,0,0,0,0,0,0,0,0,0,0,0,0,0,0,0,0,0,0,0,0,0,3.9567,0,0,0,19.7836,0,0,0,0,0,0,3.9567,0,0,0,0,3.9567,31.6538,19.7836,0,0,0,3.9567,0,0,0,0,0,3.9567,0,0,0,0,0,0,0,0,0,0,0,0,0,0,0,0,0,0,0,0,0,0,0,0,0,0,7.9134,0,0,0,0,0,0,0,0,0,0,0,0,0,0,0,0,0,0,0,0,0,3.9567,0,0,0,0,0,0,0,0,0,0,0
NRS,North Stradbroke Island,NSI,27.345,153.562,NSI20221028,2022-10-28T22:50:00Z,2022-10-29T08:50:00Z,2022,10,29,8:50:00,55,22.7972,0.0476,35.3002,La Nina,10.5125,5.8638,0,0,0,0,0,0,0,0,0,0,0,0,0,0,0,0,0,0,0,0,0,0,0,0,0,0,0,0,0,0,0,0,0,0,0,0,0,0,0,0,0,0,0,0,0,0,0,15.4312,0,0,0,0,0,0,0,0,0,0,0,0,0,0,0,0,5.1437,0,0,5.1437,0,0,0,0,0,0,0,0,0,0,0,0,0,0,0,0,0,0,0,0,0,0,10.2874,0,0,0,0,0,0,0,0,0,0,0,0,0,0,0,0,0,0,0,0,0,0,0,30.8624,0,0,5.1437,0,0,0,0,0,0,41.1499,0,0,102.8747,5.1437,0,0,0,0,0,0,10.2875,0,0,0,0,5.1437,0,0,0,0,0,0,0,0,0,0,0,0,0,0,0,0,0,0,0,0,0,0,0,0,0,0,0,0,0,0,0,0,0,0,0,0,0,0,0,0,0,0,0,0,0,0,0,0,0,0,0,0,0,0,0,0,0,0
NRS,North Stradbroke Island,NSI,27.345,153.562,NSI20221129,2022-11-29T00:40:00Z,2022-11-29T10:40:00Z,2022,11,29,10:40:00,55,23.6943,0.1295,35.3642,La Nina,2.7519,1.8453,1.837,0,0,0,0,0,0,0,0,0,0,0,0,0,1.837,0,0,0,0,0,0,0,0,0,0,0,0,0,0,0,0,0,0,0,0,0,0,0,0,0,0,0,0,0,0,0,0,0,0,0,0,0,0,0,0,0,0,0,0,0,0,0,0,0,0,0,0,0,0,0,0,0,0,0,0,1.837,0,0,0,0,0,0,0,0,0,0,0,0,0,0,3.6741,0,0,0,1.837,0,0,0,0,0,0,0,0,0,0,0,0,0,0,3.6741,0,0,0,0,60.6226,0,0,0,0,0,0,0,0,0,0,0,0,20.2075,1.837,0,0,0,0,0,0,9.1852,0,0,1.837,0,0,0,1.837,0,0,0,1.837,0,0,0,0,0,0,0,0,0,0,0,0,0,0,0,0,0,0,0,0,0,0,0,0,0,0,0,0,0,0,0,0,0,0,0,0,0,0,0,0,1.837,0,0,0,0,0,0,0,0,0,0,0
NRS,Rottnest Island,ROT,32,115.4167,ROT20120130,2012-01-30T03:09:00Z,2012-01-30T11:09:00Z,2012,1,30,11:09:00,45,23.5077,0.2954,35.3665,La Nina,13.7995,NA,0,149.3112,0,0,0,0,0,0,0,0,0,0,0,0,0,0,0,0,0,0,0,0,0,0,0,0,0,0,0,0,0,0,0,0,0,0,0,0,15.717,0,0,0,0,0,7.8585,0,0,157.1697,0,7.8585,0,0,0,0,0,0,0,0,0,0,0,0,0,0,0,0,0,0,0,102.1603,0,0,0,0,7.8585,0,0,0,0,0,0,0,0,0,0,0,0,0,0,0,7.8585,0,0,15.717,0,0,0,0,0,0,0,0,0,0,0,0,0,7.8585,0,0,0,0,0,0,31.434,0,0,0,0,0,0,0,0,0,0,0,23.5755,15.717,31.4339,0,0,0,0,0,0,31.4339,0,0,31.4339,0,0,0,0,0,0,0,0,15.717,0,110.0188,0,0,0,0,0,0,0,0,0,0,0,0,0,0,0,0,0,0,0,0,0,0,0,0,0,0,0,0,0,0,0,0,0,0,0,0,0,0,0,0,0,0,0,0,0,0,0,0,0
NRS,Rottnest Island,ROT,32,115.4167,ROT20120221,2012-02-21T01:40:00Z,2012-02-21T09:40:00Z,2012,2,21,9:40:00,45,23.4997,0.1865,35.4862,La Nina,12.1178,NA,0,0,0,0,0,0,62.8678,0,3.9292,0,0,0,0,0,0,0,0,0,0,0,0,0,0,0,0,0,0,0,0,0,0,0,0,0,0,0,0,0,23.5755,0,0,0,0,0,3.9292,0,0,141.4527,0,0,0,0,0,0,0,0,0,0,0,0,0,0,0,0,0,0,0,0,0,51.0801,0,0,0,0,0,0,0,0,0,0,0,0,0,0,0,0,0,0,0,0,0,0,0,0,0,0,0,0,0,0,0,0,0,0,0,0,0,0,0,0,0,0,0,0,23.5755,7.8585,0,0,0,0,3.9292,0,0,0,0,0,0,35.3632,15.717,0,0,0,0,15.717,0,11.7877,0,0,0,0,0,0,0,0,0,0,0,11.7877,0,58.9387,0,0,0,0,0,0,0,0,0,0,0,0,0,0,0,0,0,0,0,0,0,0,0,0,0,0,0,0,0,0,0,0,0,0,0,0,0,0,0,0,0,0,0,0,0,0,0,0,0
NRS,Rottnest Island,ROT,32,115.4167,ROT20120329,2012-03-29T02:03:00Z,2012-03-29T10:03:00Z,2012,3,29,10:03:00,45,22.9731,0.5529,35.3773,La Nina,18.9861,NA,0,0,0,0,0,0,94.3018,0,15.717,0,0,0,0,0,0,0,0,7.8585,0,0,0,0,0,0,0,0,0,0,0,0,0,7.8585,0,0,0,0,0,0,7.8585,0,0,0,0,0,0,0,0,55.0094,0,7.8585,0,0,7.8585,0,0,0,0,0,0,0,0,15.717,0,0,0,0,0,0,0,55.0094,0,0,0,0,55.0094,0,0,0,0,0,0,0,0,0,0,0,0,0,0,0,94.3018,0,0,0,0,0,0,0,0,0,0,0,7.8585,0,0,0,0,0,0,94.3018,0,0,0,0,55.0094,7.8585,0,0,0,0,0,0,0,0,0,0,7.8585,39.2924,7.8585,0,0,0,23.5755,0,0,7.8585,0,0,0,15.717,7.8585,7.8585,0,0,0,0,0,15.717,0,133.5943,0,0,7.8585,0,0,0,0,0,0,0,0,0,0,0,0,0,0,0,0,0,0,0,0,0,0,0,0,0,0,0,0,0,0,0,0,0,0,15.717,0,0,0,0,0,0,0,0,0,0,0
NRS,Rottnest Island,ROT,32,115.4167,ROT20120504,2012-05-04T05:00:00Z,2012-05-04T13:00:00Z,2012,5,4,13:00:00,45,23.3814,0.6828818181818181,35.2459,Neutral,13.4223,NA,0,0,0,0,0,0,0,0,7.8585,0,0,0,0,0,0,0,0,0,0,0,0,0,0,0,0,0,0,0,0,0,0,0,0,0,0,0,0,0,0,0,0,0,0,0,0,0,0,47.1509,0,0,7.8585,0,0,0,0,0,0,0,0,0,0,0,0,0,0,0,0,7.8585,0,7.8585,0,0,0,0,0,0,0,0,0,0,0,0,0,0,0,0,0,0,0,0,39.2925,0,0,15.717,0,0,0,0,0,0,0,0,0,0,0,0,0,0,0,0,15.717,0,0,0,55.0094,0,0,0,0,0,0,0,0,0,0,0,15.717,70.7264,23.5755,0,23.5755,0,39.2924,0,0,0,0,0,7.8585,47.151,0,0,0,0,0,0,0,39.2924,0,78.5848,0,0,0,0,0,0,0,0,0,0,0,0,0,0,0,0,0,0,0,0,0,0,0,0,0,0,0,0,0,0,0,0,0,0,0,0,7.8585,7.8585,0,0,0,0,0,0,0,0,0,0,0
NRS,Rottnest Island,ROT,32,115.4167,ROT20120523,2012-05-23T04:22:00Z,2012-05-23T12:22:00Z,2012,5,23,12:22:00,45,22.5196,0.5253,35.245,Neutral,15.1826,NA,0,0,0,0,0,0,15.717,0,0,0,0,0,0,0,0,0,0,0,0,0,0,0,0,0,0,0,0,0,0,0,0,0,0,0,0,0,0,0,15.717,0,0,0,0,0,7.8585,0,0,47.1509,0,0,0,0,0,0,0,0,0,0,0,0,0,0,0,0,0,0,0,0,0,23.5755,0,0,0,0,0,0,0,0,0,0,0,0,0,0,0,0,0,0,0,0,55.0094,0,7.8585,0,7.8585,0,0,0,0,0,0,0,0,0,0,0,0,0,0,0,0,0,0,0,23.5755,15.717,7.8585,0,0,0,0,0,0,0,0,0,0,47.1509,47.1509,0,23.5755,31.4339,0,39.2924,0,15.717,0,0,0,0,0,0,0,0,0,0,0,23.5755,0,172.8866,0,0,0,0,0,0,0,0,0,0,0,0,0,0,0,0,0,0,0,0,0,0,0,0,0,0,0,0,0,0,0,0,0,0,0,0,0,7.8585,0,0,0,0,0,0,0,0,0,0,0
NRS,Rottnest Island,ROT,32,115.4167,ROT20120727,2012-07-27T01:55:00Z,2012-07-27T09:55:00Z,2012,7,27,9:55:00,45,20.2472,0.3414,35.2506,Neutral,13.9567,NA,0,31.434,0,0,0,7.8585,0,0,0,7.8585,0,0,0,0,0,0,0,0,0,0,0,0,0,0,0,0,0,0,0,0,0,0,0,0,0,0,0,0,70.7264,0,0,0,0,0,0,0,0,47.1509,0,7.8585,0,0,0,0,0,0,0,0,0,0,0,0,0,0,0,0,0,7.8585,0,0,0,0,31.434,0,23.5755,0,0,0,0,0,0,0,0,0,0,0,0,0,0,0,141.4527,15.717,0,0,0,0,0,0,0,0,0,0,0,0,0,0,0,0,0,0,7.8585,0,0,0,23.5755,0,0,0,0,0,7.8585,7.8585,0,0,0,0,0,39.2924,15.717,0,0,7.8585,39.2924,0,0,23.5755,0,0,7.8585,7.8585,15.717,70.7264,0,0,0,7.8585,0,7.8585,0,94.3018,0,0,0,0,23.5755,0,0,0,0,0,0,0,0,0,0,0,0,0,0,0,0,0,0,0,0,0,0,0,0,0,0,0,0,0,0,0,0,180.7451,0,0,0,0,0,0,0,0,0,0,0
NRS,Rottnest Island,ROT,32,115.4167,ROT20120824,2012-08-24T03:06:00Z,2012-08-24T11:06:00Z,2012,8,24,11:06:00,45,19.3293,1.3042777777777779,35.2697,Neutral,8.55,NA,0,7.8585,0,7.8585,0,0,0,0,7.8585,0,0,0,0,0,0,0,0,0,0,0,0,0,0,0,0,0,0,0,0,0,0,0,0,0,0,0,0,0,15.717,0,0,0,0,0,15.717,0,0,23.5755,0,0,0,0,0,0,0,0,0,0,0,0,0,0,0,0,0,0,0,23.5755,0,15.717,0,0,0,0,0,0,15.717,0,0,0,0,0,0,0,0,0,0,0,0,0,70.7264,0,0,0,0,0,0,0,0,0,0,0,0,0,0,0,0,0,0,0,0,7.8585,0,0,0,15.717,0,0,0,0,0,0,0,0,0,0,7.8585,94.3018,47.1509,0,0,0,102.1603,15.717,0,23.5755,0,0,23.5755,0,0,23.5755,0,0,0,0,0,39.2924,0,110.0188,0,0,0,0,0,0,0,0,0,0,0,0,0,0,0,0,0,0,0,0,0,0,0,0,0,0,0,0,0,0,0,0,0,0,0,0,0,23.5755,0,0,0,0,0,0,0,0,0,0,0
NRS,Rottnest Island,ROT,32,115.4167,ROT20120928,2012-09-28T03:41:00Z,2012-09-28T11:41:00Z,2012,9,28,11:41:00,45,18.7532,0.3655,35.3753,Neutral,14.8918,NA,0,51.0802,0,0,0,0,62.8679,0,0,0,0,0,0,0,0,0,0,0,0,0,0,0,0,0,0,0,0,0,0,0,0,0,0,0,0,0,0,0,51.0802,0,0,0,0,0,3.9292,0,0,117.8773,0,0,0,0,0,0,0,0,0,0,0,0,0,0,0,0,0,0,0,3.9292,0,51.0801,0,0,0,0,3.9292,3.9292,3.9292,0,0,0,0,0,0,0,0,0,0,0,0,0,31.4339,0,3.9292,0,0,0,3.9292,0,0,0,0,0,0,0,0,0,0,0,0,0,0,0,0,0,19.6462,0,0,0,0,0,7.8585,0,0,0,0,0,0,27.5047,0,0,0,0,19.6462,0,0,23.5755,0,0,7.8585,0,3.9292,0,0,0,0,0,0,11.7877,0,43.2216,0,0,0,0,0,0,0,0,0,0,0,0,0,0,0,0,0,0,0,0,0,0,0,0,0,0,0,0,0,0,0,0,0,0,0,0,0,39.2924,0,0,0,0,0,0,0,0,0,0,0
NRS,Rottnest Island,ROT,32,115.4167,ROT20121019,2012-10-19T01:54:00Z,2012-10-19T09:54:00Z,2012,10,19,9:54:00,45,19.5545,0.1204,35.3947,Neutral,13.8624,NA,0.7858,7.8585,0,0,0,0,3.1434,0,0,0,0,0,0,0,0,0.7858,0,1.5717,0,0,0,0,0,0,0,0,0,0,0,0,0,0.7858,0,0,0,0,0,0,0,0,0,0,0,0,1.5717,0,0,1.5717,0,0,0,0,0,0,0,0,0,0,0,0,0,0,1.5717,0,0.7858,0,0,2.3575,0,3.1433,0,0,0,0,3.1433,0,0.7858,0,0,0,0,0,0.7858,0,0,0,0,0,0,0,34.5774,0,0,7.8585,0,0,0,0,0,0,0,0,0,0,0,0,0,0,0,0,0.7858,0,0,0,2.3575,0.7858,0,0,0,0.7858,1.5717,0.7858,0,0,0,0,0,8.6443,1.5717,0,0,3.1434,3.9292,0.7858,0,5.5009,0,0,0,0,0,0,0,0,0,0.7858,0,0,0,4.7151,0,0,0,0,0,0,0,0,0,0,0,0,0,0,0,0,0,0,0,0,0,0,0,0,0,0,0,0,0,0,0,0,0,0,0,0,0,0,0,0,0,0,0,0,0,0,0,0,0
NRS,Rottnest Island,ROT,32,115.4167,ROT20121126,2012-11-26T03:02:00Z,2012-11-26T11:02:00Z,2012,11,26,11:02:00,45,19.9606,0.1591,35.5567,Neutral,11.1119,NA,0,0,0,0,0,0,55.0094,0,15.717,0,0,0,0,0,0,0,0,0,0,0,0,0,0,0,0,0,0,0,0,0,0,0,0,0,0,0,0,0,23.5755,0,0,0,0,0,0,0,0,707.2636,0,0,0,0,0,0,0,0,0,0,0,0,0,0,0,0,0,0,0,0,0,78.5848,0,0,0,0,0,0,0,0,0,0,0,0,0,0,0,0,0,0,0,0,15.717,0,0,7.8585,0,0,0,0,0,0,0,0,0,0,0,0,0,0,0,7.8585,0,0,0,0,7.8585,39.2924,0,0,0,0,0,0,0,0,0,0,0,15.717,15.717,0,0,0,0,15.717,0,23.5755,0,0,0,0,0,0,0,0,0,0,0,0,0,23.5755,0,0,0,0,0,0,0,0,0,0,0,0,0,0,0,0,0,0,0,0,0,0,0,0,0,0,0,0,0,0,0,0,0,0,0,0,0,15.717,0,0,0,0,0,0,0,0,0,0,0
NRS,Rottnest Island,ROT,32,115.4167,ROT20121219,2012-12-19T03:48:00Z,2012-12-19T11:48:00Z,2012,12,19,11:48:00,45,20.8235,0.1586,35.5717,Neutral,12.047,NA,0,0,0,0,0,0,86.4433,0,0,0,0,0,0,0,0,0,0,0,0,0,0,0,0,0,0,0,0,0,0,0,0,0,0,0,0,0,0,0,0,0,0,0,0,0,7.8585,0,0,196.4621,0,0,0,0,0,0,0,0,0,0,0,0,0,0,0,0,0,0,0,0,0,0,0,0,0,0,0,0,0,0,0,0,0,0,0,0,0,0,0,0,0,0,15.717,0,0,0,7.8585,0,0,0,0,0,0,0,0,0,0,0,0,0,0,0,0,0,0,0,7.8585,0,7.8585,0,0,0,0,0,0,0,0,0,0,15.717,0,0,0,55.0094,0,15.717,0,7.8585,0,0,0,0,0,0,0,0,0,0,0,7.8585,0,165.0282,0,0,0,0,0,0,0,0,0,0,0,0,0,0,0,0,0,0,0,0,0,0,0,0,0,0,0,0,0,0,0,0,0,0,0,0,0,0,0,0,0,0,0,0,0,0,0,0,0
NRS,Rottnest Island,ROT,32,115.4167,ROT20130125,2013-01-25T02:10:00Z,2013-01-25T10:10:00Z,2013,1,25,10:10:00,45,22.4444,0.2797,35.6842,Neutral,25.5322,NA,0,0,0,0,0,0,64.8325,0,9.8231,0,0,0,0,0,0,0,0,0,0,0,0,0,0,0,0,0,0,0,0,0,0,0,0,0,0,0,0,0,1.9646,0,0,0,0,0,1.9646,0,0,31.4339,0,0,0,0,0,0,0,0,0,0,0,0,0,0,3.9292,0,0,0,0,0,0,17.6816,0,0,0,0,3.9292,1.9646,0,0,0,0,0,0,0,0,0,0,0,0,0,0,9.8231,0,0,0,0,0,0,0,0,0,0,0,0,0,0,0,0,0,0,0,0,0,0,0,1.9646,1.9646,0,0,0,0,5.8939,0,0,0,0,0,0,11.7877,1.9646,0,0,0,0,1.9646,0,9.8231,0,0,0,0,0,0,0,0,0,0,0,0,0,11.7877,0,0,0,0,0,0,0,0,0,0,0,0,0,0,0,0,0,0,0,0,0,0,0,0,0,0,0,0,0,0,0,0,0,0,0,0,0,7.8585,0,0,0,0,0,0,0,0,0,0,0
NRS,Rottnest Island,ROT,32,115.4167,ROT20130221,2013-02-21T04:55:00Z,2013-02-21T12:55:00Z,2013,2,21,12:55:00,45,22.9177,0.2235,35.464,Neutral,16.0234,NA,0,0,0,0,0,0,31.4339,0,0,0,0,0,0,0,0,0,0,0,0,0,0,0,0,0,0,0,3.9292,0,0,0,0,0,0,0,0,0,0,0,7.8584,0,0,0,0,0,3.9292,0,19.6462,70.7264,0,0,0,0,0,0,0,0,0,0,0,0,0,0,0,0,0,0,0,0,0,11.7877,0,0,0,0,0,3.9292,0,0,0,0,0,0,0,0,0,0,0,0,0,0,0,0,0,0,3.9292,0,0,0,0,0,0,0,0,0,0,0,0,0,0,11.7877,0,0,0,0,3.9292,0,0,0,0,0,11.7877,0,0,0,0,0,0,7.8585,3.9292,0,0,0,0,3.9292,0,11.7877,0,0,0,0,0,0,0,0,0,0,0,23.5755,0,70.7264,0,0,0,0,0,0,0,0,0,0,0,0,0,0,0,0,0,0,0,0,0,0,0,0,0,0,0,0,0,0,0,0,0,0,0,0,0,47.1509,0,0,0,0,0,0,0,0,0,0,0
NRS,Rottnest Island,ROT,32,115.4167,ROT20130321,2013-03-21T03:34:00Z,2013-03-21T11:34:00Z,2013,3,21,11:34:00,45,22.7887,0.2155,35.5101,Neutral,12.0863,NA,0,0,15.717,0,0,0,110.0188,0,0,0,7.8585,0,0,0,0,0,0,15.717,0,0,0,0,0,0,0,0,0,23.5755,7.8585,0,0,0,0,0,0,0,0,0,0,0,0,0,0,0,0,0,0,149.3112,0,0,0,0,0,0,0,0,0,0,0,0,0,0,7.8585,0,0,0,0,0,0,0,0,0,0,0,7.8585,0,0,0,0,0,0,0,0,0,0,0,0,0,0,0,15.717,7.8585,0,0,0,0,0,0,0,0,0,0,0,0,0,0,0,0,0,23.5755,0,0,0,0,23.5755,7.8585,0,0,0,0,0,0,0,0,0,0,0,39.2924,47.1509,0,0,0,0,15.717,0,7.8585,0,0,0,0,0,0,0,0,0,0,0,23.5755,0,23.5755,0,0,0,0,0,0,0,0,0,0,0,0,0,0,0,0,0,0,0,0,0,0,0,0,0,0,0,0,0,0,0,0,0,0,0,0,0,0,0,0,0,0,0,0,0,0,0,0,0
NRS,Rottnest Island,ROT,32,115.4167,ROT20130423,2013-04-23T02:38:00Z,2013-04-23T10:38:00Z,2013,4,23,10:38:00,45,22.9096,0.5015,35.4035,Neutral,6.6483,NA,3.9292,82.514,0,0,0,0,0,0,0,0,0,0,0,0,0,0,0,7.8585,0,0,0,0,0,0,0,0,3.9292,3.9292,3.9292,0,0,0,0,0,0,0,0,0,7.8584,0,0,0,0,0,3.9292,0,0,7.8585,0,0,0,0,0,0,0,0,0,0,0,0,0,0,0,0,0,0,0,11.7877,0,27.5047,0,0,0,0,31.434,0,0,0,0,0,0,0,0,0,0,0,0,0,0,0,43.2217,0,7.8585,0,0,0,0,0,0,0,0,0,0,0,0,0,0,0,0,3.9292,3.9292,0,0,0,39.2924,11.7877,0,0,0,0,0,0,0,0,0,0,0,7.8585,11.7877,0,0,0,0,3.9292,0,23.5755,0,0,0,3.9292,0,0,0,0,0,0,0,23.5755,0,3.9292,0,0,0,0,3.9292,0,0,0,0,0,0,0,0,0,0,0,0,0,0,0,0,0,0,0,0,0,0,0,0,0,0,0,0,0,0,0,0,0,0,0,0,0,0,0,0,0,0,0,0
NRS,Rottnest Island,ROT,32,115.4167,ROT20130517,2013-05-17T02:00:00Z,2013-05-17T10:00:00Z,2013,5,17,10:00:00,45,21.7938,0.8213,35.3583,La Nina,14.3967,NA,0,0,0,0,0,0,47.1509,11.7877,0,3.9292,0,0,0,0,0,0,0,0,0,0,0,0,0,0,0,0,0,0,0,0,0,0,0,0,0,0,0,0,0,0,0,0,0,0,3.9292,0,0,27.5047,0,0,0,0,0,0,0,0,0,0,0,0,0,0,3.9292,0,0,0,0,0,0,47.1509,0,0,0,0,7.8585,0,0,0,0,0,0,0,0,0,0,0,0,0,0,0,98.231,0,0,0,0,0,0,0,0,0,0,0,0,0,0,0,0,0,0,3.9292,0,0,0,0,7.8585,11.7877,0,0,0,0,3.9292,3.9292,0,0,0,0,0,0,0,0,0,0,0,0,0,0,0,0,0,0,0,7.8585,0,3.9292,3.9292,0,0,3.9292,0,86.4434,0,0,0,0,0,0,0,0,0,0,0,0,0,0,0,0,0,0,0,0,0,0,0,0,0,0,0,0,0,0,0,0,0,0,0,0,0,39.2924,0,0,0,0,0,0,0,0,0,0,0
NRS,Rottnest Island,ROT,32,115.4167,ROT20130712,2013-07-12T04:35:00Z,2013-07-12T12:35:00Z,2013,7,12,12:35:00,45,21.7346,0.3512,35.1368,La Nina,12.4478,NA,0,0,3.9292,0,0,0,0,0,0,0,0,0,0,0,0,0,0,0,0,0,0,0,0,0,0,0,0,0,0,0,0,0,0,0,0,0,0,0,11.7877,0,0,0,0,0,0,0,3.9292,19.6462,0,0,0,0,0,0,0,0,0,0,0,0,0,0,3.9292,0,0,0,0,0,0,7.8585,0,0,0,0,3.9292,0,3.9292,0,0,0,0,0,0,0,0,0,0,0,0,0,15.7169,0,0,3.9292,0,0,0,0,0,0,0,0,0,0,0,0,0,0,0,0,0,3.9292,0,0,35.3631,0,0,0,0,0,3.9292,0,0,0,0,0,0,15.717,19.6462,0,0,0,23.5755,0,3.9292,3.9292,0,0,15.717,3.9292,0,0,0,0,0,0,0,11.7877,0,11.7877,0,0,0,0,15.717,0,0,0,0,0,0,0,0,0,0,0,0,0,0,0,0,0,0,0,0,0,0,0,0,0,0,0,0,0,0,0,3.9292,0,0,0,0,0,0,0,0,0,0,0,0
NRS,Rottnest Island,ROT,32,115.4167,ROT20131001,2013-10-01T03:55:00Z,2013-10-01T11:55:00Z,2013,10,1,11:55:00,45,18.6691,0.603,35.2443,Neutral,96.7694,NA,0,110.0188,0,0,0,0,7.8585,0,0,7.8585,0,0,0,0,0,0,0,86.4433,0,0,0,0,0,0,0,0,0,0,0,0,0,0,0,0,0,0,0,0,0,0,0,0,0,0,7.8585,0,23.5755,70.7264,0,0,0,0,0,0,0,0,0,0,0,0,0,0,0,0,0,0,7.8585,0,0,86.4433,0,0,0,0,55.0094,0,62.8679,0,0,0,0,0,0,0,0,0,0,0,0,0,94.3018,0,0,7.8585,0,0,0,0,0,0,0,0,0,0,0,0,0,7.8585,0,0,0,0,0,0,7.8585,15.717,0,0,0,0,0,7.8585,0,0,0,0,0,23.5755,0,0,15.717,0,23.5755,0,0,39.2924,0,0,0,0,31.4339,0,0,0,0,0,0,0,0,55.0094,0,0,0,0,7.8585,0,0,0,0,0,0,0,0,0,0,0,0,0,0,0,0,0,0,0,0,0,0,0,0,0,0,0,0,0,0,0,0,94.3018,0,0,0,0,0,0,0,0,0,0,0
NRS,Rottnest Island,ROT,32,115.4167,ROT20131017,2013-10-17T00:00:00Z,2013-10-17T08:00:00Z,2013,10,17,8:00:00,45,18.9318,0.4868,35.2884,Neutral,9.2966,NA,0,27.5047,3.9292,0,0,0,0,0,3.9292,0,0,0,0,0,0,0,0,78.5848,0,0,0,0,0,0,0,0,3.9292,0,0,0,0,0,0,0,0,0,0,0,3.9292,0,0,0,0,0,3.9292,0,7.8585,121.8065,0,0,0,0,0,0,0,0,0,0,0,0,0,0,0,0,0,0,0,0,0,58.9386,0,0,0,0,35.3632,0,0,0,0,0,0,0,0,0,0,0,0,0,0,0,19.6462,0,0,0,0,0,0,0,0,0,0,0,0,0,0,0,0,3.9292,0,0,11.7877,0,0,0,3.9292,0,0,0,0,0,0,0,0,0,0,0,0,3.9292,3.9292,0,0,3.9292,7.8585,0,0,0,0,0,0,27.5047,0,0,0,0,0,0,0,3.9292,0,58.9386,0,0,0,0,0,0,0,0,0,0,0,0,0,0,0,0,0,0,0,0,0,0,0,0,0,0,0,0,0,0,0,0,0,0,0,0,0,7.8584,0,0,0,0,0,0,0,0,0,0,0
NRS,Rottnest Island,ROT,32,115.4167,ROT20131122,2013-11-22T02:26:00Z,2013-11-22T10:26:00Z,2013,11,22,10:26:00,45,20.2575,0.30319090909090907,35.3704,Neutral,9.9881,NA,0,39.2924,0,0,0,0,0,0,0,0,0,0,0,0,0,0,0,125.7358,0,0,0,0,0,0,0,0,7.8585,0,0,0,0,0,0,0,0,0,0,0,0,0,0,0,0,0,0,0,0,78.5848,0,15.717,0,0,0,0,0,0,0,0,0,0,0,0,0,0,0,0,0,0,0,86.4433,0,0,0,0,7.8585,0,0,0,0,0,0,0,0,0,0,0,0,0,0,0,62.8679,0,0,0,0,0,0,0,0,0,0,0,0,0,0,0,0,0,0,0,7.8585,0,0,0,0,0,0,0,0,0,0,0,0,0,0,0,0,0,15.717,0,0,0,7.8585,0,7.8585,31.4339,0,0,0,0,0,0,0,0,0,0,0,0,0,31.4339,0,0,0,0,0,0,0,0,0,0,0,0,0,0,0,0,0,0,0,0,0,0,0,0,0,0,0,0,0,0,0,0,0,0,0,0,0,0,0,0,0,0,0,0,0,0,0,0,0
NRS,Rottnest Island,ROT,32,115.4167,ROT20131218,2013-12-18T02:43:00Z,2013-12-18T10:43:00Z,2013,12,18,10:43:00,45,21.8201,0.2256,35.5433,Neutral,24.1884,NA,7.8585,47.1509,0,0,0,0,7.8585,0,0,0,0,0,0,0,0,0,0,39.2925,0,0,0,0,0,0,0,0,0,0,0,0,0,0,0,0,0,0,0,0,0,0,0,0,0,0,0,0,0,172.8867,0,7.8585,7.8585,0,0,0,0,0,0,0,0,0,0,0,0,0,0,0,7.8585,0,0,78.5848,0,0,0,0,15.717,0,0,0,0,0,0,0,0,0,0,0,0,0,0,0,62.8679,0,0,0,0,0,0,0,0,0,0,0,0,0,0,0,0,0,0,0,15.717,0,0,0,62.8679,7.8585,0,0,0,0,0,0,0,0,0,0,0,39.2924,0,0,15.717,0,7.8585,0,0,0,0,0,0,15.717,0,0,0,0,0,0,0,0,0,23.5755,0,0,0,0,0,0,0,0,0,0,0,0,0,0,0,0,0,0,0,0,0,0,0,0,0,0,0,0,0,0,0,0,0,0,0,0,0,15.717,0,0,0,0,0,0,0,0,0,0,0
NRS,Rottnest Island,ROT,32,115.4167,ROT20140122,2014-01-22T02:10:00Z,2014-01-22T10:10:00Z,2014,1,22,10:10:00,45,22.5593,0.2615,35.754,Neutral,15.8741,NA,0,55.0094,0,0,0,0,7.8585,0,0,0,0,0,0,0,0,0,0,23.5755,0,0,0,0,0,0,0,0,0,0,0,0,0,0,0,0,0,0,0,0,7.8585,0,0,0,0,0,0,0,0,117.8773,0,0,0,0,0,0,0,0,0,0,0,0,0,0,0,0,0,0,0,0,0,70.7264,0,0,0,0,39.2924,0,0,0,0,0,0,0,0,0,0,0,0,0,0,0,125.7358,0,0,0,0,0,0,0,0,0,0,0,0,0,0,0,0,0,0,0,0,0,0,0,0,0,0,0,0,0,0,0,0,0,0,0,15.717,7.8585,0,0,0,7.8585,0,0,0,31.4339,0,0,7.8585,7.8585,15.717,0,0,0,0,0,0,0,0,86.4434,0,0,0,0,0,0,0,0,0,0,0,0,0,0,0,0,0,0,0,0,0,0,0,0,0,0,0,0,0,0,0,0,0,0,0,0,0,23.5755,0,0,0,0,0,0,0,0,0,0,0
NRS,Rottnest Island,ROT,32,115.4167,ROT20140227,2014-02-27T04:39:00Z,2014-02-27T12:39:00Z,2014,2,27,12:39:00,45,22.41745,0.21322857142857143,35.6987875,Neutral,22.2552,NA,7.8585,172.8867,0,0,0,0,0,0,0,0,0,0,0,0,0,0,0,0,0,0,0,0,0,0,0,0,0,0,0,0,0,0,0,0,0,0,0,0,0,0,0,0,0,0,7.8585,0,0,141.4527,0,7.8585,0,0,0,0,0,0,0,0,0,0,0,0,0,0,0,0,7.8585,0,0,157.1697,0,0,0,0,0,0,0,0,0,0,0,0,0,0,0,0,0,0,0,0,7.8585,0,0,7.8585,0,0,0,0,0,0,0,0,0,0,0,0,0,7.8585,0,15.717,0,0,0,0,55.0094,0,0,0,0,0,0,0,0,0,0,0,7.8585,15.717,0,0,0,0,7.8585,0,0,7.8585,0,0,0,7.8585,7.8585,0,0,0,0,0,0,23.5755,0,23.5755,0,0,0,0,0,0,0,0,0,0,0,0,0,0,0,0,0,0,0,0,0,0,0,0,0,0,0,0,0,0,0,0,0,0,0,0,0,7.8585,0,0,0,0,0,0,0,0,0,0,0
NRS,Rottnest Island,ROT,32,115.4167,ROT20140319,2014-03-19T04:30:00Z,2014-03-19T12:30:00Z,2014,3,19,12:30:00,45,21.6634,0.2908,35.7627,Neutral,11.4262,NA,15.717,47.1509,0,0,0,0,0,0,0,0,0,0,0,0,0,0,0,0,0,0,0,0,0,0,0,0,0,0,0,0,7.8585,0,0,0,0,0,0,0,0,0,0,0,0,0,0,0,0,172.8867,0,0,0,0,0,0,0,0,0,0,0,0,0,0,0,0,0,0,0,0,0,94.3018,0,0,15.717,0,15.717,0,0,0,0,0,0,0,0,0,0,0,0,0,0,0,15.717,0,0,0,0,0,0,0,0,0,0,0,0,0,0,0,0,0,0,0,0,0,0,0,55.0094,0,0,0,0,0,0,0,0,7.8585,0,0,0,23.5755,0,0,0,0,7.8585,0,0,23.5755,0,0,0,7.8585,31.4339,0,0,0,0,0,0,7.8585,0,31.4339,0,0,0,0,0,0,0,0,0,0,0,0,0,0,0,0,0,0,0,0,0,0,0,0,0,0,0,0,0,0,0,0,0,0,0,0,7.8585,23.5755,0,0,0,0,0,0,0,0,0,0,0
NRS,Rottnest Island,ROT,32,115.4167,ROT20140519,2014-05-19T04:22:00Z,2014-05-19T12:22:00Z,2014,5,19,12:22:00,45,21.4278,0.6828818181818181,35.3702,Neutral,6.829,NA,0,23.5755,0,0,0,7.8585,0,7.8585,0,0,0,0,0,0,0,0,0,0,0,0,0,0,0,0,0,0,0,0,0,0,0,0,0,0,0,0,0,0,7.8585,0,0,0,0,0,0,0,7.8585,31.4339,0,0,0,0,0,0,0,0,0,0,0,0,0,0,0,0,0,0,0,7.8585,0,78.5848,0,0,0,0,23.5755,0,0,0,0,0,0,0,0,0,0,0,0,0,0,0,47.1509,7.8585,0,0,0,0,0,0,0,0,0,0,0,0,0,0,0,0,0,0,0,0,0,0,39.2924,39.2925,0,0,0,0,0,7.8585,0,0,0,0,0,102.1603,7.8585,0,0,0,31.4339,0,0,23.5755,0,0,0,7.8585,15.717,0,0,0,0,0,0,31.4339,0,39.2924,0,0,0,0,0,0,0,0,0,0,0,0,0,0,0,0,0,0,0,0,0,0,0,0,0,0,0,0,0,0,0,0,0,0,0,0,0,0,0,0,0,0,0,0,0,0,0,0,0
NRS,Rottnest Island,ROT,32,115.4167,ROT20140624,2014-06-24T05:16:00Z,2014-06-24T13:16:00Z,2014,6,24,13:16:00,45,21.7879,0.7346,35.1518,Neutral,16.495,NA,0,0,5.239,0,0,0,5.239,0,0,36.6729,0,0,0,0,0,0,0,0,0,0,0,0,0,0,0,0,5.239,0,0,0,0,0,0,0,0,0,0,0,13.0975,0,0,0,0,0,0,0,5.239,10.478,0,0,0,0,0,0,0,0,0,0,0,0,0,0,10.478,0,0,0,0,5.239,0,5.239,0,0,5.239,0,15.717,0,5.239,0,0,0,0,0,5.239,0,0,0,5.239,0,0,0,52.3899,0,0,5.239,0,0,0,0,0,0,0,0,0,0,0,0,0,0,0,0,5.239,0,0,0,52.3899,15.717,5.239,0,0,0,0,5.239,0,0,0,0,0,20.956,10.478,0,0,5.239,26.1949,5.239,0,20.956,0,0,0,10.478,0,0,0,0,5.239,0,0,10.478,0,36.6729,0,0,0,0,15.717,0,0,0,0,0,0,0,0,0,0,0,0,0,0,0,0,0,0,0,0,0,0,0,0,0,0,0,5.239,0,0,0,0,15.717,0,0,0,0,0,0,0,0,0,0,0
NRS,Rottnest Island,ROT,32,115.4167,ROT20140730,2014-07-30T02:03:00Z,2014-07-30T10:03:00Z,2014,7,30,10:03:00,45,20.4403,0.4199,35.2012,Neutral,10.3103,NA,0,0,0,0,0,0,0,0,2.6195,0,0,0,0,0,0,0,0,0,0,0,0,0,0,0,0,0,0,2.6195,0,0,0,0,0,0,0,0,0,0,13.0975,0,0,0,0,0,0,0,5.239,7.8585,0,0,0,0,0,2.6195,0,0,0,0,0,0,0,0,0,0,0,0,0,18.3365,0,2.6195,0,0,0,0,10.478,0,5.239,0,0,0,0,0,0,0,0,0,0,0,0,0,60.2485,2.6195,0,0,0,0,0,0,0,0,0,0,0,0,0,0,0,0,0,2.6195,2.6195,0,0,0,44.5314,2.6195,0,0,0,0,0,2.6195,0,0,0,0,0,47.1509,18.3365,0,0,0,34.0534,7.8585,2.6195,10.478,0,0,0,0,10.478,0,0,0,2.6195,0,0,5.239,0,41.9119,0,0,0,0,23.5755,0,0,0,0,0,0,0,0,0,0,0,0,0,0,0,0,0,0,0,0,0,0,0,0,0,0,0,0,0,0,0,0,2.6195,0,0,0,0,0,0,0,0,0,0,0
NRS,Rottnest Island,ROT,32,115.4167,ROT20140902,2014-09-02T03:55:00Z,2014-09-02T11:55:00Z,2014,9,2,11:55:00,45,20.1657,0.7294,35.2082,Neutral,11.2691,NA,0,15.717,0,0,0,0,0,0,0,0,0,0,0,0,0,0,0,0,0,0,0,0,0,0,0,0,0,0,0,0,0,0,0,0,0,0,0,0,5.239,0,0,0,0,0,0,0,0,26.1949,0,0,0,0,0,0,0,0,0,0,0,0,0,0,0,0,0,0,0,5.239,0,10.478,0,0,0,0,10.478,0,10.478,0,0,0,0,0,0,0,0,0,0,0,0,0,75.9654,0,0,0,0,0,0,0,0,0,0,0,0,0,0,0,0,0,0,0,5.239,0,0,0,5.239,15.717,0,0,0,0,0,0,0,0,0,0,0,36.6729,20.956,0,0,0,57.6289,0,20.956,36.6729,0,0,5.239,5.239,5.239,5.239,0,0,0,0,0,10.478,0,52.3899,0,0,0,0,0,0,0,0,0,0,0,0,0,0,0,0,0,0,0,0,0,0,0,0,0,0,0,0,0,0,0,0,0,0,0,0,0,15.717,0,0,0,0,0,0,0,0,0,0,0
NRS,Rottnest Island,ROT,32,115.4167,ROT20140919,2014-09-19T04:57:00Z,2014-09-19T12:57:00Z,2014,9,19,12:57:00,45,19.8237,0.5442,35.2378,Neutral,6.7662,NA,0,57.6289,0,0,0,0,0,41.9119,0,0,0,0,0,0,0,0,0,0,0,0,0,0,0,0,0,0,0,5.239,0,0,0,0,0,0,0,0,0,0,10.478,0,0,36.673,0,0,0,0,0,0,0,0,5.239,0,0,5.239,0,0,0,0,0,0,0,0,0,0,0,0,0,0,0,36.6729,0,5.239,5.239,0,5.239,5.239,5.239,0,0,0,0,0,0,0,0,0,0,0,0,0,68.1069,0,0,0,0,0,0,0,0,0,0,0,0,0,0,0,0,0,0,0,0,0,0,0,5.239,0,0,0,0,0,0,5.239,0,0,0,0,0,10.478,5.239,0,0,20.956,36.6729,0,0,0,0,0,0,0,5.239,0,0,0,0,0,0,5.239,0,68.1069,0,0,0,0,0,0,0,0,0,0,0,0,0,0,0,0,0,0,0,0,0,0,0,0,0,0,0,0,0,0,0,0,0,0,0,0,0,20.956,0,0,0,0,0,0,0,0,0,0,0
NRS,Rottnest Island,ROT,32,115.4167,ROT20141014,2014-10-14T03:52:00Z,2014-10-14T11:52:00Z,2014,10,14,11:52:00,45,19.1588,0.2142,35.2709,Neutral,6.609,NA,0,62.8678,3.9292,0,0,0,0,0,15.717,0,0,0,0,0,0,0,0,47.1509,0,0,0,0,0,0,0,0,0,0,0,0,0,0,0,0,0,0,0,0,3.9292,0,0,43.2217,0,0,3.9292,0,0,39.2924,0,0,0,0,0,0,0,0,0,0,0,0,0,0,0,0,0,0,0,0,0,27.5047,0,0,0,0,0,3.9292,0,0,0,0,0,0,0,0,0,0,0,0,0,0,86.4434,0,0,0,0,0,0,0,0,0,0,0,0,0,0,0,0,0,0,0,0,0,0,0,3.9292,0,0,0,0,0,0,0,0,0,0,0,0,39.2924,0,0,0,15.717,11.7877,0,0,0,0,0,0,3.9292,11.7877,0,0,0,0,0,0,3.9292,0,11.7877,0,0,0,0,0,0,0,0,0,0,0,0,0,0,0,0,0,0,0,0,0,0,0,0,0,0,0,0,0,0,0,0,0,0,0,0,0,0,0,0,0,0,0,0,0,0,0,0,0
NRS,Rottnest Island,ROT,32,115.4167,ROT20141119,2014-11-19T02:16:00Z,2014-11-19T10:16:00Z,2014,11,19,10:16:00,45,19.7368,0.1299,35.4706,Neutral,9.8074,NA,0,15.717,0,0,0,0,0,0,0,0,0,0,0,0,0,0,0,23.5755,0,0,0,0,0,0,0,0,0,0,0,0,0,0,0,0,0,0,0,0,0,0,0,0,0,0,0,0,0,0,0,0,0,0,0,3.9292,0,0,0,0,0,0,0,0,0,0,0,0,0,0,0,31.4339,0,0,0,0,0,0,7.8585,0,0,0,0,0,0,0,0,0,0,0,0,0,23.5755,0,0,0,0,0,7.8585,0,0,0,0,0,0,0,0,0,0,0,0,0,3.9292,0,0,0,19.6462,11.7877,0,0,0,0,0,11.7877,0,0,0,0,3.9292,62.8679,0,0,0,7.8585,11.7877,0,0,11.7877,0,0,11.7877,3.9292,51.0801,0,0,0,0,0,0,0,0,3.9292,0,0,0,0,0,0,0,0,0,0,0,0,0,0,0,0,0,0,0,0,0,0,0,0,0,0,0,0,0,0,0,0,0,0,0,0,0,7.8584,0,7.8585,0,0,0,0,0,0,0,0,0
NRS,Rottnest Island,ROT,32,115.4167,ROT20141216,2014-12-16T01:37:00Z,2014-12-16T09:37:00Z,2014,12,16,9:37:00,45,20.1056,0.1593,35.6661,Neutral,10.5146,NA,7.8585,62.8679,0,0,0,0,55.0094,0,0,0,0,0,0,0,0,0,0,165.0282,0,0,0,0,0,0,0,0,7.8585,0,0,0,0,0,0,0,0,0,0,0,0,0,0,0,0,0,0,0,0,361.4903,0,0,0,0,0,0,0,0,0,0,0,0,0,0,0,0,0,0,0,0,0,133.5942,0,0,0,0,0,0,7.8585,0,0,0,0,0,0,0,0,0,0,0,0,0,0,0,0,23.5755,0,0,0,0,0,0,0,0,0,0,0,0,0,0,0,0,0,0,0,0,15.717,31.4339,0,0,0,0,0,39.2924,0,0,0,0,0,78.5848,7.8585,0,0,47.1509,23.5755,0,0,15.717,0,0,0,0,15.717,0,0,0,0,0,0,15.717,0,23.5755,0,0,0,0,0,0,0,0,0,0,0,0,0,0,0,0,0,0,0,0,0,0,0,0,0,0,0,0,0,0,0,0,0,0,0,0,0,0,0,0,0,0,0,0,0,0,0,0,0
NRS,Rottnest Island,ROT,32,115.4167,ROT20150128,2015-01-28T02:15:00Z,2015-01-28T10:15:00Z,2015,1,28,10:15:00,45,21.3445,0.152,35.8134,Neutral,6.3261,NA,0,133.5942,90.3726,0,0,0,0,0,0,0,0,0,0,0,0,0,0,184.6744,0,0,0,0,0,0,0,0,0,0,0,0,0,0,0,0,0,0,0,0,0,0,0,0,0,0,0,0,0,94.3018,0,0,0,0,0,0,0,0,0,0,0,0,0,0,0,0,0,0,0,0,0,0,0,0,0,0,0,0,0,0,0,0,0,0,0,0,0,0,0,0,0,0,0,0,0,0,0,0,0,0,0,0,0,0,3.9292,0,0,0,0,0,0,0,0,0,0,0,0,3.9292,0,0,0,0,0,3.9292,0,0,0,0,0,7.8585,0,0,0,0,0,0,0,0,0,0,0,0,0,0,0,0,0,0,0,0,0,3.9292,0,0,0,0,0,0,0,0,0,0,0,0,0,0,0,0,0,0,0,0,0,0,0,0,0,0,0,0,0,0,0,0,0,0,0,0,0,0,0,0,0,0,0,0,0,0,0,0,0
NRS,Rottnest Island,ROT,32,115.4167,ROT20150224,2015-02-24T02:17:00Z,2015-02-24T10:17:00Z,2015,2,24,10:17:00,45,21.849,0.1209,35.8112,Neutral,12.77,NA,0,47.1509,0,0,0,0,0,0,0,0,0,0,0,0,0,0,0,3.9292,0,0,0,0,0,0,0,0,3.9292,0,0,0,0,0,0,0,0,0,0,0,0,0,0,51.0801,0,0,0,0,3.9292,47.1509,0,3.9292,0,0,0,3.9292,0,0,0,0,0,0,0,0,0,0,0,0,0,0,0,66.7971,0,0,0,0,3.9292,3.9292,0,0,0,0,0,0,0,0,0,0,0,0,0,0,0,0,0,0,0,0,0,0,0,0,0,0,0,0,0,0,0,0,0,0,0,0,0,0,3.9292,7.8584,0,0,0,0,11.7877,0,0,0,0,0,0,11.7877,3.9292,0,3.9292,7.8585,15.717,0,0,0,0,0,0,15.717,19.6462,0,0,0,0,0,0,3.9292,0,0,0,0,0,0,0,0,0,0,0,0,0,0,0,0,0,0,0,0,0,0,0,0,0,0,0,0,0,0,0,0,0,0,0,0,0,0,0,0,0,0,0,0,0,0,0,0,0,0,0
NRS,Rottnest Island,ROT,32,115.4167,ROT20150319,2015-03-19T03:47:00Z,2015-03-19T11:47:00Z,2015,3,19,11:47:00,45,23.1624,0.2215,35.5738,Neutral,7.3477,NA,0,7.8585,3.9292,0,0,0,0,0,0,0,0,0,0,0,0,0,0,11.7877,0,0,0,0,0,0,0,0,7.8585,0,0,0,0,0,0,0,0,0,0,0,0,0,0,0,0,0,0,0,3.9292,58.9386,0,0,0,0,0,3.9292,0,0,0,0,0,0,0,0,0,0,0,0,0,0,0,23.5755,0,0,0,0,0,0,0,0,0,0,0,0,0,0,0,0,0,0,0,0,0,0,0,0,0,0,0,0,0,0,0,0,0,0,0,0,0,0,0,74.6555,0,0,0,0,35.3631,0,0,0,0,0,0,0,0,0,0,0,0,66.7971,3.9292,0,0,0,3.9292,0,0,0,0,0,0,7.8585,0,0,0,0,0,0,0,0,0,39.2924,0,0,0,0,0,0,0,0,0,0,0,0,0,0,0,0,0,0,0,0,0,0,0,0,0,0,0,0,0,0,0,0,0,0,0,0,0,0,0,0,0,0,0,0,0,0,0,0,0
NRS,Rottnest Island,ROT,32,115.4167,ROT20150507,2015-05-07T01:36:00Z,2015-05-07T09:36:00Z,2015,5,7,9:36:00,45,22.483,0.3564,35.3818,El Nino,11.049,NA,0,0,23.5755,0,0,0,0,0,0,0,0,0,0,0,0,0,0,0,0,0,0,0,0,0,0,0,0,7.8585,0,0,0,7.8585,0,0,0,0,0,0,0,0,0,0,0,0,0,0,0,62.8679,0,0,0,0,0,0,0,0,0,0,0,0,0,0,0,0,0,0,0,0,0,0,0,0,0,0,0,0,0,0,0,0,0,0,0,0,0,0,0,0,0,0,125.7358,0,7.8585,0,7.8585,0,0,0,0,0,0,0,0,0,0,0,0,0,0,0,0,0,0,0,102.1603,0,0,0,0,0,0,7.8585,0,0,0,0,0,39.2924,7.8585,0,23.5755,0,70.7264,0,0,23.5755,0,0,0,0,15.717,0,0,0,0,0,0,7.8585,0,86.4433,0,0,0,0,0,0,0,0,0,0,0,0,0,0,0,0,0,0,0,0,0,0,0,0,0,0,0,0,0,0,0,0,0,0,0,0,0,39.2925,0,0,0,0,0,0,0,0,0,0,0
NRS,Rottnest Island,ROT,32,115.4167,ROT20150701,2015-07-01T01:46:00Z,2015-07-01T09:46:00Z,2015,7,1,9:46:00,45,19.7127,0.7132,35.4314,El Nino,16.5421,NA,0,0,0,0,0,0,0,0,0,0,0,0,0,0,0,0,0,0,0,0,0,0,0,0,0,0,0,0,0,0,0,0,0,0,0,0,0,0,47.1509,0,0,0,0,0,15.717,0,0,15.717,0,0,0,0,0,0,0,0,0,0,0,0,0,0,0,0,0,0,0,31.4339,0,15.717,0,0,0,0,15.717,0,0,0,0,0,0,0,0,0,0,0,0,0,0,0,157.1696,0,0,0,0,0,0,0,0,0,0,0,0,0,0,0,0,0,0,0,0,0,0,0,47.1509,31.4339,0,0,0,0,0,15.717,0,0,0,0,0,157.1697,31.4339,0,0,0,125.7358,0,0,31.4339,0,0,0,0,15.717,15.717,0,0,0,0,0,15.717,0,110.0188,0,0,0,0,47.1509,0,0,0,0,0,0,0,0,0,0,0,0,0,0,0,0,0,0,0,0,0,0,0,0,0,0,0,0,0,0,0,0,31.4339,0,0,0,0,0,0,0,0,0,0,0
NRS,Rottnest Island,ROT,32,115.4167,ROT20150724,2015-07-24T01:20:00Z,2015-07-24T09:20:00Z,2015,7,24,9:20:00,45,20.1933,0.491,35.411,El Nino,5.108,NA,0,0,0,0,0,0,0,0,0,0,0,0,0,0,0,0,0,0,0,0,0,0,0,0,0,0,0,0,7.8585,0,0,0,0,0,0,0,0,0,7.8585,0,0,0,0,0,7.8585,0,0,7.8585,0,15.717,0,0,0,0,0,0,0,0,0,0,0,7.8585,0,0,0,0,0,39.2924,0,0,0,0,0,0,0,0,0,0,0,0,0,0,0,0,0,0,0,0,0,0,70.7264,0,0,0,0,0,0,0,0,0,0,0,0,0,0,0,23.5755,0,0,0,7.8585,0,0,0,86.4433,0,0,0,0,0,0,0,0,0,0,0,0,86.4433,23.5755,0,0,0,15.717,0,0,15.717,0,0,0,0,15.717,0,0,0,0,0,0,0,0,47.1509,0,0,0,0,0,0,0,0,0,0,0,0,0,0,0,0,0,0,0,0,0,0,0,0,0,0,0,0,0,0,0,0,0,0,0,0,0,23.5755,0,0,0,0,0,0,0,0,0,0,0
NRS,Rottnest Island,ROT,32,115.4167,ROT20150827,2015-08-27T03:15:00Z,2015-08-27T11:15:00Z,2015,8,27,11:15:00,45,19.60981818181818,1.3042777777777779,35.42116363636364,El Nino,3.9685,NA,0,0,0,0,0,0,0,0,0,0,0,0,0,0,0,0,0,0,0,0,0,0,0,0,0,0,3.1434,0,0,0,0,0,0,0,0,0,0,0,0,0,0,0,3.1434,0,0,0,3.1434,0,0,0,0,0,0,0,0,0,0,0,0,0,0,0,0,0,0,0,3.1434,15.717,0,0,0,0,0,0,0,0,0,0,0,0,0,0,0,0,0,0,0,0,0,0,3.1434,0,0,0,0,0,0,0,0,0,0,0,0,0,0,0,0,6.2868,0,0,6.2868,0,0,0,15.717,3.1434,0,0,0,0,0,0,0,0,0,0,0,0,0,0,0,0,12.5736,0,0,3.1434,0,0,0,6.2868,0,0,0,0,0,0,0,0,0,12.5736,0,0,0,0,6.2868,0,0,0,0,0,0,0,0,0,0,0,0,0,0,0,0,0,0,0,0,0,0,0,0,0,0,0,0,0,0,0,0,0,0,0,0,0,0,0,0,0,0,0,0
NRS,Rottnest Island,ROT,32,115.4167,ROT20150924,2015-09-24T02:08:00Z,2015-09-24T10:08:00Z,2015,9,24,10:08:00,45,19.0119,0.157,35.566,El Nino,5.2416,NA,0,0,0,0,0,0,0,0,0,0,0,0,0,0,0,0,0,0,0,0,0,0,0,0,0,0,0,0,0,0,0,0,0,0,0,0,0,0,23.5755,0,0,0,0,0,0,0,0,0,0,0,0,0,0,0,0,0,0,0,0,0,0,0,0,0,0,0,0,0,0,0,0,0,0,0,0,0,0,0,0,0,0,0,0,0,0,0,0,0,0,0,23.5755,0,0,7.8585,0,0,0,0,0,0,0,0,0,0,0,0,0,0,0,0,0,0,0,0,7.8585,0,0,0,0,0,0,0,0,0,0,0,0,7.8585,0,0,0,0,0,7.8585,0,0,0,0,0,31.434,0,0,0,0,0,0,0,0,0,47.1509,0,0,0,0,0,0,0,0,0,0,0,0,0,0,0,0,0,0,0,0,0,0,0,0,0,0,0,0,0,0,0,0,0,0,0,0,0,102.1603,0,0,0,0,0,0,0,0,0,0,0
NRS,Rottnest Island,ROT,32,115.4167,ROT20151022,2015-10-22T01:36:00Z,2015-10-22T09:36:00Z,2015,10,22,9:36:00,45,19.596800000000002,0.3819,35.6097,El Nino,5.9646,NA,0,94.3018,0,0,0,0,0,0,0,0,0,0,0,0,7.8585,0,0,94.3018,0,0,0,0,0,0,0,0,0,0,0,0,0,0,0,0,0,0,0,0,7.8585,0,0,0,0,0,0,0,0,62.8679,0,0,0,0,0,0,0,0,0,0,0,0,0,0,0,0,0,0,0,7.8585,0,62.8679,0,0,0,0,0,0,7.8585,0,0,0,0,0,0,0,0,0,0,0,0,0,31.4339,0,0,0,0,0,0,0,0,0,0,0,0,0,0,0,0,0,0,0,0,0,0,0,55.0094,0,0,0,0,0,7.8585,15.717,0,0,0,0,0,55.0094,23.5755,0,0,0,55.0094,0,0,39.2924,0,0,39.2924,0,0,0,0,0,0,0,0,0,0,39.2924,0,0,0,0,0,0,0,0,0,0,0,0,0,0,0,0,0,0,0,0,0,0,0,0,0,0,0,0,0,0,0,0,0,0,0,0,0,39.2925,0,0,0,0,0,0,0,0,0,0,0
NRS,Rottnest Island,ROT,32,115.4167,ROT20151215,2015-12-15T00:22:00Z,2015-12-15T08:22:00Z,2015,12,15,8:22:00,45,20.4779,0.166,35.8461,El Nino,7.3555,NA,0,0,0,0,0,0,15.717,3.9292,0,0,0,0,0,0,0,0,0,3.9292,0,0,0,0,0,0,0,0,0,0,0,0,0,0,0,0,0,0,0,0,0,0,0,0,0,0,7.8585,0,0,62.8679,0,0,0,0,0,0,0,0,0,0,0,0,0,0,0,0,0,0,0,0,0,0,0,0,0,0,0,0,0,0,0,0,0,0,0,0,0,0,0,0,0,0,0,0,0,0,0,0,0,0,0,0,0,0,0,0,0,0,0,0,0,0,0,0,0,0,11.7877,7.8585,0,0,0,0,11.7877,3.9292,0,0,0,0,0,11.7877,0,0,0,0,0,0,0,7.8585,0,0,0,0,0,0,0,0,0,0,0,7.8585,0,7.8585,0,0,0,0,0,0,0,0,0,0,0,0,0,0,0,0,0,0,0,0,0,0,0,0,0,0,0,0,0,0,0,0,0,0,0,0,0,3.9292,0,0,0,0,0,0,0,0,0,0,0
NRS,Rottnest Island,ROT,32,115.4167,ROT20160223,2016-02-23T00:57:00Z,2016-02-23T08:57:00Z,2016,2,23,8:57:00,45,21.2578,0.1641,35.8021,El Nino,8.0235,NA,7.8585,55.0094,0,0,0,0,0,0,0,0,0,0,0,0,0,0,0,7.8585,0,0,0,0,0,0,0,0,0,0,0,0,0,0,0,0,0,0,0,0,0,0,0,0,0,0,0,0,0,62.8679,0,0,0,0,0,0,0,0,0,0,0,0,0,0,0,0,0,0,0,7.8585,0,0,0,0,0,0,0,0,0,0,0,0,0,0,0,0,0,0,0,0,0,0,0,0,0,0,0,0,0,0,0,0,0,0,0,0,0,0,0,0,0,0,7.8585,0,0,0,7.8585,0,0,0,0,0,0,0,0,0,0,0,0,31.4339,0,0,0,0,0,0,0,7.8585,0,0,0,7.8585,0,0,0,0,0,0,0,0,0,7.8585,0,0,0,0,0,0,0,0,0,0,0,0,0,0,0,0,0,0,0,0,0,0,0,0,0,0,0,0,0,0,0,0,0,0,0,0,0,7.8585,0,0,0,0,0,0,0,0,0,0,0
NRS,Rottnest Island,ROT,32,115.4167,ROT20160324,2016-03-24T01:47:00Z,2016-03-24T09:47:00Z,2016,3,24,9:47:00,45,21.8139,0.2224,35.7776,El Nino,5.3438,NA,0,15.717,2.2453,0,0,0,0,0,0,0,0,0,0,0,0,0,0,0,0,0,0,0,0,0,0,0,4.4906,0,0,0,0,0,0,0,0,0,0,0,0,0,0,0,0,0,0,0,2.2453,13.4717,0,0,0,0,0,0,0,0,0,0,0,0,0,0,0,0,0,0,0,0,0,20.2075,0,0,0,0,0,0,0,0,0,0,0,0,0,0,0,0,0,0,0,0,0,0,0,2.2453,0,0,0,0,0,0,0,0,0,0,0,0,0,0,0,0,0,0,0,0,11.2264,0,0,0,0,0,0,0,0,0,0,0,0,11.2264,8.9811,0,0,0,0,0,0,2.2453,0,0,0,0,0,0,0,0,0,0,0,0,0,4.4906,0,0,0,0,2.2453,0,0,0,0,0,0,0,0,0,0,0,0,0,0,0,0,0,0,0,0,0,0,0,0,0,0,0,0,0,0,0,0,0,0,0,0,0,0,0,0,0,0,0,0
NRS,Rottnest Island,ROT,32,115.4167,ROT20160413,2016-04-13T01:30:00Z,2016-04-13T09:30:00Z,2016,4,13,9:30:00,45,22.629183333333334,0.4973166666666667,35.59396666666667,El Nino,28.7778,NA,31.4339,15.717,0,0,0,0,62.8679,0,7.8585,0,0,0,0,0,0,0,0,0,0,0,0,0,0,0,0,0,0,0,0,0,0,0,0,0,0,0,0,0,0,0,0,0,0,0,7.8585,0,0,78.5848,0,31.4339,0,0,0,0,0,0,0,0,0,0,0,0,7.8585,0,0,0,0,0,0,31.4339,0,0,0,0,0,0,0,0,0,0,0,0,0,0,0,0,0,0,0,0,0,0,0,0,7.8585,0,0,0,0,0,0,0,0,0,0,0,0,7.8585,0,31.434,0,0,0,0,0,0,0,0,0,0,0,0,0,0,0,0,0,0,23.5755,0,0,0,0,0,0,0,7.8585,0,0,0,7.8585,0,0,0,0,7.8585,0,0,0,7.8585,0,0,0,0,39.2924,0,0,0,0,0,0,0,0,0,0,0,0,0,0,0,0,0,0,0,0,0,0,0,0,0,0,0,0,0,0,0,0,15.717,0,0,0,0,0,0,0,0,0,0,7.8585
NRS,Rottnest Island,ROT,32,115.4167,ROT20160502,2016-05-02T01:44:00Z,2016-05-02T09:44:00Z,2016,5,2,9:44:00,45,21.6191,0.7369,35.7459,El Nino,12.7307,NA,0,15.717,0,0,0,0,39.2924,15.717,0,0,0,0,0,0,0,0,0,0,0,0,0,0,0,0,0,0,0,0,0,0,0,7.8585,0,0,0,0,0,0,0,0,0,0,0,0,94.3018,0,0,133.5942,0,133.5942,0,0,0,0,0,0,0,0,0,0,0,0,7.8585,0,0,0,0,0,0,0,0,0,0,0,0,0,0,0,0,0,0,0,0,0,0,0,0,0,0,0,31.434,0,0,0,0,0,0,0,0,0,0,0,0,0,0,0,0,0,0,15.717,0,0,0,0,110.0188,23.5755,7.8585,0,0,0,15.717,7.8585,0,0,0,0,0,39.2924,0,0,0,0,0,0,0,0,0,0,0,0,0,0,0,0,0,0,0,55.0094,0,172.8867,0,0,0,0,0,0,0,0,0,0,0,0,0,0,0,0,0,0,0,0,0,0,0,0,0,0,0,0,0,0,0,0,0,0,0,0,0,39.2924,0,0,0,0,0,0,0,0,0,0,0
NRS,Rottnest Island,ROT,32,115.4167,ROT20160527,2016-05-27T01:30:00Z,2016-05-27T09:30:00Z,2016,5,27,9:30:00,45,20.6937,1.2205,35.7576,El Nino,25.0293,NA,0,62.8679,7.8585,0,0,0,0,0,0,0,0,0,0,0,0,0,0,0,0,0,0,0,0,0,0,0,0,0,0,0,0,0,0,0,0,0,0,0,15.717,0,0,0,0,0,0,0,0,0,0,0,0,0,0,0,0,0,0,0,0,0,0,0,0,0,0,0,0,0,0,7.8585,0,0,0,0,23.5755,0,23.5755,0,0,0,0,0,0,0,0,0,0,0,0,0,23.5755,0,0,0,0,0,0,0,0,0,0,0,0,0,0,0,0,0,0,0,0,0,0,0,47.1509,0,7.8585,0,0,0,7.8585,110.0188,0,0,0,0,0,70.7264,7.8585,0,0,0,23.5755,0,0,15.717,0,0,0,0,23.5755,0,0,0,0,0,0,23.5755,0,55.0094,0,0,0,0,23.5755,0,0,0,0,0,0,0,0,0,0,0,0,0,0,0,0,0,0,0,0,0,0,0,0,0,0,0,0,0,0,0,7.8585,94.3018,0,0,0,0,0,0,0,0,0,0,0
NRS,Rottnest Island,ROT,32,115.4167,ROT20160621,2016-06-21T01:26:00Z,2016-06-21T09:26:00Z,2016,6,21,9:26:00,45,19.9451,0.46,35.6848,Neutral,26.4674,NA,15.717,31.4339,0,0,0,0,0,0,0,0,0,0,0,0,0,0,0,0,0,0,0,0,0,0,0,0,15.717,0,0,0,0,0,0,0,0,0,0,0,47.151,0,0,0,0,0,0,0,0,15.717,0,0,0,0,0,15.717,0,0,0,0,0,0,0,0,0,0,0,0,0,0,0,15.717,0,0,0,0,78.5848,15.717,0,0,0,0,0,0,0,0,0,0,0,0,0,0,691.5466,0,15.717,15.717,0,0,0,0,0,0,0,0,0,0,0,0,0,0,0,0,0,0,0,0,110.0188,0,0,0,0,0,0,110.0188,0,0,0,0,0,220.0376,47.1509,0,0,0,110.0188,0,0,0,0,0,47.1509,15.717,0,0,15.717,0,0,0,0,62.8679,0,94.3018,0,0,0,0,15.717,0,0,0,0,0,0,0,0,0,0,0,0,0,0,0,0,0,0,0,0,0,0,0,0,0,0,0,0,0,0,0,0,31.4339,0,0,0,0,0,0,0,0,0,0,0
NRS,Rottnest Island,ROT,32,115.4167,ROT20160722,2016-07-22T05:20:00Z,2016-07-22T13:20:00Z,2016,7,22,13:20:00,45,19.5039,0.4248,35.7092,La Nina,20.8957,NA,0,0,0,0,0,0,0,0,0,0,0,0,0,0,0,0,0,0,0,0,0,0,0,0,0,0,0,0,0,0,0,0,0,0,0,0,0,0,0,0,0,0,0,0,62.8679,0,0,47.1509,0,0,0,0,0,0,0,0,0,0,0,0,0,0,7.8585,0,0,0,0,0,0,0,0,0,0,0,7.8585,0,0,0,0,0,0,0,0,0,0,0,0,0,0,0,102.1603,0,0,0,7.8585,0,0,0,0,0,0,0,0,0,0,0,0,0,0,0,0,0,0,0,15.717,0,0,0,0,0,31.4339,23.5755,0,0,0,0,0,55.0094,62.8679,0,0,0,0,0,0,0,0,0,0,0,0,7.8585,0,0,0,0,0,0,0,0,0,0,0,0,0,0,0,0,0,0,0,0,0,0,0,0,0,0,0,0,0,0,0,0,0,0,0,0,0,0,0,0,0,0,0,0,0,47.151,0,0,0,0,0,0,0,0,0,0,0
NRS,Rottnest Island,ROT,32,115.4167,ROT20161004,2016-10-04T02:38:00Z,2016-10-04T10:38:00Z,2016,10,4,10:38:00,45,18.2333,0.3814,35.7178,Neutral,19.4262,NA,0,31.4339,0,0,0,0,19.6462,11.7877,3.9292,0,0,0,0,0,3.9292,0,0,0,0,0,0,0,0,0,0,0,7.8585,0,0,3.9292,0,0,0,0,0,0,0,0,0,0,0,0,0,0,15.717,0,0,98.2311,0,11.7877,0,0,3.9292,3.9292,0,0,0,0,0,3.9292,0,0,0,0,0,0,3.9292,0,0,11.7877,0,0,0,0,11.7877,7.8585,3.9292,0,0,0,0,0,0,0,0,0,0,0,0,0,94.3018,0,0,3.9292,3.9292,0,0,0,0,0,0,0,0,0,0,0,0,0,0,0,15.717,0,0,0,15.717,3.9292,0,0,0,0,11.7877,7.8585,0,0,0,0,0,15.717,15.717,0,0,0,23.5755,0,0,27.5047,0,0,3.9292,7.8585,0,3.9292,3.9292,0,0,0,0,0,0,86.4433,0,0,0,0,3.9292,0,0,0,0,0,0,0,0,0,0,0,0,0,0,0,0,0,0,0,0,0,0,0,0,0,0,0,0,0,0,0,0,0,0,0,0,0,0,0,0,0,0,0,0
NRS,Rottnest Island,ROT,32,115.4167,ROT20161024,2016-10-24T01:35:00Z,2016-10-24T09:35:00Z,2016,10,24,9:35:00,45,18.6567,0.2484,35.7385,Neutral,7.7485,NA,0,0,0,7.8585,0,0,7.8585,0,0,0,0,0,0,0,0,0,0,0,0,0,0,0,0,0,0,0,0,0,0,0,0,0,0,0,0,0,0,0,0,0,0,0,0,0,31.4339,0,0,55.0094,0,0,0,0,0,0,0,0,0,0,0,0,0,0,0,0,0,0,0,0,0,31.4339,0,0,0,0,0,0,0,0,0,0,0,0,0,0,0,0,0,0,0,0,7.8585,0,0,0,0,0,0,0,0,0,0,0,0,0,0,0,0,0,0,0,7.8585,0,0,0,7.8585,0,0,0,0,0,0,0,0,0,0,0,0,7.8585,7.8585,0,0,0,0,0,0,0,0,0,0,0,0,0,7.8585,0,0,0,0,0,0,7.8585,0,0,0,0,0,0,0,0,0,0,0,0,0,0,0,0,0,0,0,0,0,0,0,0,0,0,0,0,0,0,0,0,0,0,0,0,0,0,0,0,0,0,0,0,0,0,0,0,0
NRS,Rottnest Island,ROT,32,115.4167,ROT20161114,2016-11-14T01:45:00Z,2016-11-14T09:45:00Z,2016,11,14,9:45:00,45,18.7265,0.2071,35.8092,Neutral,13.0529,NA,0,125.7358,0,0,0,0,0,0,0,0,0,0,0,0,0,0,0,0,0,0,0,0,0,0,0,0,7.8585,0,0,0,0,0,0,0,0,0,0,0,0,0,0,0,0,0,0,0,0,282.9054,0,7.8585,0,0,0,0,7.8585,0,0,0,0,0,0,0,0,0,0,0,0,0,0,23.5755,0,0,0,0,0,0,15.717,0,0,0,0,0,0,0,0,0,0,0,0,0,7.8585,0,0,15.717,0,0,23.5755,0,0,0,0,0,0,0,0,0,0,0,0,0,0,0,0,0,23.5755,0,0,0,0,0,7.8585,31.4339,0,0,0,0,0,39.2924,0,0,0,15.717,39.2924,0,0,7.8585,0,0,0,0,7.8585,0,0,0,0,0,0,0,0,78.5848,0,0,0,0,0,0,0,0,0,0,0,0,0,0,0,0,0,0,0,0,0,0,0,0,0,0,0,0,0,0,0,0,0,0,0,0,0,23.5755,0,0,7.8585,0,0,0,0,0,0,0,0
NRS,Rottnest Island,ROT,32,115.4167,ROT20161214,2016-12-14T01:35:00Z,2016-12-14T09:35:00Z,2016,12,14,9:35:00,50,20.1417,0.1096,35.772,Neutral,9.6612,NA,0,84.8716,14.1453,0,0,0,0,0,0,0,0,0,0,0,0,0,0,0,0,0,0,0,0,0,0,0,28.2905,0,0,0,0,0,0,0,0,0,0,0,0,0,0,0,0,0,0,0,0,77.799,0,14.1453,0,0,0,14.1453,7.0726,0,0,0,0,0,0,0,0,0,0,0,0,0,0,28.2905,0,0,0,0,0,0,0,0,0,0,0,0,0,0,0,0,0,0,0,0,7.0726,0,0,0,0,0,0,0,0,0,0,0,0,0,0,0,0,0,0,0,7.0726,0,0,0,0,0,0,0,0,0,0,7.0726,0,0,0,0,0,42.4358,7.0726,0,7.0726,0,0,0,0,14.1453,0,0,0,0,0,0,0,0,0,0,0,0,0,21.2179,0,0,0,0,0,0,0,0,0,0,0,0,0,0,0,0,0,0,0,0,0,0,0,0,0,0,0,0,0,0,0,0,0,0,0,0,0,0,0,7.0726,0,0,0,0,0,0,0,0,0
NRS,Rottnest Island,ROT,32,115.4167,ROT20170120,2017-01-20T02:20:00Z,2017-01-20T10:20:00Z,2017,1,20,10:20:00,50,22.13563,0.20033333333333334,35.76383,Neutral,10.8353,NA,0,28.2906,0,0,0,0,14.1453,0,0,0,0,0,0,0,0,0,0,14.1453,0,0,0,0,0,0,0,0,0,0,0,0,0,0,0,0,0,0,0,0,0,0,0,0,0,0,14.1453,0,14.1453,212.1791,0,0,0,0,0,0,0,0,0,0,0,0,0,0,0,0,0,0,0,0,0,0,0,0,0,0,0,0,0,0,0,0,0,0,0,0,0,0,0,0,0,0,0,0,0,0,0,0,0,0,0,0,0,0,0,0,0,0,0,0,0,0,0,0,0,0,0,0,0,0,0,0,14.1453,0,0,0,0,0,0,70.7264,0,0,0,0,0,0,0,0,0,0,0,0,0,0,0,0,0,0,0,0,0,127.3074,0,0,0,0,0,0,0,0,0,0,0,0,0,0,0,0,0,0,0,0,0,0,0,0,0,0,0,0,0,0,0,0,0,0,0,0,0,0,0,0,0,0,0,0,0,0,0,0,0
NRS,Rottnest Island,ROT,32,115.4167,ROT20170303,2017-03-03T02:30:00Z,2017-03-03T10:30:00Z,2017,3,3,10:30:00,50,22.3897,0.379,35.7433,Neutral,14.1028,NA,0,70.7264,14.1453,0,0,0,0,0,0,0,0,0,0,0,0,0,0,0,0,0,0,0,0,0,0,0,0,0,0,0,0,0,0,0,0,0,0,0,0,0,0,0,0,0,28.2905,0,0,183.8885,0,28.2905,0,0,0,0,0,0,0,0,0,0,0,0,0,0,0,0,0,0,0,396.0677,0,0,14.1453,0,0,0,14.1453,0,0,0,0,0,0,0,0,0,0,0,0,0,14.1453,0,0,0,0,0,0,0,0,0,0,0,0,0,0,0,0,0,0,0,14.1453,0,0,0,14.1453,0,0,0,0,0,42.4358,0,0,0,0,0,0,14.1453,0,0,14.1453,0,14.1453,0,0,0,0,0,0,0,14.1453,0,0,0,0,0,0,14.1453,0,56.5811,0,0,0,0,0,0,0,0,0,0,0,0,0,0,0,0,0,0,0,0,0,0,0,0,0,0,0,0,0,0,0,0,0,0,0,0,0,0,0,0,0,0,0,0,0,0,0,0,0
NRS,Rottnest Island,ROT,32,115.4167,ROT20170331,2017-03-31T02:24:00Z,2017-03-31T10:24:00Z,2017,3,31,10:24:00,45,21.6203,0.3591,35.7765,Neutral,9.1237,NA,0,0,15.717,0,0,0,0,0,0,0,0,0,0,0,0,0,0,0,0,0,0,0,0,0,0,0,7.8585,0,0,0,0,0,0,0,0,0,0,0,0,0,0,0,0,0,0,0,0,39.2924,0,15.717,0,0,0,7.8585,0,0,0,0,0,0,0,0,7.8585,0,0,0,0,0,0,55.0094,0,0,0,0,0,0,0,0,0,0,0,0,0,0,0,0,0,0,0,0,70.7264,0,0,7.8585,0,0,0,0,0,0,0,0,0,0,0,0,0,0,0,0,0,0,0,0,7.8585,15.717,0,0,0,0,7.8585,0,0,0,0,0,0,47.1509,7.8585,0,0,7.8585,0,0,0,47.1509,0,0,0,0,7.8585,0,0,0,0,0,0,23.5755,0,55.0094,0,0,0,0,15.717,0,0,0,0,0,0,0,0,0,0,0,0,0,0,0,0,0,0,0,0,0,0,0,0,0,0,0,0,0,0,0,0,7.8585,0,0,0,0,0,0,0,0,0,0,0
NRS,Rottnest Island,ROT,32,115.4167,ROT20170407,2017-04-07T01:28:00Z,2017-04-07T09:28:00Z,2017,4,7,9:28:00,45,21.7339,0.2852,35.7545,Neutral,46.3572,NA,0,314.3394,0,0,0,0,0,0,0,0,0,0,0,0,0,7.8585,0,157.1697,0,0,0,0,0,0,0,0,0,0,0,0,0,0,0,0,0,0,0,0,7.8585,0,0,0,0,0,0,0,0,149.3112,0,15.717,0,0,0,0,0,0,0,0,0,0,0,0,0,0,0,0,0,0,0,353.6318,0,0,0,15.717,0,0,0,0,0,0,0,0,0,0,0,0,0,0,0,0,125.7358,0,0,0,0,0,0,0,0,0,0,0,0,0,0,0,0,0,0,7.8585,0,0,0,0,55.0094,15.717,0,0,0,0,0,0,0,0,0,0,0,0,0,0,0,0,0,0,0,15.717,0,0,0,0,0,0,0,0,0,7.8585,0,23.5755,0,463.6506,0,0,0,0,0,0,0,0,0,0,0,0,0,0,0,0,0,0,0,0,0,0,0,0,0,0,0,0,0,0,0,0,0,0,0,0,0,94.3018,0,0,0,0,0,0,0,0,0,0,0
NRS,Rottnest Island,ROT,32,115.4167,ROT20170428,2017-04-28T01:52:00Z,2017-04-28T09:52:00Z,2017,4,28,9:52:00,45,21.6816,0.3947,35.6694,Neutral,4.2986,NA,0,0,0,0,0,0,0,0,0,0,0,0,7.8585,0,0,0,0,0,0,0,0,0,0,0,0,0,7.8585,0,0,0,0,0,0,0,0,0,0,0,3.9292,0,0,0,0,0,0,0,0,3.9292,0,0,0,0,0,7.8585,0,0,0,0,0,0,0,0,0,0,0,0,0,0,0,0,0,0,11.7877,0,7.8585,0,0,0,0,0,0,0,0,0,0,0,0,0,0,0,3.9292,0,0,0,0,0,0,0,0,0,0,0,0,0,0,0,0,0,0,0,3.9292,0,0,0,7.8585,0,0,0,0,0,3.9292,0,0,0,0,0,0,23.5755,7.8585,0,0,7.8585,0,0,0,3.9292,0,0,0,3.9292,0,0,0,0,0,0,0,3.9292,0,7.8585,0,0,0,0,11.7877,0,0,0,0,0,0,0,0,0,0,0,0,0,0,0,0,0,0,0,0,0,0,0,0,0,0,0,0,0,0,0,0,15.7169,0,0,0,0,0,0,0,0,0,0,0
NRS,Rottnest Island,ROT,32,115.4167,ROT20170523,2017-05-23T01:53:00Z,2017-05-23T09:53:00Z,2017,5,23,9:53:00,45,22.4226,0.9035,35.3981,Neutral,10.4989,NA,0,31.434,0,0,0,0,0,0,0,0,0,0,0,0,0,0,0,0,0,0,0,0,0,15.717,0,0,15.717,15.717,0,0,0,0,0,0,0,0,0,0,15.717,0,0,0,0,0,0,0,0,15.717,0,0,0,0,0,15.717,0,0,0,0,0,0,0,0,0,0,0,0,0,15.717,0,47.1509,0,0,0,0,0,0,0,0,0,0,0,0,0,0,0,0,0,0,0,0,172.8866,0,0,0,0,0,0,0,0,0,0,0,0,0,0,0,15.717,0,0,0,0,0,0,0,188.6036,15.717,0,0,0,0,0,0,0,0,15.717,0,0,94.3018,31.434,0,0,47.1509,78.5848,0,0,15.717,0,0,0,0,0,0,0,0,0,0,0,31.4339,0,31.4339,0,0,0,0,15.717,0,0,0,0,0,0,0,0,0,0,0,0,0,0,0,0,0,0,0,0,0,0,0,0,0,0,0,0,0,0,0,0,15.717,0,0,0,0,0,0,0,0,0,0,0
NRS,Rottnest Island,ROT,32,115.4167,ROT20170626,2017-06-26T01:46:00Z,2017-06-26T09:46:00Z,2017,6,26,9:46:00,45,21.2801,1.1828,35.4203,La Nina,13.5873,NA,0,31.434,0,0,0,0,0,0,0,0,0,0,0,0,0,0,0,0,0,0,0,0,0,0,0,0,15.717,0,0,0,0,0,0,0,0,0,0,0,0,0,0,0,0,0,0,0,0,78.5848,0,0,0,0,0,0,0,0,0,0,0,0,0,0,0,0,0,0,0,0,0,31.4339,0,0,0,0,31.4339,15.717,0,0,0,0,0,0,0,0,0,0,0,0,0,0,62.8679,0,0,0,0,0,0,0,0,0,0,0,0,0,0,0,0,0,0,0,15.717,0,0,0,0,47.1509,0,0,0,0,0,0,0,0,0,0,0,47.1509,31.4339,0,15.717,31.4339,47.1509,15.717,15.717,15.717,0,0,31.4339,15.717,0,0,15.717,0,0,0,0,94.3018,0,125.7358,0,0,0,0,125.7357,0,0,0,0,0,0,0,0,0,0,0,0,0,0,0,0,0,0,0,0,0,0,0,0,0,0,0,0,0,0,0,0,31.4339,0,0,0,0,0,0,0,0,0,0,0
NRS,Rottnest Island,ROT,32,115.4167,ROT20170802,2017-08-02T01:33:00Z,2017-08-02T09:33:00Z,2017,8,2,9:33:00,45,20.2393,0.6366,35.3645,La Nina,22.0038,NA,15.717,0,0,0,0,0,0,0,15.717,0,0,0,0,0,0,0,0,0,0,0,0,0,0,0,0,0,15.717,0,0,0,0,0,0,0,0,0,0,0,15.717,0,0,0,0,0,15.717,0,0,47.1509,0,0,0,0,0,0,0,0,0,0,0,0,0,0,0,0,0,0,0,47.1509,0,15.717,0,0,0,0,31.434,0,0,0,0,0,0,0,0,0,0,0,0,0,0,0,392.9242,0,0,0,0,0,0,0,0,0,0,0,0,0,0,0,0,0,0,0,0,0,0,0,31.434,0,0,0,0,0,0,0,0,0,0,0,0,31.4339,15.717,0,0,15.717,94.3018,0,31.4339,15.717,0,0,15.717,125.7357,0,0,0,0,0,0,0,15.717,0,15.717,0,0,0,0,0,0,0,0,0,0,0,0,0,0,0,0,0,0,0,0,0,0,0,0,0,0,0,0,0,0,0,0,0,0,0,0,0,110.0187,0,0,0,0,0,0,0,0,0,0,0
NRS,Rottnest Island,ROT,32,115.4167,ROT20170914,2017-09-14T01:45:00Z,2017-09-14T09:45:00Z,2017,9,14,9:45:00,45,19.2523,0.5436,35.4964,La Nina,4.7465,NA,0,15.717,0,0,0,0,0,0,0,0,0,0,0,0,0,0,0,0,0,0,0,0,0,0,0,0,0,0,0,0,0,0,0,0,0,0,0,0,15.717,0,0,0,0,0,0,0,15.717,15.717,0,0,0,0,0,0,0,0,0,0,0,0,0,0,0,0,0,0,0,15.717,0,0,0,0,0,0,0,0,15.717,0,0,0,0,0,0,0,0,0,0,0,0,0,15.717,0,0,0,0,0,0,0,0,0,0,0,0,0,0,0,0,0,0,0,15.717,0,0,0,0,15.717,31.4339,0,0,0,0,15.717,0,0,0,0,0,78.5848,47.1509,0,0,0,15.717,0,0,31.4339,0,0,0,0,0,0,0,0,0,0,0,47.1509,0,47.1509,0,0,0,0,0,0,0,0,0,0,0,0,0,0,0,0,0,0,0,0,0,0,0,0,0,0,0,0,0,0,0,0,0,0,0,0,0,47.1509,0,0,0,0,0,0,0,0,0,0,0
NRS,Rottnest Island,ROT,32,115.4167,ROT20171103,2017-11-03T01:25:00Z,2017-11-03T09:25:00Z,2017,11,3,9:25:00,45,18.3532,0.4358,35.5775,La Nina,14.2081,NA,0,62.8679,0,0,0,0,0,0,0,0,0,0,0,0,0,0,0,7.8585,0,0,0,0,0,0,0,0,0,0,0,0,0,0,0,0,0,0,0,0,0,0,0,0,0,0,0,0,0,110.0188,0,0,0,0,0,7.8585,0,0,0,0,0,0,0,0,0,0,0,0,0,0,0,23.5755,0,0,0,0,7.8585,0,23.5755,0,0,0,0,0,0,0,0,0,0,0,0,0,31.4339,0,0,0,0,0,0,0,0,0,0,0,0,0,0,0,0,0,0,0,0,0,0,0,7.8585,0,0,0,0,0,7.8585,15.717,0,0,0,0,0,7.8585,0,0,0,0,39.2924,0,0,7.8585,0,0,7.8585,0,0,0,0,0,0,0,0,0,0,55.0094,0,0,0,0,0,0,0,0,0,0,0,0,0,0,0,0,0,0,0,0,0,0,0,0,0,0,0,0,0,0,0,0,0,0,0,0,0,0,0,0,0,0,0,0,0,0,0,0,0
NRS,Rottnest Island,ROT,32,115.4167,ROT20171123,2017-11-23T02:05:00Z,2017-11-23T10:05:00Z,2017,11,23,10:05:00,46,20.3095,0.5227,35.6339,La Nina,13.4457,NA,0,0,0,0,0,0,84.5641,15.3753,30.7506,0,0,0,0,0,0,0,0,0,0,0,0,0,0,0,0,0,23.0629,0,0,0,0,0,0,0,0,0,0,0,0,0,0,0,0,0,23.0629,0,0,46.1259,0,0,0,0,0,0,0,0,0,0,0,0,0,0,0,0,0,0,0,0,0,322.8812,0,0,0,0,7.6876,7.6876,0,0,0,0,0,0,0,0,0,0,0,0,0,0,61.5012,0,0,0,0,0,0,0,0,0,0,0,0,0,0,0,0,0,0,7.6876,7.6876,0,0,0,7.6876,0,0,0,0,0,0,0,0,0,0,0,7.6876,0,0,0,0,0,0,0,0,0,0,0,0,0,0,7.6876,0,0,0,0,0,30.7505,0,99.9394,0,0,0,0,0,0,0,0,0,0,0,0,0,0,0,0,0,0,0,0,0,0,0,0,0,0,0,0,0,0,0,0,0,0,0,0,0,38.4382,0,7.6876,0,0,0,0,0,0,0,0,0
NRS,Rottnest Island,ROT,32,115.4167,ROT20171214,2017-12-14T01:37:00Z,2017-12-14T09:37:00Z,2017,12,14,9:37:00,45,20.8481,0.2238,35.7447,La Nina,20.1099,NA,0,0,0,0,0,0,62.8679,0,0,0,0,0,0,0,0,0,0,0,0,0,0,0,0,0,0,0,0,0,0,0,0,0,0,0,0,0,0,0,0,0,0,0,0,0,7.8585,0,0,165.0282,0,0,0,0,0,0,0,0,0,0,0,0,0,0,15.717,0,0,0,0,0,0,243.613,0,0,0,0,0,0,0,0,0,0,0,0,0,0,0,0,0,0,0,0,70.7264,0,0,0,0,0,0,0,0,0,0,0,0,0,0,0,0,0,0,0,0,0,0,0,15.717,0,0,0,0,0,0,0,0,0,0,0,0,23.5755,7.8585,0,0,0,0,0,0,23.5755,0,0,0,0,0,15.717,0,0,7.8585,0,0,62.8679,0,86.4433,0,0,0,0,0,0,0,0,0,0,0,0,0,0,0,0,0,0,0,0,0,0,0,0,0,0,0,0,0,0,0,0,0,0,0,0,0,117.8773,0,0,0,0,0,0,0,0,0,0,0
NRS,Rottnest Island,ROT,32,115.4167,ROT20180125,2018-01-25T02:00:00Z,2018-01-25T10:00:00Z,2018,1,25,10:00:00,44,21.7117,0.1733,35.7421,La Nina,12.5539,NA,0,0,0,0,0,0,72.3338,0,0,0,0,0,0,0,0,0,0,0,0,0,0,0,0,0,0,0,0,0,0,0,0,0,0,0,0,0,0,0,0,0,0,0,0,0,8.0371,0,0,152.7046,0,0,0,0,0,0,0,0,0,0,0,0,0,0,0,0,0,0,0,0,0,0,0,0,0,8.0371,0,0,0,0,0,0,0,0,0,0,0,0,0,0,0,0,0,0,0,0,0,0,0,0,0,0,0,0,0,0,0,0,0,0,0,24.1113,0,0,0,0,0,0,0,0,0,0,0,0,0,0,0,0,0,0,0,0,0,0,0,0,0,16.0742,0,0,0,0,0,0,0,8.0371,0,0,0,16.0742,0,40.1855,0,0,0,0,0,0,0,0,0,0,0,0,0,0,0,0,0,0,0,0,0,0,0,0,0,0,0,0,0,0,0,0,0,0,0,0,8.0371,24.1113,0,0,0,0,0,0,0,0,0,0,0
NRS,Rottnest Island,ROT,32,115.4167,ROT20180221,2018-02-21T02:05:00Z,2018-02-21T10:05:00Z,2018,2,21,10:05:00,45,21.7408,0.2823,35.8723,La Nina,19.6069,NA,0,78.5849,0,15.717,0,0,0,0,0,0,0,0,0,0,0,0,0,15.717,0,0,0,0,0,0,0,0,0,0,0,0,0,0,0,0,0,0,0,0,0,0,0,0,0,0,0,0,15.717,330.0563,0,0,0,0,0,0,0,0,0,0,0,0,0,0,0,0,0,0,0,0,0,220.0375,0,0,0,0,0,0,0,0,0,0,0,0,0,0,0,0,0,0,0,0,0,0,0,0,0,0,0,0,0,0,0,0,0,0,0,0,0,0,0,0,15.717,0,0,0,15.717,62.8679,0,0,0,0,31.4339,0,0,0,0,0,0,31.4339,0,0,0,0,0,0,0,15.717,0,0,15.717,0,0,15.717,0,0,0,0,0,15.717,0,94.3018,0,0,0,0,0,0,0,0,0,0,0,0,0,0,0,0,0,0,0,0,0,0,0,0,0,0,0,0,0,0,0,0,0,0,0,0,0,0,0,0,0,0,0,0,0,0,0,0,0
NRS,Rottnest Island,ROT,32,115.4167,ROT20180328,2018-03-28T01:23:00Z,2018-03-28T09:23:00Z,2018,3,28,9:23:00,46,22.1816,0.9063,35.6328,La Nina,11.5468,NA,0,138.3777,15.3753,0,0,0,0,0,0,0,0,0,0,0,0,0,0,0,0,0,0,0,0,0,0,0,0,0,0,0,0,0,0,0,0,0,0,0,0,0,0,0,0,15.3753,0,0,0,61.5012,0,0,0,0,0,0,0,0,0,0,0,0,0,0,0,0,0,0,0,15.3753,0,76.8765,0,0,0,0,0,0,0,0,0,0,0,0,0,0,0,0,0,0,0,0,0,0,0,0,0,0,0,0,0,0,0,0,0,0,0,0,0,0,0,0,0,0,0,0,30.7506,30.7506,0,0,0,0,0,0,0,0,0,0,0,0,0,0,0,15.3753,0,0,0,0,0,0,0,0,0,0,0,0,0,0,0,30.7506,0,30.7506,0,0,0,0,0,0,0,0,0,0,0,0,0,0,0,0,0,0,0,0,0,0,0,0,0,0,0,0,0,0,0,0,0,0,0,0,0,0,0,0,0,0,0,0,0,0,0,0,0
NRS,Rottnest Island,ROT,32,115.4167,ROT20180511,2018-05-11T01:21:00Z,2018-05-11T09:21:00Z,2018,5,11,9:21:00,48,21.7781,0.7538,35.6107,La Nina,7.9493,NA,0,0,0,0,0,0,0,0,0,0,0,0,0,0,0,0,0,0,0,0,0,0,0,0,0,0,3.6837,0,0,0,0,0,0,0,0,0,0,0,3.6837,0,0,0,0,0,0,0,0,14.7347,0,0,0,0,0,0,0,0,0,0,0,0,0,0,0,0,0,0,0,0,0,0,0,0,0,0,14.7346,0,14.7347,0,0,0,0,0,0,0,0,0,0,0,0,0,0,0,3.6837,0,0,0,3.6837,0,0,0,0,0,0,0,0,0,0,0,0,3.6837,0,0,0,0,7.3674,14.7346,0,0,0,0,0,0,0,0,0,0,0,14.7347,7.3673,0,3.6837,3.6837,14.7347,0,0,7.3673,0,0,0,3.6837,0,0,0,0,0,0,0,3.6837,0,29.4694,0,3.6837,0,0,7.3673,0,0,0,0,0,0,0,0,0,0,0,0,0,0,0,0,0,0,0,0,0,0,0,0,0,0,0,0,0,0,0,0,0,0,0,0,0,0,0,0,0,0,0,0
NRS,Rottnest Island,ROT,32,115.4167,ROT20180620,2018-06-20T01:56:00Z,2018-06-20T09:56:00Z,2018,6,20,9:56:00,45,21.3869,0.7074,35.3681,La Nina,15.9056,NA,0,7.8585,0,0,0,0,0,0,0,0,0,0,0,0,0,0,0,0,0,0,0,0,0,0,0,0,0,0,0,0,0,7.8585,0,0,0,0,0,0,15.717,0,0,7.8585,0,0,0,0,0,15.717,0,0,0,0,0,0,0,0,0,0,0,0,0,0,0,0,0,0,0,23.5755,0,0,0,0,0,0,7.8585,0,0,0,0,0,0,0,0,0,0,0,0,0,0,0,62.8679,0,0,0,0,0,0,0,0,0,0,0,0,0,0,0,7.8585,0,0,7.8585,0,0,0,0,0,31.434,0,0,0,0,0,0,0,0,0,0,0,23.5755,31.4339,0,0,15.717,23.5755,0,7.8585,7.8585,0,0,0,15.717,0,0,0,0,0,0,0,7.8585,0,0,0,7.8585,0,0,7.8585,0,0,0,0,0,0,0,0,0,0,0,0,0,0,0,0,0,0,0,0,0,0,0,0,0,0,0,0,0,0,0,0,0,0,0,0,0,0,0,0,7.8585,0,7.8585,0
NRS,Rottnest Island,ROT,32,115.4167,ROT20180719,2018-07-19T01:35:00Z,2018-07-19T09:35:00Z,2018,7,19,9:35:00,45,20.7759,0.7982,35.3275,Neutral,12.5736,NA,0,7.8585,0,0,0,0,0,0,0,0,0,0,0,0,0,0,0,0,0,0,0,0,0,0,0,0,7.8585,0,0,0,0,0,0,0,0,0,0,0,15.717,0,0,7.8585,0,0,7.8585,0,0,31.4339,7.8585,0,0,0,0,0,0,0,0,0,0,0,0,0,0,0,0,0,0,15.717,0,0,0,0,0,0,23.5755,7.8585,15.717,0,0,0,0,0,0,0,0,0,0,0,0,0,62.8679,0,0,0,0,0,0,0,0,0,0,0,0,0,0,0,0,0,0,0,0,0,0,0,102.1603,7.8585,0,0,0,0,0,0,0,0,0,0,0,23.5755,23.5755,0,0,0,7.8585,0,7.8585,23.5755,0,0,15.717,7.8585,0,0,0,0,0,0,0,7.8585,0,7.8585,0,0,0,0,23.5755,0,0,0,0,0,0,0,0,0,0,0,0,0,0,0,0,0,0,0,0,0,0,0,0,0,0,0,0,0,0,0,0,15.717,0,0,0,0,0,0,0,0,0,0,0
NRS,Rottnest Island,ROT,32,115.4167,ROT20180727,2018-07-27T01:33:00Z,2018-07-27T09:33:00Z,2018,7,27,9:33:00,45,19.6621,0.735,35.3859,Neutral,18.2946,NA,0,15.717,0,0,0,0,0,0,0,0,0,0,0,0,0,0,0,15.717,0,0,0,0,0,0,0,0,0,0,0,0,0,0,0,0,0,0,0,0,15.717,0,0,0,0,0,0,0,0,31.4339,0,0,0,0,0,0,0,0,0,0,0,0,0,0,0,0,0,0,0,62.8679,0,62.8679,0,0,0,0,0,0,31.4339,0,0,0,0,0,0,0,0,0,0,0,0,0,94.3018,0,0,0,0,0,0,0,0,0,0,0,0,0,0,0,0,0,0,0,0,0,0,0,31.434,0,15.717,0,0,0,0,0,0,0,15.717,0,0,78.5848,15.717,0,0,0,125.7358,0,0,31.4339,0,0,0,0,0,0,0,0,0,0,0,0,0,31.4339,0,0,0,0,47.1509,0,0,0,0,0,0,0,0,0,0,0,0,0,0,0,0,0,0,0,0,0,0,0,0,0,0,0,0,0,0,0,0,15.717,0,0,0,0,0,0,0,0,0,0,0
NRS,Rottnest Island,ROT,32,115.4167,ROT20180831,2018-08-31T02:07:00Z,2018-08-31T10:07:00Z,2018,8,31,10:07:00,45,18.4172,0.882,35.4435,Neutral,38.3887,NA,0,204.3206,0,0,0,0,47.1509,0,0,0,0,0,0,0,0,0,0,0,0,0,0,0,0,0,0,0,15.717,0,0,0,0,0,0,0,0,0,0,0,62.8679,0,0,0,0,0,0,0,0,0,0,0,0,0,0,0,15.717,0,0,0,0,0,0,0,0,0,0,0,15.717,0,0,47.1509,0,0,0,0,31.4339,0,94.3018,0,0,0,0,0,0,0,0,0,0,0,0,0,172.8867,0,0,0,0,0,0,0,0,0,0,0,0,0,0,0,0,0,0,0,0,0,0,0,0,15.717,0,0,0,0,0,0,0,0,0,0,0,47.1509,0,0,0,31.4339,298.6224,0,47.1509,0,0,0,0,0,15.717,0,0,0,0,0,0,0,0,251.4715,0,0,0,0,47.1509,0,0,0,0,0,0,0,0,0,0,0,0,0,0,0,0,0,0,0,0,0,0,0,0,0,0,0,0,0,0,0,0,282.9055,0,0,0,0,0,0,0,0,0,0,0
NRS,Rottnest Island,ROT,32,115.4167,ROT20180921,2018-09-21T01:27:00Z,2018-09-21T09:27:00Z,2018,9,21,9:27:00,45,17.8892,0.5601,35.5654,Neutral,4.998,NA,0,62.8679,22.0038,0,0,0,0,0,0,0,0,0,0,0,0,0,0,6.2868,0,0,0,0,0,0,0,0,0,0,0,0,0,0,0,0,0,0,0,0,0,0,0,0,0,0,0,0,0,3.1434,0,0,0,0,0,0,0,0,0,0,0,0,0,0,0,0,0,0,0,0,0,84.8716,0,0,0,0,3.1434,0,0,0,0,0,0,0,0,0,0,0,0,0,0,0,3.1434,0,0,0,0,0,0,0,0,0,0,0,0,0,0,0,0,0,0,0,0,0,0,0,0,3.1434,0,0,0,0,0,0,0,0,0,0,0,0,0,0,0,3.1434,6.2868,0,0,0,0,0,0,0,3.1434,0,0,0,0,0,0,0,0,6.2868,0,0,0,0,0,0,0,0,0,0,0,0,0,0,0,0,0,0,0,0,0,0,0,0,0,0,0,0,0,0,0,0,0,0,0,0,0,6.2868,0,0,0,0,0,0,0,0,0,0,0
NRS,Rottnest Island,ROT,32,115.4167,ROT20181024,2018-10-24T01:18:00Z,2018-10-24T09:18:00Z,2018,10,24,9:18:00,45,19.4792,0.3836,35.5959,Neutral,13.3908,NA,0,0,0,0,0,0,0,0,0,0,0,0,0,0,0,0,0,0,0,0,0,0,0,0,0,0,0,0,0,0,0,0,0,0,0,0,0,0,0,0,0,0,0,0,0,0,0,15.717,0,15.717,0,0,0,15.717,0,0,0,0,0,0,0,0,0,0,0,0,0,0,0,47.1509,0,0,0,0,23.5755,0,23.5755,0,0,0,0,0,0,0,0,0,0,0,0,0,15.717,0,0,0,0,0,0,0,0,0,0,0,0,0,0,0,0,7.8585,0,0,0,0,0,0,15.717,0,0,0,0,0,0,0,0,0,0,0,0,7.8585,7.8585,0,7.8585,0,15.717,7.8585,0,70.7264,0,0,0,0,0,0,0,0,0,0,0,0,0,47.1509,47.1509,0,0,0,0,0,0,0,0,0,0,0,0,0,0,0,0,0,0,0,0,0,0,0,0,0,0,0,0,0,0,0,0,0,0,0,0,7.8585,0,0,0,0,0,0,0,0,0,0,0
NRS,Rottnest Island,ROT,32,115.4167,ROT20181130,2018-11-30T01:33:00Z,2018-11-30T09:33:00Z,2018,11,30,9:33:00,45,18.682,0.2118,35.7901,Neutral,11.4027,NA,0,31.4339,0,0,0,0,0,0,0,0,0,0,0,0,0,0,0,15.717,0,0,0,0,0,0,0,0,0,0,0,0,0,0,0,0,0,0,0,0,0,0,0,0,0,0,0,0,0,314.3394,0,0,0,0,0,0,0,0,0,0,0,0,0,0,0,0,0,0,15.717,0,0,110.0187,0,0,0,0,15.717,0,15.717,0,0,0,0,0,0,0,0,0,0,0,0,0,15.717,0,0,0,0,0,0,0,0,0,0,0,0,0,0,0,0,0,0,0,0,0,0,0,0,0,0,0,0,0,0,31.4339,0,0,15.717,0,0,31.4339,0,0,0,15.717,0,0,0,0,0,0,0,0,0,0,0,0,0,0,0,0,0,31.4339,15.717,0,0,0,0,0,0,0,0,0,0,0,0,0,0,0,0,0,0,0,0,0,0,0,0,0,0,0,0,0,0,0,0,0,0,0,0,0,0,0,0,0,0,0,0,0,0,0,0
NRS,Rottnest Island,ROT,32,115.4167,ROT20181211,2018-12-11T01:24:00Z,2018-12-11T09:24:00Z,2018,12,11,9:24:00,45,19.2,0.1542,35.8801,Neutral,15.1512,NA,15.717,47.1509,0,0,0,0,0,0,0,0,0,0,0,0,0,0,0,31.434,0,0,0,0,0,0,0,0,0,0,0,0,0,0,0,0,0,0,0,0,0,0,0,0,0,0,0,0,0,172.8867,0,0,0,0,0,0,0,0,0,0,0,0,0,0,0,0,0,0,15.717,0,0,0,0,0,0,0,0,0,0,0,0,0,0,0,0,0,0,0,0,0,0,0,15.717,0,0,0,0,0,15.717,0,0,0,0,0,0,0,0,0,0,0,0,0,0,0,0,0,0,0,0,0,0,0,31.4339,15.717,0,0,0,0,0,15.717,15.717,0,47.1509,0,15.717,0,0,0,0,0,0,15.717,31.4339,0,0,0,0,0,0,0,0,298.6224,0,0,0,0,0,0,0,0,0,0,0,0,0,0,0,0,0,0,0,0,0,0,0,0,0,0,0,0,0,0,0,0,0,0,0,0,0,0,0,0,0,0,0,0,0,0,0,0,0
NRS,Rottnest Island,ROT,32,115.4167,ROT20190125,2019-01-25T01:35:00Z,2019-01-25T09:35:00Z,2019,1,25,9:35:00,45,20.2722,0.1599,35.8958,Neutral,9.4852,NA,0,70.7263,35.3632,0,0,0,0,0,0,0,0,0,0,0,0,0,0,0,0,0,0,0,0,0,0,0,0,0,0,0,0,0,0,0,0,0,0,0,0,0,0,0,0,0,0,0,0,43.2217,0,0,0,0,0,7.8585,0,0,0,0,0,0,0,0,0,0,0,0,0,0,0,3.9292,0,0,0,0,3.9292,0,0,0,0,0,0,0,0,0,0,0,0,0,0,0,0,0,0,0,0,0,0,0,0,0,0,0,0,0,0,0,0,0,0,0,0,0,0,0,3.9292,7.8585,0,0,0,0,0,0,0,0,7.8585,0,0,3.9292,0,0,0,0,3.9292,0,0,3.9292,0,0,0,3.9292,0,0,0,0,0,0,0,0,0,3.9292,3.9292,0,0,0,0,0,0,0,0,0,0,0,0,0,0,0,0,0,0,0,0,0,0,0,0,0,0,0,0,0,0,0,0,0,0,0,0,15.717,0,0,0,0,0,0,0,0,0,0,0
NRS,Rottnest Island,ROT,32,115.4167,ROT20190221,2019-02-21T01:30:00Z,2019-02-21T09:30:00Z,2019,2,21,9:30:00,45,21.5256,0.2763,36.0441,Neutral,8.7465,NA,0,39.2925,0,0,0,0,23.5755,0,0,0,0,0,0,0,0,0,0,0,0,0,0,0,0,0,0,0,0,0,0,0,0,0,0,0,0,0,0,0,0,0,0,0,0,0,0,0,0,70.7264,0,0,0,0,0,0,0,0,0,0,0,0,0,0,0,0,0,0,0,0,0,70.7263,0,0,0,0,7.8585,0,15.717,0,0,0,0,0,0,0,0,0,0,0,0,0,0,0,0,0,0,0,7.8585,0,0,0,0,0,0,0,0,0,0,0,0,0,0,0,0,0,15.717,0,0,0,0,0,0,0,0,0,0,0,0,0,0,0,0,0,0,0,0,15.717,0,0,0,0,7.8585,0,0,0,0,0,0,0,0,23.5755,0,0,0,0,0,0,0,0,0,0,0,0,0,0,0,0,0,0,0,0,0,0,0,0,0,0,0,0,0,0,0,0,0,0,0,0,0,0,0,0,0,0,0,0,0,0,0,0,0
NRS,Rottnest Island,ROT,32,115.4167,ROT20190306,2019-03-06T02:24:00Z,2019-03-06T10:24:00Z,2019,3,6,10:24:00,45,20.8671,0.857,35.8839,El Nino,7.4891,NA,0,31.4339,0,0,0,0,15.717,0,0,0,0,0,0,0,0,0,0,23.5755,0,0,0,0,0,0,0,0,0,0,0,0,0,0,0,0,0,0,0,0,0,0,0,0,0,0,0,0,0,133.5942,0,0,0,0,0,7.8585,0,0,0,0,0,0,0,0,0,0,0,0,7.8585,0,0,23.5755,0,0,0,0,0,0,7.8585,0,0,0,0,0,0,0,0,0,0,0,0,0,0,0,0,0,0,0,0,0,0,0,0,0,0,0,0,0,0,0,0,0,0,0,0,0,15.717,0,0,0,0,0,7.8585,0,0,0,7.8585,0,0,15.717,0,0,0,0,0,0,0,7.8585,0,0,0,0,0,0,0,0,0,0,0,0,0,0,0,0,0,0,0,0,0,0,0,7.8585,0,0,0,0,0,0,0,0,0,0,0,0,0,0,0,0,0,0,0,0,0,0,0,0,0,0,0,0,0,0,0,0,0,0,0,0,0,0,0
NRS,Rottnest Island,ROT,32,115.4167,ROT20190507,2019-05-07T01:40:00Z,2019-05-07T09:40:00Z,2019,5,7,9:40:00,45,21.3874,0.3678,35.6875,Neutral,25.8466,NA,0,47.1509,0,0,0,0,15.717,0,0,0,0,0,0,0,0,0,0,0,0,0,0,0,0,0,0,0,0,0,0,0,0,0,0,0,0,0,0,0,0,0,0,0,0,0,0,0,0,125.7358,0,0,0,0,0,0,0,0,0,0,0,0,0,0,0,0,0,0,0,62.8679,0,94.3018,0,0,0,0,15.717,0,15.717,0,0,0,0,0,0,0,0,0,0,0,0,0,15.717,0,0,15.717,0,0,0,0,0,0,0,0,0,0,0,0,0,31.434,0,15.717,0,0,0,0,31.434,31.4339,0,0,0,0,0,15.717,0,0,0,0,0,47.1509,0,0,0,0,15.717,0,0,0,0,0,0,0,0,0,0,0,0,15.717,0,15.717,15.717,172.8866,47.1509,0,0,0,0,0,0,0,0,0,0,0,0,0,0,0,0,0,0,0,0,0,0,0,0,0,0,0,0,0,0,0,0,0,0,0,0,15.717,0,0,0,0,0,0,0,0,0,0,0
NRS,Rottnest Island,ROT,32,115.4167,ROT20190527,2019-05-27T01:28:00Z,2019-05-27T09:28:00Z,2019,5,27,9:28:00,45,21.1521,0.2811,35.654,Neutral,11.1512,NA,7.8585,212.1791,7.8585,0,0,0,0,0,0,0,0,0,0,0,0,0,0,23.5755,0,0,0,0,0,0,0,0,0,0,0,0,0,0,0,0,0,0,0,0,0,0,0,0,0,0,0,0,0,47.1509,0,0,0,0,0,7.8585,0,0,0,0,0,7.8585,0,0,0,0,0,0,0,0,0,23.5755,0,0,7.8585,0,0,0,7.8585,0,0,0,0,0,0,0,0,0,0,0,0,0,39.2925,0,7.8585,47.1509,0,0,0,0,0,0,0,0,0,0,0,0,0,0,0,0,7.8585,0,0,0,78.5849,31.434,0,0,0,0,0,15.717,0,0,0,0,0,23.5755,7.8585,0,15.717,0,7.8585,7.8585,0,62.8679,0,0,0,7.8585,0,0,0,0,0,7.8585,0,0,7.8585,0,23.5755,0,0,0,0,0,0,0,0,0,0,0,0,0,0,0,0,0,0,0,0,0,0,0,0,0,0,0,0,0,0,0,0,0,0,0,0,0,0,0,0,0,0,0,0,0,0,0,0
NRS,Rottnest Island,ROT,32,115.4167,ROT20190621,2019-06-21T01:15:00Z,2019-06-21T09:15:00Z,2019,6,21,9:15:00,45,21.3568,0.4339,35.4633,Neutral,3.7642,NA,0,0,3.1434,0,0,0,0,0,0,0,0,0,0,3.1434,0,0,0,0,0,0,0,0,0,0,0,0,0,0,0,0,0,0,0,0,0,0,0,0,0,0,0,0,0,0,6.2868,0,0,0,0,0,0,0,0,6.2868,0,0,0,0,0,0,0,0,0,0,0,0,0,15.717,0,0,0,0,0,0,0,0,0,0,0,0,0,0,0,0,0,0,0,0,0,0,0,0,0,0,0,0,0,3.1434,0,0,0,0,0,0,0,0,0,0,0,0,3.1434,0,0,0,15.717,12.5736,0,0,0,0,3.1434,0,0,0,0,0,0,6.2868,9.4302,0,6.2868,3.1434,6.2868,0,0,6.2868,0,0,0,0,0,0,0,0,0,0,0,0,9.4302,3.1434,12.5736,0,0,0,0,0,0,0,0,0,0,0,0,0,0,0,0,0,0,0,0,0,0,0,0,0,0,0,0,0,0,0,0,0,0,0,0,0,0,0,0,0,0,0,0,0,0,0,0
NRS,Rottnest Island,ROT,32,115.4167,ROT20190711,2019-07-11T01:26:00Z,2019-07-11T09:26:00Z,2019,7,11,9:26:00,46,20.5468,0.9542,35.4192,Neutral,13.7301,NA,0,0,7.6876,0,0,0,0,0,0,15.3753,0,0,0,0,0,7.6876,0,0,0,0,0,0,0,0,0,0,0,0,0,0,0,0,0,0,0,0,0,0,7.6876,0,0,0,0,0,15.3753,0,0,61.5012,0,0,0,0,0,0,0,0,0,0,0,0,0,0,0,0,7.6876,0,0,23.0629,0,7.6876,0,0,0,0,15.3753,0,0,0,0,0,0,0,0,0,0,0,0,0,0,0,15.3753,0,0,0,0,0,0,0,0,0,0,0,0,0,0,0,0,0,0,0,0,0,0,0,30.7506,0,0,0,0,0,0,7.6876,0,0,0,0,0,0,7.6876,0,0,0,23.0629,0,7.6876,0,0,0,0,0,0,0,0,0,0,0,0,15.3753,38.4382,38.4382,15.3753,0,0,0,7.6876,0,0,0,0,0,0,0,0,0,0,0,0,0,0,0,0,0,0,0,0,0,0,0,0,0,0,0,0,0,0,0,0,15.3752,0,0,0,0,0,0,0,0,0,0,0
NRS,Rottnest Island,ROT,32,115.4167,ROT20190819,2019-08-19T00:31:00Z,2019-08-19T08:31:00Z,2019,8,19,8:31:00,46,19.6634,0.3701,35.5105,Neutral,13.2304,NA,0,38.4382,0,0,0,0,0,0,0,0,0,0,0,0,0,0,0,23.0629,0,0,0,0,0,0,0,0,0,0,0,0,0,0,0,0,0,0,0,0,0,0,0,0,0,0,0,0,7.6876,69.1888,0,0,0,0,0,7.6876,0,0,0,0,0,0,0,0,0,0,0,0,0,7.6876,0,61.5012,0,0,0,0,46.1259,0,30.7506,0,0,0,0,0,0,0,0,0,0,0,0,0,69.1888,0,0,0,0,0,0,0,0,0,0,0,0,0,0,0,0,0,0,0,0,0,0,0,0,0,0,0,0,0,0,38.4382,0,0,0,0,0,23.0629,7.6876,0,0,15.3753,53.8135,0,15.3753,15.3753,0,0,7.6876,0,0,0,0,0,0,0,0,15.3753,7.6876,84.5641,15.3753,0,0,0,7.6876,0,0,0,0,0,0,0,0,0,0,0,0,0,0,0,0,0,0,0,0,0,0,0,0,0,0,0,0,0,0,0,0,23.0629,0,0,0,0,0,0,0,0,0,0,0
NRS,Rottnest Island,ROT,32,115.4167,ROT20191011,2019-10-11T02:07:00Z,2019-10-11T10:07:00Z,2019,10,11,10:07:00,40,19.4755,0.2036,35.6637,Neutral,53.9907,NA,0,167.9751,8.8408,0,0,0,0,0,0,0,0,0,0,0,0,0,0,8.8408,0,0,0,0,0,0,0,0,0,0,0,0,8.8408,0,0,0,0,0,0,0,8.8408,0,0,0,0,0,17.6816,0,0,61.8856,0,0,0,0,0,0,8.8408,0,0,0,0,0,0,0,0,0,0,0,0,8.8408,0,53.0448,0,0,0,0,8.8408,0,17.6816,0,0,0,0,0,0,0,0,0,0,0,0,0,8.8408,0,0,0,0,0,0,0,0,0,0,0,0,0,0,0,0,0,0,0,0,0,0,0,44.204,26.5224,0,0,0,0,0,0,0,0,17.6816,0,0,0,0,0,0,35.3632,8.8408,0,8.8408,8.8408,0,0,0,0,0,0,0,0,0,0,0,0,0,0,0,0,0,0,0,0,0,0,0,0,0,0,0,0,0,0,0,0,0,0,0,0,0,0,0,0,0,0,0,0,0,0,0,0,0,0,0,8.8408,0,0,0,0,0,0,0,0,0,0,0
NRS,Rottnest Island,ROT,32,115.4167,ROT20191126,2019-11-26T01:30:00Z,2019-11-26T09:30:00Z,2019,11,26,9:30:00,40,19.8359,0.279,35.8265,Neutral,6.6836,NA,0,67.19,3.5363,0,0,0,0,0,0,0,0,0,0,0,0,0,0,14.1453,0,0,0,0,0,0,0,0,0,0,0,0,0,0,0,0,0,0,0,0,0,0,0,0,0,0,0,0,0,21.2179,0,0,0,0,0,0,0,0,0,0,0,0,0,0,0,0,0,0,0,0,0,14.1453,0,0,0,0,3.5363,0,0,0,0,0,0,0,0,0,0,0,0,0,0,0,28.2905,0,0,0,0,0,0,0,0,0,0,0,0,0,0,0,0,0,0,0,0,0,0,0,3.5363,0,0,0,0,0,0,0,0,0,0,0,0,0,0,0,0,0,3.5363,0,0,0,0,0,3.5363,0,0,0,0,0,0,0,0,0,0,3.5363,0,0,0,0,0,0,0,0,0,0,0,0,0,0,0,0,0,0,0,0,0,0,0,0,0,0,0,0,0,0,0,0,0,0,0,0,0,0,0,0,0,0,0,0,0,0,0,0,0
NRS,Rottnest Island,ROT,32,115.4167,ROT20191218,2019-12-18T01:15:00Z,2019-12-18T09:15:00Z,2019,12,18,9:15:00,45,21.7097,0.0847,35.8459,Neutral,17.383,NA,0,471.509,31.4339,0,0,0,0,0,0,0,0,0,0,0,0,0,0,0,0,0,0,0,0,0,0,0,0,0,0,0,0,0,0,0,0,0,0,0,0,0,0,0,0,0,31.4339,0,0,330.0563,0,15.717,0,0,0,0,0,0,0,0,0,0,0,0,0,0,0,0,0,0,0,62.8679,0,0,0,0,0,0,0,0,0,0,0,0,0,0,0,0,0,0,0,0,0,0,0,0,0,0,0,0,0,0,0,0,0,0,0,0,15.717,0,0,0,15.717,15.717,0,0,125.7357,31.434,0,0,0,0,15.717,0,0,0,15.717,0,0,0,0,0,31.4339,0,0,0,0,0,0,0,0,0,0,0,0,0,0,0,0,0,31.4339,0,0,0,0,0,0,0,0,0,0,0,0,0,0,0,0,0,0,0,0,0,0,0,0,0,0,0,0,0,0,0,0,0,0,15.717,0,0,0,31.434,0,0,0,0,0,0,0,0,0,0,0
NRS,Rottnest Island,ROT,32,115.4167,ROT20200128,2020-01-28T01:39:00Z,2020-01-28T09:39:00Z,2020,1,28,9:39:00,45,21.9203,0.138,36.0324,Neutral,9.9567,NA,7.8585,39.2924,7.8585,0,0,0,0,0,0,0,0,0,0,0,0,0,0,0,0,0,0,0,0,0,0,0,0,0,0,0,0,0,0,0,0,0,0,0,7.8585,0,0,0,0,0,7.8585,0,7.8585,157.1697,0,0,0,0,0,0,0,0,0,0,0,0,0,0,0,0,0,0,0,0,0,31.434,0,0,7.8585,0,15.717,0,7.8585,0,0,0,0,0,0,0,0,0,0,0,0,0,7.8585,0,0,0,0,0,0,0,0,0,0,0,0,0,0,0,0,0,0,0,0,0,0,0,55.0094,0,0,0,0,0,0,0,0,0,0,0,0,23.5755,7.8585,0,0,0,23.5755,0,0,0,0,0,0,0,0,0,0,0,0,0,0,0,0,0,7.8585,0,0,0,0,0,0,0,0,0,0,0,0,0,0,0,0,0,0,0,0,0,0,0,0,0,0,0,0,0,0,0,0,0,0,0,0,0,0,0,0,0,0,0,0,0,0,0,0
NRS,Rottnest Island,ROT,32,115.4167,ROT20200304,2020-03-04T01:25:00Z,2020-03-04T09:25:00Z,2020,3,4,9:25:00,45,22.5197,0.5488,36.0187,Neutral,13.996,NA,0,86.4433,0,0,0,0,0,0,0,0,0,0,0,0,0,0,0,0,0,0,0,0,0,0,0,0,7.8585,0,0,0,0,0,0,0,0,0,0,0,0,0,0,0,0,0,0,0,0,55.0094,0,0,0,0,0,0,0,0,0,0,0,0,0,0,0,0,0,0,0,0,0,235.7545,0,0,0,0,15.717,0,0,0,0,0,0,0,0,0,0,0,0,0,0,0,0,0,0,0,0,0,0,0,0,0,0,0,0,0,0,0,0,0,0,0,0,0,0,0,0,0,0,0,0,0,7.8585,0,0,0,0,0,0,7.8585,0,0,0,0,0,0,0,0,0,0,0,0,0,0,0,0,0,0,0,0,0,31.4339,0,0,0,0,0,0,0,0,0,0,0,0,0,0,0,0,0,0,0,0,0,0,0,0,0,0,0,0,0,0,0,0,0,0,0,0,0,0,0,0,0,0,0,0,0,0,0,0,0
NRS,Rottnest Island,ROT,32,115.4167,ROT20200520,2020-05-20T01:22:00Z,2020-05-20T09:22:00Z,2020,5,20,9:22:00,40,21.9081,0.9495,35.7474,Neutral,18.6452,NA,0,26.5224,8.8408,0,0,0,0,0,0,0,0,0,0,0,0,0,0,0,0,0,0,0,0,0,0,0,0,0,0,0,0,8.8408,0,0,0,0,0,0,26.5224,0,0,0,0,0,0,0,0,35.3632,0,0,0,0,0,0,0,0,0,0,0,0,0,8.8408,0,0,0,0,0,26.5224,0,88.408,0,0,0,0,35.3632,0,26.5224,0,0,0,0,0,0,0,8.8408,0,0,0,0,0,106.0896,0,0,8.8408,8.8408,0,0,0,0,0,0,0,0,0,0,0,0,8.8408,0,0,0,0,0,0,70.7264,35.3632,0,0,0,0,0,35.3632,0,0,0,0,0,61.8856,44.204,0,0,0,229.8607,0,0,8.8408,0,0,0,8.8408,0,0,0,0,0,0,0,8.8408,17.6816,88.408,0,0,0,0,0,0,0,0,0,0,0,0,0,0,0,0,0,0,0,0,0,0,0,0,0,0,0,0,0,0,0,0,0,0,0,0,0,70.7264,0,0,0,0,0,0,0,0,0,0,0
NRS,Rottnest Island,ROT,32,115.4167,ROT20200605,2020-06-05T01:13:00Z,2020-06-05T09:13:00Z,2020,6,5,9:13:00,40,21.6882,1.0722,35.6547,La Nina,16.4439,NA,0,0,0,0,0,0,0,0,0,0,0,0,0,0,0,0,0,0,0,0,0,0,0,0,0,8.8408,0,0,0,0,0,0,0,0,0,0,0,0,0,0,0,0,0,0,0,0,0,0,0,0,0,0,0,0,0,0,0,0,0,0,0,0,0,0,0,0,0,0,0,44.204,0,0,0,0,8.8408,0,0,0,0,0,0,0,8.8408,0,0,0,0,0,0,0,256.383,0,0,0,0,0,0,0,0,0,0,0,0,0,0,0,0,0,0,0,0,0,0,0,53.0448,17.6816,0,0,0,0,0,17.6816,0,0,0,0,0,70.7264,8.8408,0,0,17.6816,35.3632,0,0,0,0,0,0,8.8408,0,0,0,0,0,0,0,17.6816,8.8408,17.6816,0,0,0,0,8.8408,0,0,0,0,0,0,0,0,0,0,0,0,0,0,0,0,0,0,0,0,0,0,0,0,0,0,0,0,0,0,0,0,8.8408,0,0,0,0,0,0,0,0,0,0,0
NRS,Rottnest Island,ROT,32,115.4167,ROT20200710,2020-07-10T02:25:00Z,2020-07-10T10:25:00Z,2020,7,10,10:25:00,40,21.2528,0.5783,35.4593,La Nina,25.4084,15.8869,0,0,17.6816,0,0,0,0,0,0,35.3632,0,0,0,0,0,0,0,0,0,0,0,0,0,0,0,0,0,0,0,0,0,0,0,0,0,0,0,0,88.408,0,0,0,0,0,0,0,17.6816,0,0,0,0,0,0,0,0,0,0,0,0,0,0,0,0,0,0,0,0,0,0,0,0,0,0,0,17.6816,0,17.6816,0,0,0,0,0,0,0,0,0,0,0,0,0,318.2686,0,0,0,0,0,0,0,0,0,0,0,0,0,0,0,0,0,0,17.6816,0,0,0,0,88.4079,70.7264,0,0,0,0,0,0,0,0,0,0,0,106.0895,70.7264,0,0,0,88.4079,0,17.6816,35.3632,0,0,0,0,0,0,0,0,0,0,0,0,35.3632,0,0,0,17.6816,0,106.0895,0,0,0,0,0,0,0,0,0,0,0,0,0,0,0,0,0,0,0,0,0,0,0,0,0,0,0,0,0,0,0,0,53.0448,0,0,0,0,0,0,0,0,0,0,0
NRS,Rottnest Island,ROT,32,115.4167,ROT20200730,2020-07-30T01:27:00Z,2020-07-30T09:27:00Z,2020,7,30,9:27:00,40,20.795,0.3965,35.5333,La Nina,40.4555,22.491,0,0,8.8408,0,0,0,0,0,0,0,0,0,0,0,0,0,0,0,0,0,0,0,0,0,0,0,0,8.8408,0,0,0,0,0,0,0,0,0,0,61.8856,0,0,0,0,0,0,0,0,8.8408,0,0,0,0,0,0,0,0,0,0,8.8408,0,0,0,0,0,0,0,0,26.5224,0,0,0,0,0,0,8.8408,0,17.6816,0,8.8408,0,0,0,0,0,0,0,0,8.8408,0,0,44.204,0,0,0,8.8408,0,0,0,0,0,0,0,0,0,0,0,0,8.8408,0,8.8408,0,0,0,0,61.8856,26.5224,0,0,0,0,0,8.8408,0,0,0,0,0,35.3632,0,0,0,0,53.0448,0,8.8408,0,0,0,0,0,0,0,0,0,0,0,0,26.5224,0,70.7264,17.6816,0,0,0,35.3632,0,0,0,0,0,0,0,0,0,0,0,0,0,0,0,0,0,0,0,0,0,0,0,0,0,0,0,0,0,0,0,0,0,0,0,0,0,0,0,0,0,0,0,0
NRS,Rottnest Island,ROT,32,115.4167,ROT20200814,2020-08-14T01:21:00Z,2020-08-14T09:21:00Z,2020,8,14,9:21:00,40,20.0944,0.5067,35.5632,La Nina,11.7229,7.6915,0,0,0,0,0,0,0,0,0,0,0,0,0,0,0,0,0,0,0,0,0,0,0,0,0,0,0,8.8408,0,0,0,0,0,0,0,0,0,0,17.6816,0,0,0,0,0,0,0,0,8.8408,0,0,0,0,0,0,0,0,0,0,0,0,0,0,0,0,0,0,0,0,0,0,0,0,0,0,0,8.8408,8.8408,0,0,0,0,0,0,0,0,0,0,0,0,0,185.6567,0,0,0,0,0,0,0,0,0,0,0,0,0,0,0,0,0,0,0,0,0,0,0,26.5224,0,0,0,0,0,0,0,0,0,0,0,0,88.4079,8.8408,0,0,0,8.8408,0,0,8.8408,0,0,0,0,0,0,0,8.8408,0,0,0,44.204,8.8408,70.7264,26.5224,0,0,0,8.8408,0,0,0,0,0,0,0,0,0,0,0,0,0,0,0,0,0,0,0,0,0,0,0,0,0,0,0,0,0,0,0,0,0,0,0,0,0,0,0,0,8.8408,0,0,0
NRS,Rottnest Island,ROT,32,115.4167,ROT20200825,2020-08-25T02:40:00Z,2020-08-25T10:40:00Z,2020,8,25,10:40:00,40,19.0793,0.2304,35.5855,La Nina,20.6875,13.0225,0,0,17.6816,0,0,0,0,0,0,0,0,0,0,0,0,0,0,0,0,0,0,0,0,0,0,0,0,0,0,0,0,0,0,0,0,0,0,0,0,0,0,0,0,0,0,0,0,35.3632,0,0,0,0,0,0,0,0,0,0,0,0,0,0,0,0,0,0,0,0,0,106.0896,0,0,0,0,123.7711,0,0,0,0,0,0,0,0,0,0,0,0,0,0,0,618.8556,0,0,0,0,0,0,0,0,0,0,0,0,0,17.6816,0,0,0,0,0,0,0,0,0,70.7264,70.7264,0,0,0,0,0,17.6816,0,0,0,0,0,106.0895,17.6816,0,0,0,176.8159,0,0,35.3632,0,0,0,17.6816,0,0,0,0,0,0,0,17.6816,0,70.7264,0,0,0,0,17.6816,0,0,0,0,0,0,0,0,0,0,0,0,0,0,0,0,0,0,0,0,0,0,0,0,0,0,0,0,0,0,17.6816,0,17.6816,0,0,0,0,0,0,0,0,0,0,0
NRS,Rottnest Island,ROT,32,115.4167,ROT20201013,2020-10-13T01:18:00Z,2020-10-13T09:18:00Z,2020,10,13,9:18:00,40,19.1638,0.2527,35.716,La Nina,17.9291,13.5087,0,35.3632,0,0,0,0,0,0,0,0,0,0,0,0,0,0,0,17.6816,0,0,0,0,0,0,0,0,8.8408,0,0,0,0,0,0,0,0,0,0,0,0,0,0,0,0,0,0,0,8.8408,70.7264,0,0,0,0,0,8.8408,0,0,0,0,0,0,0,0,0,0,0,0,0,26.5224,0,0,0,0,0,0,17.6816,0,8.8408,0,0,0,0,0,0,0,0,0,0,0,0,0,247.5423,0,0,0,0,0,0,0,0,0,0,0,0,0,0,0,0,0,0,0,17.6816,0,0,0,123.7711,0,0,0,0,0,8.8408,0,0,0,0,0,0,61.8856,53.0448,0,0,0,0,0,0,26.5224,0,0,0,0,0,0,0,0,0,0,0,0,8.8408,79.5672,8.8408,0,0,0,0,0,0,0,0,0,0,0,0,0,0,0,0,0,0,0,0,0,0,0,0,0,0,0,0,0,0,0,0,0,0,0,0,8.8408,0,0,0,0,0,0,0,0,0,0,0
NRS,Rottnest Island,ROT,32,115.4167,ROT20201106,2020-11-06T02:06:00Z,2020-11-06T10:06:00Z,2020,11,6,10:06:00,40,19.9724,0.252,35.7696,La Nina,26.8848,19.9095,0,17.6816,17.6816,0,0,0,0,0,0,0,0,0,0,0,0,0,0,229.8607,0,0,0,0,0,0,0,0,0,0,0,0,0,0,0,0,0,0,0,0,0,0,0,0,0,0,0,0,0,17.6816,0,0,0,0,0,0,0,0,0,0,0,0,0,0,0,0,0,0,0,0,0,530.4477,0,0,0,0,0,0,0,0,0,0,0,0,0,0,0,0,0,0,0,0,88.408,0,0,0,0,0,0,0,0,0,0,0,0,0,0,0,0,0,0,0,0,0,0,0,53.0448,0,0,0,0,0,0,0,0,0,0,0,0,141.4527,0,0,0,0,17.6816,0,0,17.6816,0,0,0,0,0,0,0,0,0,0,0,0,17.6816,106.0895,0,0,0,0,0,0,0,0,0,0,0,0,0,0,0,0,0,0,0,0,0,0,0,0,0,0,0,0,0,0,0,0,0,0,0,0,0,0,0,0,0,0,0,0,0,0,0,0,0
NRS,Rottnest Island,ROT,32,115.4167,ROT20201127,2020-11-27T01:05:00Z,2020-11-27T09:05:00Z,2020,11,27,9:05:00,40,20.7494,0.1283,35.7117,La Nina,6.666,5.4017,0,0,0,0,0,0,8.8408,0,0,0,0,0,0,0,0,0,0,0,0,0,0,0,0,0,0,0,0,0,0,0,0,0,0,0,0,0,0,0,0,0,0,0,0,0,8.8408,0,0,26.5224,0,8.8408,0,0,0,8.8408,0,0,0,0,0,0,0,0,0,0,0,0,8.8408,0,0,8.8408,0,0,0,0,0,0,0,0,0,0,0,0,0,0,0,0,0,0,0,0,0,0,0,0,0,0,0,0,0,0,0,0,0,0,0,0,0,0,0,0,17.6816,0,0,0,8.8408,0,0,0,0,0,0,0,0,0,0,0,0,79.5672,17.6816,0,8.8408,17.6816,0,8.8408,0,0,0,0,0,8.8408,0,0,0,0,0,0,0,8.8408,17.6816,17.6816,0,0,0,0,0,0,0,0,0,0,0,0,0,0,0,0,0,0,0,0,0,0,0,0,0,0,0,0,0,0,0,0,0,0,0,0,0,0,0,0,0,0,0,0,0,0,0,0,0
NRS,Rottnest Island,ROT,32,115.4167,ROT20210121,2021-01-21T02:04:00Z,2021-01-21T10:04:00Z,2021,1,21,10:04:00,45,22.5563,0.1815,35.9222,La Nina,27.2611,17.603,0,235.7546,0,0,0,0,0,0,0,0,0,0,0,0,0,0,0,0,0,0,0,0,0,0,0,0,0,0,0,0,0,0,0,0,0,0,0,0,15.717,0,0,0,0,0,0,0,0,94.3018,0,0,0,0,0,0,0,0,0,0,0,0,0,0,0,0,0,0,0,0,0,157.1697,0,0,0,0,15.717,0,15.717,0,0,0,0,0,0,0,0,0,0,0,0,0,0,0,0,0,0,0,0,0,0,0,0,0,0,0,0,0,0,0,0,0,15.717,0,0,0,0,15.717,0,0,0,0,0,62.8679,0,0,0,0,0,31.4339,0,0,0,0,172.8867,0,0,15.717,0,0,0,15.717,0,0,0,0,0,0,0,15.717,0,15.717,0,0,0,0,0,0,0,0,0,0,0,0,0,0,0,0,0,0,0,0,0,0,0,0,0,0,0,0,0,0,0,0,0,0,0,0,0,0,0,0,0,0,0,0,0,0,0,0,0
NRS,Rottnest Island,ROT,32,115.4167,ROT20210224,2021-02-24T00:33:00Z,2021-02-24T08:33:00Z,2021,2,24,8:33:00,45,22.0289,0.239,35.8485,La Nina,17.0529,12.7858,0,39.2924,7.8585,0,0,0,0,0,0,0,0,0,0,0,0,0,0,0,0,0,0,0,0,0,0,0,0,0,0,0,0,0,0,0,0,0,0,0,23.5755,0,0,0,0,0,0,0,0,133.5942,0,0,0,0,0,23.5755,7.8585,0,0,0,0,0,0,0,0,0,0,0,0,7.8585,0,78.5849,0,0,0,0,7.8585,0,7.8585,7.8585,0,0,0,0,0,0,0,0,0,0,0,0,0,0,0,0,0,0,0,0,0,0,0,0,0,0,0,0,0,0,0,0,0,0,0,0,47.1509,0,0,0,0,7.8585,7.8585,15.717,0,0,0,0,0,31.4339,0,0,0,0,7.8585,0,0,15.717,0,0,0,0,0,0,0,0,0,7.8585,0,0,0,15.717,0,0,0,0,0,0,0,0,0,0,0,0,0,0,0,0,0,0,0,0,0,0,0,0,0,0,0,0,0,0,0,0,0,0,0,0,0,23.5755,0,0,0,0,0,0,0,0,0,0,0
NRS,Rottnest Island,ROT,32,115.4167,ROT20210407,2021-04-07T01:24:00Z,2021-04-07T09:24:00Z,2021,4,7,9:24:00,45,23.4663,0.7336,35.5229,La Nina,16.4006,9.6581,7.8585,15.717,15.717,0,0,0,0,0,0,0,0,0,0,0,0,0,0,0,0,0,0,0,0,0,0,0,7.8585,7.8585,0,0,0,0,0,0,0,0,0,0,0,0,0,0,0,0,0,0,0,23.5755,0,7.8585,0,0,0,0,0,0,0,0,0,0,0,0,0,0,0,0,0,0,0,0,0,0,0,0,0,0,0,0,0,0,0,0,0,0,0,0,0,0,0,0,0,0,0,0,0,0,0,0,0,0,0,0,0,0,0,0,0,0,0,0,0,0,0,0,47.151,15.717,7.8585,0,0,0,0,7.8585,0,0,0,0,0,15.717,0,0,0,0,15.717,0,0,7.8585,0,0,0,0,0,0,0,0,0,0,0,31.4339,23.5755,23.5755,0,0,0,0,23.5755,0,0,0,0,0,0,0,0,0,0,0,0,0,0,0,0,0,0,0,0,0,0,0,0,0,0,0,0,0,0,0,0,0,0,0,0,0,0,0,0,0,0,0,0
NRS,Rottnest Island,ROT,32,115.4167,ROT20210428,2021-04-28T23:55:00Z,2021-04-29T07:55:00Z,2021,4,29,7:55:00,45,22.8198,0.4563,35.6281,La Nina,21.7916,17.4065,0,0,0,0,0,0,0,0,0,0,0,0,0,0,0,0,0,0,0,0,0,0,0,0,0,0,0,0,0,0,0,0,0,0,0,0,0,0,15.717,0,0,0,0,0,0,0,0,15.717,0,0,0,0,0,0,0,0,0,0,0,0,0,0,0,0,0,0,0,0,0,0,0,0,0,0,0,0,0,0,0,0,0,0,0,0,0,0,0,0,0,0,31.4339,0,0,0,0,0,0,0,0,0,0,0,0,0,0,0,0,0,0,15.717,0,0,0,0,62.8679,15.717,0,0,0,0,15.717,31.4339,0,0,0,0,0,110.0188,15.717,0,15.717,15.717,0,0,0,15.717,0,0,0,0,31.4339,15.717,0,0,0,0,0,15.717,15.717,0,0,0,0,0,31.4339,0,0,0,0,0,0,0,0,0,0,0,0,0,0,0,0,0,0,0,0,15.717,0,0,0,0,0,0,0,0,0,0,0,157.1697,0,0,0,0,0,0,0,0,0,0,0
NRS,Rottnest Island,ROT,32,115.4167,ROT20210803,2021-08-03T01:40:00Z,2021-08-03T09:40:00Z,2021,8,3,9:40:00,45,19.7383,0.6622,35.4183,La Nina,9.0765,6.829,0,15.717,7.8585,0,0,0,0,7.8585,0,0,0,0,0,0,0,0,0,0,0,0,0,0,0,0,0,0,0,0,0,0,0,0,0,0,0,0,0,0,39.2925,0,0,0,0,0,0,0,0,7.8585,0,7.8585,0,0,0,0,0,0,0,0,0,0,0,0,0,0,0,0,0,7.8585,0,7.8585,0,0,0,0,0,0,7.8585,0,0,0,0,0,7.8585,0,0,0,0,0,0,0,0,0,0,0,0,0,0,0,0,0,0,0,0,0,0,0,0,0,0,0,0,0,0,0,15.717,0,15.717,0,0,0,0,15.717,0,0,0,0,0,31.4339,0,0,0,0,188.6036,0,0,7.8585,0,0,0,0,7.8585,0,0,0,0,0,0,47.1509,7.8585,62.8679,0,0,0,0,31.4339,0,0,0,0,0,0,0,0,0,0,0,0,0,0,0,0,0,0,0,0,0,0,0,0,0,0,0,0,0,0,0,0,15.717,0,0,0,0,0,0,0,0,0,0,0
NRS,Rottnest Island,ROT,32,115.4167,ROT20210818,2021-08-18T01:04:00Z,2021-08-18T09:04:00Z,2021,8,18,9:04:00,44,19.7438,0.5395,35.4841,La Nina,13.6068,11.6538,0,16.0742,8.0371,0,0,0,0,0,0,0,0,0,0,0,0,0,0,0,0,0,0,0,0,0,0,0,8.0371,0,0,0,0,0,0,0,0,0,0,0,72.3338,0,0,0,0,0,0,0,0,0,0,16.0742,0,0,0,0,0,0,0,0,0,0,0,0,0,0,0,0,0,8.0371,0,0,0,0,0,0,64.2967,0,8.0371,0,0,0,0,0,0,0,0,0,0,0,0,0,88.4079,0,0,0,0,0,0,0,0,0,0,0,0,0,0,0,0,8.0371,0,0,0,0,0,0,56.2596,8.0371,0,0,0,0,0,32.1483,0,0,0,0,0,16.0742,32.1483,0,0,0,0,0,16.0742,8.0371,0,0,0,0,0,0,0,0,0,0,0,16.0742,0,48.2225,0,0,0,0,40.1855,0,0,0,0,0,0,0,0,0,0,0,0,0,0,0,0,0,0,0,0,0,0,0,0,0,0,0,0,0,0,0,0,24.1113,0,0,0,0,0,0,0,0,0,0,0
NRS,Rottnest Island,ROT,32,115.4167,ROT20210928,2021-09-28T00:50:00Z,2021-09-28T08:50:00Z,2021,9,28,8:50:00,40,19.6239,0.2595,35.5397,La Nina,14.4016,11.272,8.8408,26.5224,8.8408,0,0,0,0,0,0,0,0,0,0,0,0,0,0,0,0,0,0,0,0,0,0,0,0,0,0,0,0,0,0,0,0,0,0,0,8.8408,0,0,0,0,0,0,0,0,8.8408,0,0,0,0,0,0,0,0,0,0,0,0,0,8.8408,0,0,0,0,0,0,0,8.8408,0,0,0,0,8.8408,0,0,0,0,0,0,0,0,0,0,0,0,0,0,0,26.5224,0,0,0,0,0,0,0,0,0,0,0,0,0,0,0,0,0,0,0,0,0,0,0,44.204,0,0,0,0,0,8.8408,0,0,0,0,0,0,61.8856,8.8408,0,0,0,8.8408,0,8.8408,8.8408,0,0,0,8.8408,0,0,0,0,0,0,0,8.8408,0,17.6816,0,0,0,0,8.8408,0,0,0,0,0,0,0,0,0,0,0,0,0,0,0,0,0,0,0,0,0,0,0,0,0,0,0,0,0,0,0,0,17.6816,0,0,0,0,0,0,0,8.8408,0,0,0
NRS,Rottnest Island,ROT,32,115.4167,ROT20211105,2021-11-05T00:35:00Z,2021-11-05T08:35:00Z,2021,11,5,8:35:00,45,18.9563,0.3267,35.6307,La Nina,10.4046,8.6993,0,39.2924,19.6462,0,0,0,0,0,19.6462,19.6462,0,0,0,0,0,0,0,0,0,0,0,0,0,0,0,0,0,0,0,0,0,0,0,0,0,0,0,0,0,0,0,0,0,0,39.2924,0,0,58.9386,0,0,0,0,0,0,0,0,0,0,0,0,0,0,0,0,0,0,0,0,0,314.3394,0,0,0,19.6462,0,0,0,0,0,0,0,0,0,0,0,0,0,0,0,0,58.9386,0,0,0,0,0,0,0,0,0,0,0,0,0,0,0,0,0,0,19.6462,0,0,0,0,117.8772,19.6462,0,0,0,0,0,58.9386,0,0,0,0,0,58.9386,0,0,0,0,78.5848,0,0,19.6462,0,0,39.2924,0,0,0,0,0,0,0,0,19.6462,0,39.2924,0,0,0,0,0,0,0,0,0,0,0,0,0,0,0,0,0,0,0,0,0,0,0,0,0,0,0,0,0,0,0,0,0,0,0,0,0,58.9386,0,0,0,0,0,0,0,0,0,0,0
NRS,Rottnest Island,ROT,32,115.4167,ROT20211125,2021-11-25T00:24:00Z,2021-11-25T08:24:00Z,2021,11,25,8:24:00,45,19.8615,0.6827,35.6931,La Nina,13.7602,11.5048,0,15.717,0,0,0,0,7.8585,0,0,0,0,0,0,0,0,0,0,0,0,0,0,0,0,0,0,0,0,0,0,0,0,0,0,0,0,0,0,0,7.8585,0,0,0,0,0,0,0,0,47.1509,7.8585,0,0,0,0,0,0,0,0,0,0,0,0,0,0,0,0,0,0,0,0,23.5755,0,0,0,0,7.8585,0,0,0,0,0,0,0,0,0,0,0,0,0,0,0,0,0,0,0,0,0,0,0,0,0,0,0,0,0,0,0,0,0,0,0,0,0,0,0,39.2924,0,0,0,0,0,0,0,0,0,0,0,0,15.717,15.717,0,0,0,7.8585,0,0,15.717,0,0,0,0,0,0,0,0,0,0,0,0,0,0,0,0,0,0,0,0,0,0,0,0,0,0,0,0,0,0,0,0,0,0,0,0,0,0,0,0,0,0,0,0,0,0,0,0,0,0,0,23.5755,0,0,0,0,0,0,0,0,0,0,0
NRS,Rottnest Island,ROT,32,115.4167,ROT20211207,2021-12-07T01:28:00Z,2021-12-07T09:28:00Z,2021,12,7,9:28:00,40,20.0701,0.2765,35.6897,La Nina,20.0244,17.0716,17.6816,26.5224,0,0,0,0,0,0,0,0,0,0,0,8.8408,0,0,0,0,0,0,0,0,0,0,0,0,0,0,0,0,0,0,0,0,0,0,0,0,0,0,0,0,0,0,0,0,0,61.8856,0,8.8408,0,0,0,0,0,0,0,0,0,0,0,0,0,0,0,0,17.6816,0,0,141.4527,0,0,0,0,0,17.6816,0,0,0,0,0,0,0,0,0,0,0,0,0,0,167.9752,0,0,0,0,0,17.6816,0,0,0,0,0,0,0,0,0,0,0,0,0,0,0,0,0,61.8856,8.8408,0,0,0,0,0,0,0,0,0,0,0,26.5224,0,0,17.6816,0,53.0448,0,0,8.8408,0,0,0,17.6816,26.5224,0,0,0,0,0,0,0,0,8.8408,0,0,0,0,0,0,0,0,0,0,0,0,0,0,0,0,0,0,0,0,0,0,0,0,0,0,0,0,0,0,0,0,0,0,0,0,0,8.8408,0,0,0,0,0,0,0,0,0,0,0
NRS,Rottnest Island,ROT,32,115.4167,ROT20211220,2021-12-20T01:00:00Z,2021-12-20T09:00:00Z,2021,12,20,9:00:00,45,20.647,0.1392,35.7229,La Nina,17.9173,14.0745,0,39.2924,9.8231,0,0,0,0,0,9.8231,9.8231,0,0,0,0,0,0,0,0,0,0,0,0,0,0,0,0,0,0,0,0,0,0,0,0,0,0,0,0,0,0,0,0,0,0,0,0,0,78.5848,0,0,0,0,0,0,0,0,0,0,0,0,0,0,0,0,0,0,0,0,0,19.6462,0,0,0,0,0,0,0,0,0,0,0,0,0,0,0,0,0,0,0,0,147.3465,0,0,0,0,0,0,0,0,0,0,0,0,0,0,0,0,0,0,0,0,0,0,0,29.4693,0,0,0,0,0,0,0,0,0,0,0,9.8231,29.4693,9.8231,0,0,0,0,0,0,19.6462,0,0,29.4693,0,0,0,0,0,0,0,0,0,0,9.8231,0,0,0,0,0,0,0,0,0,0,0,0,0,0,0,0,0,0,0,0,0,0,0,0,0,0,0,0,0,0,0,0,0,0,0,0,0,9.8231,0,0,0,0,0,0,0,0,0,0,0
NRS,Rottnest Island,ROT,32,115.4167,ROT20220125,2022-01-25T00:56:00Z,2022-01-25T08:56:00Z,2022,1,25,8:56:00,45,22.6458,0.1617,35.7963,La Nina,10.4046,8.9665,0,39.2924,0,0,0,0,0,0,0,0,0,0,0,0,0,0,0,0,0,0,0,0,0,0,0,0,0,0,0,0,0,0,0,0,0,0,0,0,0,0,0,0,0,0,0,0,0,127.7004,0,0,0,0,0,0,0,0,0,0,0,0,0,0,0,0,0,0,0,0,0,147.3466,0,0,0,0,0,0,0,0,0,0,0,0,0,0,0,0,0,0,0,0,0,0,0,0,0,0,0,0,0,0,0,0,0,0,0,0,0,0,0,0,0,0,0,0,39.2924,0,0,0,0,0,0,0,0,0,0,0,19.6462,39.2924,0,0,9.8231,0,9.8231,0,0,39.2924,0,0,0,0,9.8231,0,0,0,0,0,0,0,0,9.8231,0,0,0,0,19.6462,0,0,0,0,0,0,0,0,0,0,0,0,0,0,0,0,0,0,0,0,0,0,0,0,0,0,0,0,0,0,0,0,9.8231,0,0,0,0,0,0,0,0,0,0,0
NRS,Rottnest Island,ROT,32,115.4167,ROT20220329,2022-03-29T01:50:00Z,2022-03-29T09:50:00Z,2022,3,29,9:50:00,45,22.8599,0.5847,35.6567,La Nina,13.493,11.1355,0,235.7546,19.6462,0,0,0,0,0,0,0,0,0,0,0,0,0,0,0,0,0,0,0,0,0,0,0,19.6462,0,0,0,0,0,0,0,0,0,0,0,0,0,0,0,0,0,0,0,0,39.2924,0,0,0,0,0,0,0,0,0,0,0,0,0,0,0,0,0,0,0,19.6462,0,78.5848,0,0,0,0,0,0,0,0,0,0,0,0,0,0,0,0,0,0,0,0,0,0,0,0,0,0,0,0,0,0,0,0,0,0,0,0,0,0,0,0,0,0,0,0,0,0,0,0,0,0,0,39.2924,0,0,0,0,0,117.8773,0,0,0,0,137.5235,0,0,0,0,0,0,0,0,0,0,0,0,0,0,19.6462,58.9386,39.2924,0,0,0,0,0,0,0,0,0,0,0,0,0,0,0,0,0,0,0,0,0,0,0,0,0,0,0,0,0,0,0,0,0,0,0,0,0,0,0,0,0,0,0,0,0,0,0,0,0
NRS,Rottnest Island,ROT,32,115.4167,ROT20220413,2022-04-13T00:48:00Z,2022-04-13T08:48:00Z,2022,4,13,8:48:00,46,23.1639,0.6126,35.5854,La Nina,36.2626,27.1528,0,211.4103,0,0,0,0,0,0,0,0,0,0,0,0,0,0,0,0,0,0,0,0,0,0,0,0,0,0,0,0,0,0,0,0,0,0,0,0,0,0,0,0,0,0,0,0,0,57.6574,0,0,0,0,0,0,0,0,0,0,0,0,19.2191,0,0,0,0,0,0,0,0,19.2191,0,0,0,0,19.2191,0,0,0,0,0,0,0,0,0,19.2191,0,0,0,0,0,19.2191,0,19.2191,0,0,0,0,0,0,0,0,0,19.2191,0,0,0,19.2191,0,0,19.2191,0,0,0,0,153.753,57.6573,0,0,0,0,0,38.4382,0,0,0,0,0,38.4382,0,0,0,0,38.4382,0,0,38.4382,19.2191,0,0,0,0,0,0,0,0,0,0,38.4382,38.4382,0,0,0,0,0,19.2191,0,0,0,0,0,0,0,0,0,0,0,0,0,0,0,0,0,0,0,0,0,0,0,0,0,0,0,0,0,0,0,0,57.6574,0,0,0,0,0,0,0,0,0,0,0
NRS,Rottnest Island,ROT,32,115.4167,ROT20220811,2022-08-11T00:43:00Z,2022-08-11T08:43:00Z,2022,8,11,8:43:00,45,19.4297,2.9125,35.2495,La Nina,10.1453,7.8035,0,0,0,0,0,0,0,0,0,0,0,0,0,0,0,0,0,0,0,0,0,0,0,0,0,0,0,0,0,0,0,0,0,0,0,0,0,0,0,0,0,0,0,0,0,0,0,15.717,0,0,0,0,0,0,0,0,0,0,0,0,0,0,0,0,0,0,0,0,0,31.4339,0,0,0,0,0,0,0,0,0,0,0,0,0,0,0,0,0,0,0,0,880.1503,0,0,0,0,0,0,0,0,0,0,0,0,0,0,0,0,0,0,0,0,0,0,0,31.434,0,0,0,0,0,0,0,0,0,0,0,0,62.8679,0,0,0,0,47.1509,0,0,0,0,0,15.717,0,0,0,15.717,0,0,0,0,31.4339,0,0,0,0,0,0,0,0,0,0,0,0,0,0,0,0,0,0,0,0,0,0,0,0,0,0,0,0,0,0,0,0,15.717,0,0,0,0,0,0,47.1509,0,0,0,0,0,0,0,0,0,0,0
NRS,Rottnest Island,ROT,32,115.4167,ROT20220825,2022-08-25T00:36:00Z,2022-08-25T08:36:00Z,2022,8,25,8:36:00,45,19.6275,4.9985,35.3288,La Nina,15.1433,10.6168,0,0,0,0,0,0,0,0,0,0,0,0,0,0,0,0,0,0,0,0,0,0,0,0,0,0,0,0,0,0,0,0,0,0,0,0,0,0,0,0,0,0,0,0,7.8585,0,0,0,0,7.8585,0,0,0,7.8585,0,0,0,0,0,0,0,0,0,0,7.8585,0,0,7.8585,0,15.717,0,0,7.8585,0,0,0,0,0,0,0,0,0,0,7.8585,0,0,0,0,0,0,23.5755,0,0,0,0,0,0,0,0,0,0,0,0,0,0,0,7.8585,0,0,0,0,7.8585,0,0,23.5755,0,7.8585,0,0,0,0,0,0,0,0,0,0,31.4339,31.4339,0,0,0,15.717,0,0,7.8585,0,0,23.5755,0,0,0,0,0,0,0,0,0,0,7.8585,0,0,0,0,15.717,0,0,0,0,0,0,0,0,0,0,0,0,0,0,0,0,0,0,0,0,0,0,0,0,0,0,0,0,0,0,0,0,7.8585,0,0,0,0,0,0,0,0,0,0,0
NRS,Rottnest Island,ROT,32,115.4167,ROT20220912,2022-09-12T00:25:00Z,2022-09-12T08:25:00Z,2022,9,12,8:25:00,45,18.3306,0.8041,35.3291,La Nina,12.0235,8.7858,0,0,0,0,0,0,0,0,3.1434,0,0,0,0,0,0,0,0,0,0,0,0,0,0,0,0,0,0,0,0,0,0,0,0,0,0,0,0,0,3.1434,0,0,3.1434,0,0,0,0,0,0,0,0,0,0,0,0,0,0,0,0,0,0,0,0,0,0,0,0,0,3.1434,0,50.2943,0,0,0,0,0,6.2868,0,0,3.1434,0,0,0,0,0,0,0,0,0,0,0,18.8604,0,0,0,0,0,0,0,0,0,0,0,0,0,0,0,0,0,0,0,0,0,0,0,6.2868,0,0,0,0,0,0,6.2868,0,0,0,0,0,6.2868,0,0,0,0,6.2868,0,0,0,0,0,0,0,0,0,0,0,0,0,0,0,0,18.8604,0,0,0,0,0,0,0,0,0,0,0,0,0,0,0,0,0,0,0,0,0,0,0,0,0,0,0,0,0,0,0,0,0,0,0,0,0,3.1434,0,0,0,0,0,0,0,3.1434,0,0,0
NRS,Rottnest Island,ROT,32,115.4167,ROT20220929,2022-09-29T00:51:00Z,2022-09-29T08:51:00Z,2022,9,29,8:51:00,45,18.9704,0.0093,35.4669,La Nina,13.2494,9.1551,0,0,0,0,0,0,0,86.4434,0,7.8585,0,0,0,0,0,0,0,0,0,0,0,0,0,0,0,0,0,0,0,0,0,0,0,0,0,0,0,0,7.8585,0,0,0,0,0,0,0,0,7.8585,0,0,0,0,0,0,0,0,0,0,0,0,0,0,0,0,0,0,0,0,0,94.3018,0,0,7.8585,0,0,0,7.8585,0,0,0,0,0,0,0,0,0,0,0,0,0,47.151,0,0,0,0,0,0,0,0,0,0,0,0,0,0,0,0,0,0,0,0,0,0,0,7.8585,0,0,0,0,0,0,0,0,0,0,0,0,39.2924,0,0,0,0,15.717,0,0,0,0,0,0,0,0,0,0,0,0,0,0,7.8585,0,15.717,0,0,0,0,0,0,0,0,0,0,0,0,0,0,0,0,0,0,0,0,0,0,0,0,0,0,0,0,0,0,0,0,0,0,0,0,0,23.5755,0,0,0,0,0,0,0,0,0,0,0
NRS,Rottnest Island,ROT,32,115.4167,ROT20221026,2022-10-26T00:36:00Z,2022-10-26T08:36:00Z,2022,10,26,8:36:00,45,19.2058,0.0199,35.4912,La Nina,18.3338,11.9135,0,127.7004,0,0,0,0,0,0,0,0,0,0,0,0,0,0,0,0,0,0,0,0,0,0,0,0,0,0,0,0,0,0,0,0,0,0,0,0,9.8231,0,0,0,0,0,0,0,0,117.8773,0,0,0,0,0,0,9.8231,0,0,0,0,0,0,9.8231,0,0,0,0,0,0,0,137.5235,0,0,0,0,9.8231,0,0,0,0,0,0,0,0,0,0,0,0,0,0,0,29.4693,0,0,0,0,0,0,0,0,0,0,0,0,0,0,0,0,0,0,0,0,0,0,0,0,0,0,0,0,0,0,19.6462,0,0,0,0,0,9.8231,39.2924,0,0,0,19.6462,0,0,29.4693,0,0,0,0,0,0,0,0,0,0,0,0,0,29.4693,0,0,0,0,0,0,0,0,0,0,0,0,0,0,0,0,0,0,0,0,0,0,0,0,0,0,0,0,0,0,0,0,0,0,0,0,0,19.6462,0,0,0,0,0,0,0,0,0,0,0
NRS,Rottnest Island,ROT,32,115.4167,ROT20221201,2022-12-01T00:25:00Z,2022-12-01T08:25:00Z,2022,12,1,8:25:00,45,20.3311,0.0087,35.5458,La Nina,9.5795,8.1571,0,31.4339,47.1509,0,0,0,0,15.717,0,0,0,0,0,0,15.717,0,0,0,0,0,0,0,0,0,0,0,0,0,0,0,0,0,0,0,0,0,0,0,0,0,0,0,0,0,15.717,0,47.1509,157.1697,0,0,0,0,0,0,0,0,0,0,0,0,0,0,0,0,0,0,0,0,0,62.8679,0,0,0,0,0,0,0,0,0,0,0,0,0,0,0,0,0,0,0,0,62.8678,0,0,0,0,0,0,0,0,0,0,0,0,0,0,0,0,0,0,0,0,0,0,0,94.3018,0,0,0,0,0,0,0,0,0,0,0,0,0,0,0,0,0,0,0,0,31.4339,0,0,0,0,15.717,0,0,0,0,0,0,15.717,0,15.717,0,0,0,0,0,0,0,0,0,0,0,0,0,0,0,0,0,0,0,0,0,0,0,0,0,0,0,0,0,0,0,0,0,0,0,0,0,0,0,0,0,0,0,0,0,0,0,0,0
NRS,Rottnest Island,ROT,32,115.4167,ROT20221221,2022-12-21T00:39:00Z,2022-12-21T08:39:00Z,2022,12,21,8:39:00,45,20.4344,0.0081,35.5985,La Nina,11.2769,7.5127,0,47.1509,0,0,0,0,0,0,0,0,0,0,0,0,0,0,0,0,0,0,0,0,0,0,0,0,0,0,0,0,0,0,0,0,0,0,0,0,0,0,0,0,0,0,0,0,0,31.4339,0,0,0,0,0,0,0,0,0,0,0,0,0,0,0,0,0,0,0,0,0,86.4433,0,0,0,0,0,0,7.8585,0,0,0,0,0,0,0,0,0,0,0,0,0,89.0628,0,0,0,0,0,0,0,0,0,0,0,0,0,0,0,0,0,0,0,7.8585,0,0,0,55.0094,0,0,0,0,0,0,7.8585,0,0,0,0,0,15.717,15.717,0,0,0,15.717,0,0,0,0,0,0,0,0,0,0,0,0,0,0,0,0,7.8585,0,0,0,0,0,0,0,0,0,0,0,0,0,0,0,0,0,0,0,0,0,0,0,0,0,0,0,0,0,0,0,0,0,0,0,0,0,7.8585,0,0,0,0,0,0,0,0,0,0,0
NRS,Esperance,ESP,33.9333,121.85,ESP20120309,2012-03-09T01:34:00Z,2012-03-09T09:34:00Z,2012,3,9,9:34:00,45,20.8359,NA,35.6505,La Nina,23.7876,NA,0,0,0,0,0,7.8585,212.1791,0,0,39.2924,0,0,0,0,0,0,0,15.717,0,0,0,0,0,0,0,0,0,0,0,0,0,7.8585,31.4339,0,0,0,0,0,7.8585,0,0,0,0,0,15.717,0,0,337.9148,0,0,0,0,0,15.717,0,0,0,0,0,0,0,0,7.8585,0,0,0,0,0,15.717,377.2073,0,0,0,23.5755,0,0,0,0,0,0,0,0,0,0,0,0,0,0,0,0,78.5848,0,0,7.8585,0,0,0,0,0,0,0,0,0,0,0,0,0,0,0,0,0,0,0,0,180.7452,70.7264,0,0,0,0,0,259.33,0,62.8679,0,0,0,7.8585,55.0094,0,0,0,31.4339,0,0,0,0,0,7.8585,86.4434,7.8585,0,0,0,0,0,0,0,0,31.4339,0,0,0,0,0,0,0,0,0,0,0,0,0,0,0,0,0,0,0,0,0,0,0,0,0,0,0,0,0,0,0,0,0,0,0,0,0,0,0,0,0,0,0,0,0,0,0,0,0
NRS,Esperance,ESP,33.9333,121.85,ESP20120612,2012-06-12T01:24:00Z,2012-06-12T09:24:00Z,2012,6,12,9:24:00,45,NA,NA,NA,Neutral,9.7052,NA,0,0,0,0,0,0,19.6462,0,0,3.9292,0,0,0,0,0,0,0,0,0,0,0,0,0,0,0,0,7.8585,0,0,3.9292,0,0,0,0,0,0,0,0,0,0,0,0,0,0,7.8585,0,0,74.6556,0,0,0,0,0,0,0,0,0,0,0,0,0,0,0,0,0,0,0,0,0,7.8585,0,0,0,0,3.9292,0,0,7.8585,0,0,0,0,0,0,0,0,0,0,0,0,35.3631,0,0,15.717,0,0,0,0,0,0,0,0,0,0,0,0,0,0,0,0,3.9292,0,0,0,23.5755,23.5755,3.9292,0,0,0,0,7.8585,0,0,0,0,0,39.2924,47.1509,0,3.9292,0,0,0,0,0,0,0,3.9292,23.5755,11.7877,0,0,0,0,0,0,35.3632,0,15.717,0,0,0,0,0,0,0,0,0,0,0,0,0,0,0,0,0,0,0,0,0,0,0,0,0,0,0,0,0,0,0,0,0,0,0,0,0,23.5754,0,0,0,0,0,0,0,7.8585,0,0,0
NRS,Esperance,ESP,33.9333,121.85,ESP20120910,2012-09-10T04:51:00Z,2012-09-10T12:51:00Z,2012,9,10,12:51:00,45,16.5525,NA,35.4455,Neutral,6.5618,NA,0,0,0,0,0,0,31.4339,0,0,0,0,0,0,0,0,0,0,0,0,0,0,0,0,0,0,0,3.9292,0,0,0,0,0,0,0,0,0,0,0,3.9292,0,0,0,0,0,7.8585,0,0,23.5755,0,0,0,0,0,0,0,0,0,0,0,0,0,0,0,0,0,0,0,0,0,11.7877,0,15.7169,0,0,3.9292,0,0,0,0,0,0,0,0,0,0,0,0,0,0,0,7.8585,0,0,15.717,0,0,0,3.9292,0,0,0,0,0,0,0,0,0,0,0,0,7.8585,0,0,0,7.8585,3.9292,0,0,0,0,0,0,0,3.9292,0,0,0,0,19.6462,0,0,0,0,0,0,0,0,0,15.717,11.7877,0,0,0,0,0,0,0,58.9386,0,27.5047,0,0,0,0,0,0,0,0,0,0,0,0,0,0,0,0,0,0,0,0,0,0,0,0,0,0,0,0,0,0,0,0,0,0,0,0,0,23.5755,0,0,0,0,0,0,0,3.9292,0,0,0
NRS,Esperance,ESP,33.9333,121.85,ESP20121212,2012-12-12T01:10:00Z,2012-12-12T09:10:00Z,2012,12,12,9:10:00,45,NA,NA,NA,Neutral,5.8074,NA,0,0,0,0,0,0,39.2925,0,0,0,0,0,0,0,0,0,0,0,0,0,0,0,0,0,0,0,7.8585,0,0,0,0,0,0,0,0,0,0,0,0,0,0,0,0,0,0,0,0,165.0282,0,0,0,0,0,0,0,0,0,0,0,0,0,0,0,0,0,0,0,0,0,212.1791,0,0,0,0,0,0,0,0,0,0,0,0,0,0,0,0,0,0,0,0,31.4339,0,0,0,0,0,0,0,0,0,0,0,0,0,0,0,0,0,0,0,0,0,0,0,15.717,0,0,0,0,0,0,0,0,0,0,0,0,0,78.5848,0,0,0,0,0,0,0,0,0,0,15.717,0,0,0,0,0,0,0,0,0,15.717,0,0,0,0,0,0,0,0,0,0,0,0,0,0,0,0,0,0,0,0,0,0,0,0,0,0,0,0,0,0,0,0,0,0,0,0,0,7.8585,0,0,0,0,0,0,0,0,0,0,0
NRS,Esperance,ESP,33.9333,121.85,ESP20130314,2013-03-14T01:24:00Z,2013-03-14T09:24:00Z,2013,3,14,9:24:00,45,21.1472,NA,35.7557,Neutral,14.2946,NA,0,0,0,0,0,0,0,0,0,0,0,0,0,0,0,0,0,0,0,0,0,0,0,0,0,0,23.5755,0,0,0,0,0,0,0,7.8585,0,0,0,0,0,0,0,0,0,0,0,0,47.1509,0,0,0,0,0,7.8585,0,0,0,0,0,0,0,0,0,0,0,0,0,0,7.8585,55.0094,0,0,0,0,0,0,0,0,0,0,0,0,0,0,0,0,0,0,0,0,62.8679,0,0,0,0,0,0,0,0,0,0,0,0,0,0,0,0,0,0,0,0,0,0,0,15.717,23.5755,0,0,0,0,0,70.7264,0,62.8679,0,15.717,0,39.2924,117.8773,0,7.8585,7.8585,0,7.8585,0,0,0,0,0,47.1509,0,0,0,0,0,0,0,0,0,39.2925,0,0,0,0,0,0,0,0,0,0,0,0,0,0,0,0,0,0,0,0,0,0,0,0,0,0,0,0,0,0,0,0,0,0,0,0,0,7.8585,0,0,0,0,0,0,0,0,0,0,0
NRS,Esperance,ESP,33.9333,121.85,ESP20130725,2013-07-25T01:57:00Z,2013-07-25T09:57:00Z,2013,7,25,9:57:00,45,17.2436,NA,35.4606,La Nina,5.8546,NA,2.2453,11.2264,0,0,0,2.2453,0,0,0,0,0,0,0,0,0,0,0,0,0,0,0,0,0,0,0,0,0,0,0,0,0,0,0,0,0,0,0,0,4.4906,0,0,0,0,0,2.2453,0,0,4.4906,0,0,0,0,0,0,0,0,0,0,0,0,0,0,0,0,0,0,0,4.4906,0,4.4906,0,0,6.7359,0,4.4906,0,0,0,0,0,0,0,0,0,0,0,0,0,0,0,55.0095,0,0,2.2453,0,0,0,0,0,0,0,0,0,0,0,0,0,0,0,0,0,0,0,0,0,13.4717,0,0,0,0,0,2.2453,0,0,0,0,2.2453,44.9056,13.4717,0,0,0,2.2453,2.2453,2.2453,0,0,0,0,2.2453,8.9811,0,4.4906,0,0,0,0,0,0,24.6981,0,0,0,0,0,0,0,0,0,0,0,0,0,0,0,0,0,0,0,0,0,0,0,0,0,0,0,0,0,0,0,0,0,0,0,0,0,35.9245,0,0,0,0,0,0,0,0,0,0,0
NRS,Port Hacking,PHB,34.1192,151.2267,PHB20120212,2012-02-12T23:00:00Z,2012-02-13T10:00:00Z,2012,2,13,10:00:00,100,21.9421,1.0885,34.8121,La Nina,12.5645,NA,0,0,0,0,0,0,0,0.7858,0,0.7858,0,0,0,0,0,0,0,0,0,0,0,0,0,0,0,0,0,0,0,0,3.9292,0,0,0,0,0,0,0,0.7858,0,0,0,0,0.7858,0,0,0,0,0.7858,0.7858,0,0,0,0,1.5717,0,0,0,0,0,0,0.7858,0,0,0,0,1.5717,0,0,0,0,0,0,0,0,0,0,0,0.7858,0,0,0,0,0,0,0,0,0,0,0,1.5717,0,0,0,2.3575,0,0,0,0,0,1.5717,0,0,0,0,0,0,0,0,3.1433,0,0,0,0,3.9292,0,0,0,0,0,0.7858,0,0,0,0,0,0,1.5717,0,0,0,0,0,0.7858,0,0.7858,0,0,0.7858,0,0,1.5716,0.7858,0,0,0,1.5717,0,0,4.7151,0,0,0,0,0.7858,0,0,0,0,0,0,0,0,0,0,0,0,0,0,0,0,0,0,0,0,0,0,0,0,0,0,0,0,0,0,0,2.8066,20.6566,0,0,0,0,0,0,0,0,0,0,0
NRS,Port Hacking,PHB,34.1192,151.2267,PHB20120311,2012-03-11T22:00:00Z,2012-03-12T09:00:00Z,2012,3,12,9:00:00,100,20.6432,0.9898,35.1718,La Nina,4.4416,NA,12.3771,0,0,0,0,0,0,0,3.5363,0,5.3045,0,0,0,0,0,0,0,0,0,0,0,0,0,0,0,0,0,0,0,3.5363,0,0,0,0,0,0,0,1.7682,0,0,0,0,0,1.7682,0,1.7682,1.7682,0,1.7682,0,0,12.3771,0,0,0,3.5363,0,0,0,0,0,0,0,0,0,3.5363,3.5363,0,0,0,0,0,0,0,0,0,0,0,0,0,0,0,0,0,0,0,0,0,0,0,0,0,0,0,0,1.7682,0,0,0,0,0,0,0,0,0,0,0,0,3.5364,7.0727,0,0,0,1.7682,14.1453,3.5364,0,0,1.7682,15.9134,3.5363,0,0,0,0,1.7682,12.3771,1.7682,0,1.7682,0,0,1.7682,0,0,0,0,1.7682,0,0,0,0,0,0,0,0,3.5363,0,26.5224,0,0,0,0,0,0,0,0,0,0,0,0,0,0,0,0,0,0,0,0,0,0,0,0,0,0,0,0,0,0,0,0,0,0,3.5363,0,0,0,0,0,0,0,0,0,0,0,0,0,0
NRS,Port Hacking,PHB,34.1192,151.2267,PHB20120517,2012-05-17T23:33:00Z,2012-05-18T09:33:00Z,2012,5,18,9:33:00,100,20.8575,2.4991,35.4692,Neutral,5.6581,NA,0.3536,0,0.3536,0,0,0,0,0,0,0.7073,1.0609,0,0,0,0,0,0,0.3536,0,0,0,0,0,0,0,0,0.3536,0,0,0,0,0,0,0,0,0,0.7072,0,0,0,0,0,0,0,1.0609,0,0.3536,0.7072,0,0.7073,0,0,0,0,0,0,0,0,0,0,0,0.3536,0,0,0,0,0.3536,0.3536,0,0,0,0,0,0,0,0,0,0,0,0,0,0,0,0,0,0,0,0,0,0,0.3536,0,0,0,0,0,0,0,0,0,0,0,0,0,0,0,0,0.3536,0,0.3536,0.7072,0,0,0,1.0609,0.3536,1.4146,0,0,0,0.7073,0.7073,0,0,0,0,0,0.7073,0.7073,0,0,0,0.3536,0,1.0609,2.1218,0,0.3536,0,2.4754,0,0,0.3536,0.3536,0,0,0,1.7682,0,3.1827,0,0,0,0,0.3536,0,0,0,0,0,0,0,0,0,0,0,0,0,0,0,0,0,0,0,0,0,0,0,0,0,0,0,0,0,0,0,0,0,0,0,0,0,0,0,0,0,0,0,0
NRS,Port Hacking,PHB,34.1192,151.2267,PHB20120628,2012-06-28T00:00:00Z,2012-06-28T10:00:00Z,2012,6,28,10:00:00,100,19.60371,2.19639,35.52581,Neutral,3.8899,NA,0,0,1.4145,0,0,0,0,0,0,0,0,0,0,0,0,0,0,0,0,0,0,0,0,0,0,0,0,0,0,0,1.4145,0,0,0,0,0,0,0,0,0,0,0,0,0,0,0,2.8291,0,0,1.4145,0,0,0,0,2.8291,0,0,0,0,0,0,0,0,0,1.4145,0,4.2436,4.2436,0,0,0,0,0,0,0,0,0,0,0,0,0,0,0,0,0,0,0,0,0,0,1.4145,0,0,0,0,0,1.4145,0,0,0,0,0,0,0,0,0,0,0,0,1.4145,0,0,0,0,8.4872,0,1.4145,0,0,0,5.6581,0,0,0,0,0,0,9.9017,0,0,0,0,0,0,1.4145,5.6581,0,0,0,5.6581,0,0,0,0,0,0,0,0,0,7.0726,0,0,0,0,1.4145,0,0,2.8291,0,0,0,0,0,0,0,0,0,0,0,0,0,0,0,0,0,0,0,0,0,0,0,0,0,0,0,0,0,5.6581,0,0,0,0,0,0,0,0,0,0,0
NRS,Port Hacking,PHB,34.1192,151.2267,PHB20120717,2012-07-17T00:00:00Z,2012-07-17T10:00:00Z,2012,7,17,10:00:00,100,17.5817,4.9834,35.4632,Neutral,4.2436,NA,0.3536,0,0.3536,0,0,0,0,0,0,0,0,0,0,0,0,0,0,0,0,0,0,0,0,0,0,0,0,0,0,0,0,0,0,0,0,0,0,0,0,0,0,0,0,0,0,0,0.3536,0.3536,0,0.7073,0,0,0.3536,0,0,0,0,0,0,0,0,0,1.0609,0,0.3536,0,0.3536,1.0609,0,0,0,0,0,0,0,0,0,0,0,0,0,0,0,0,0,0,0,0,0,0,2.1218,0,0,0,0,0,0,0,0,0,0,0,0,0,0,0,0,0,0,0,0.3536,0,0,0,3.1827,0,0.3536,0,0,0,1.4145,0,0,0,0,0,0.3536,3.5363,1.0609,0,0,0,0.3536,0.3536,0.3536,2.8291,0,0,1.7682,1.7681,1.0609,0,0,0,0,0,0,1.7682,0,0.7073,0,0,0,0,0.3536,0,0,0,0,0,0,0,0,0,0,0,0,0,0,0,0,0,0,0,0,0,0,0,0,0,0,0,0,0,0,0,0.7073,0,0,0,0,0,0,0,0,0,0,0,0
NRS,Port Hacking,PHB,34.1192,151.2267,PHB20120821,2012-08-21T23:19:00Z,2012-08-22T09:19:00Z,2012,8,22,9:19:00,100,17.5257,2.223,35.5142,Neutral,14.0887,NA,0,0,0,0,0,0,0,1.7682,0,0,0,0,0,0,0,0,0,0,0,0,0,0,0,0,0,0,0,0,0,0,0,0,0,0,0,0,0,0,0,0,0,0,0,0,1.7682,0,0,1.7682,0,1.7682,0,0,0,0,0,0,0,0,0,0,0,1.7682,0,0,0,0,0,1.7682,0,1.7682,0,0,0,0,0,0,0,0,0,0,0,0,0,0,0,0,0,0,0,0,8.8409,0,0,0,0,0,0,0,0,0,0,0,0,0,0,0,0,1.7682,0,0,5.3045,0,0,0,3.5363,1.7682,1.7682,0,0,0,1.7682,0,0,0,0,0,0,14.1453,8.8408,0,0,0,0,0,1.7682,3.5363,0,1.7682,1.7682,3.5364,0,0,0,0,0,0,0,3.5364,0,5.3045,0,0,0,0,0,0,0,0,0,0,0,0,0,0,0,0,0,1.7682,0,0,0,0,0,0,0,0,0,0,0,0,0,0,0,0,0,0,0,14.1453,0,0,0,0,0,0,0,0,0,0,0
NRS,Port Hacking,PHB,34.1192,151.2267,PHB20120917,2012-09-17T23:38:00Z,2012-09-18T09:38:00Z,2012,9,18,9:38:00,100,16.4249,2.2299,35.4604,Neutral,54.3178,NA,0,0,0,0,0,0,0,99.0169,0,0,0,0,0,0,0,0,0,12.1245,0,0,0,0,0,0,0,0,0,0,0,0,0,0,0,0,0,0,0,0,0,0,0,0,0,0,0,0,3.0311,0,0,0,0,0,0,0,1.0104,0,0,0,0,0,0,0,0,0,0,0,10.1038,0,0,0,0,0,0,0,1.0104,0,0,0,0,0,0,0,0,0,0,0,0,0,0,0,1.0104,0,0,0,0,0,0,0,0,0,0,0,0,0,0,0,0,1.0104,0,0,0,0,0,0,2.0208,4.0415,1.0104,0,0,0,3.0311,0,0,0,0,0,0,0,0,0,0,0,0,0,0,3.0311,0,0,2.0208,0,0,0,0,0,0,0,0,5.0519,0,0,0,0,0,0,0,0,0,0,0,0,0,0,0,0,0,0,0,0,0,0,0,0,0,0,0,0,0,0,0,19.1972,0,0,0,0,0,0,0,11.1142,2.0208,0,0,0,0,0,0,0,0,0,0
NRS,Port Hacking,PHB,34.1192,151.2267,PHB20121009,2012-10-09T22:44:00Z,2012-10-10T09:44:00Z,2012,10,10,9:44:00,100,17.492,5.6633,35.5207,Neutral,9.8769,NA,0.7858,0,0,0,0,0,0,5.5009,0,0,0,0,0,0,0,0,0,0,0.7858,0,0,0,0,0,0,0,0,0,0,0,1.5717,0,0,0,0,0,0,0,0,0,0,0,0,0,0,0,0,0,0,1.5717,0,0,0,0,2.3575,0,0,0,0,0,0,0,0,0,0,0,1.5717,0,0,0,0,0,0,0,0,0,0,0,0,0,0,0,0,0,0,0,0,0,0,0,4.9116,0,0,0,0,0,0,0,0,0,0,0,0,0,0,0,0,0,0,0,0,0,0,0,0.7858,0,0,0,0,0,5.5009,0,0,0,0,0,0,2.3575,0,0,0,0,0,0,0,1.5717,0,0,0,1.5717,0,0.7858,0,0,0,0,0,1.5717,0,1.5717,0,0,0,0,0,0,0,0,0.7858,0,0,0,0,0,0,0,0,0,0.7858,0,0,0,0,0,0,0,0,0,0,0,0.7858,0,0,0,0,0,1.7682,8.8408,0,0,0,0,0,0,0,0,0,0,0
NRS,Port Hacking,PHB,34.1192,151.2267,PHB20121120,2012-11-20T22:30:00Z,2012-11-21T09:30:00Z,2012,11,21,9:30:00,100,18.8905,3.6583,35.4963,Neutral,31.1762,NA,0,0,0,0,0,0,0,311.196,0,0,0,0,0,0,0,0,0,0,0,0,0,0,0,0,0,0,0,0,0,0,0,0,0,0,0,0,0,0,0,0,0,0,0,0,3.5363,0,0,0,0,0,0,0,0,0,0,0,0,0,0,0,0,0,0,0,0,0,0,0,0,14.1453,0,0,0,0,0,3.5363,0,0,0,0,0,0,0,0,0,0,0,0,0,0,28.2905,0,0,0,0,0,0,0,0,0,0,0,0,0,0,0,0,3.5363,0,10.609,0,10.609,0,0,7.0726,10.609,0,0,0,0,0,0,0,0,0,0,0,7.0726,3.5363,0,7.0726,0,35.3632,7.0726,0,0,0,0,0,0,0,0,0,0,0,0,0,0,0,134.3801,0,0,0,0,0,0,3.5363,3.5363,0,0,0,0,0,0,0,0,0,0,0,0,0,0,0,0,0,0,0,0,0,0,0,0,0,0,0,0,0,14.1453,0,0,0,0,0,0,0,0,0,0,0
NRS,Port Hacking,PHB,34.1192,151.2267,PHB20121218,2012-12-18T22:31:00Z,2012-12-19T09:31:00Z,2012,12,19,9:31:00,100,18.7896,7.3115,35.4719,Neutral,2.4825,NA,0,0,0,0,0,0,0,28.2906,0,0,0,0,0,0,0,0,0,1.7682,0,0,0,0,0,0,0,0,0,0,0,0,0,0,0,0,0,0,0,0,0,0,0,0,0,0,0,0,1.7682,0,0,1.7682,0,0,0,3.5363,0,0,0,0,0,0,0,0,0,0,0,0,5.3045,0,0,0,0,0,0,0,0,0,0,0,0,0,0,0,0,0,0,0,0,0,0,0,7.0727,0,0,1.7682,0,0,0,0,0,0,0,0,0,0,0,0,0,0,0,0,0,0,0,0,5.3045,0,0,0,0,0,1.7682,5.3045,0,5.3045,0,0,0,8.8408,0,0,1.7682,0,1.7682,0,0,1.7682,0,0,0,1.7682,1.7682,0,0,0,0,0,0,0,0,7.0727,0,0,0,0,0,0,0,0,0,0,0,0,0,0,0,0,0,0,0,0,0,0,0,0,0,0,0,0,0,0,0,0,0,0,0,0,0,10.609,0,0,0,0,0,0,0,0,0,0,0
NRS,Port Hacking,PHB,34.1192,151.2267,PHB20130125,2013-01-24T23:54:00Z,2013-01-25T10:54:00Z,2013,1,25,10:54:00,100,21.7269,0.3876,35.551,Neutral,13.6042,NA,0,0,0,0,0,0,0,0,0,0,0,0,0,0,0,0,0,0,0,0,0,0,0,0,0,0,1.7682,0,0,0,0,0,0,0,0,0,0,0,0,0,0,0,0,0,8.8408,0,0,0,0,0,0,0,0,0,0,0,0,0,1.7682,0,0,0,0,0,0,0,0,0,0,0,0,0,0,0,0,0,0,0,0,0,0,0,0,0,0,0,0,0,0,0,0,0,0,1.7682,0,0,0,0,0,0,0,0,0,0,0,0,0,3.5364,0,3.5363,0,1.7682,0,0,1.7682,3.5363,0,0,0,0,19.4497,0,0,0,0,0,0,19.4497,0,0,1.7682,0,0,0,0,26.5224,0,5.3045,0,14.1453,0,0,0,0,0,0,0,0,0,30.0587,0,0,0,0,0,0,0,0,0,0,0,0,0,0,0,0,0,0,0,0,0,0,0,0,0,0,0,0,0,0,0,0,0,0,0,0,0,26.5224,0,0,0,0,0,0,0,0,0,0,0
NRS,Port Hacking,PHB,34.1192,151.2267,PHB20130227,2013-02-27T21:03:00Z,2013-02-28T08:03:00Z,2013,2,28,8:03:00,100,17.2649,3.8822,35.3307,Neutral,1.8,NA,0,0,0,0,0,0,0,2.2504,0.3215,0,0,0,0,0,0,0,0,0,0,0,0,0,0,0,0,0,0,0,0,0,0,0,0,0,0,0,0,0,0.3215,0,0,0,0,0,3.2148,0,0,0,0,0,0,0,0,0,0,0,0,0,0,0,0,0,0,0,0,0,0,0.3215,0,0.3215,0,0,0,0,0,0,0,0,0,0,0,0,0,0,0,0,0,0,0,0,0.3215,0,0,0,0,0,0,0,0,0,0,0,0,0,0,0,0,0,0,1.2859,0,0,0,0,0.3215,1.6074,0.3215,0,0,0,1.9289,0,0,0,0,0,0,2.2504,0,0,0,0,0,1.9289,0,1.9289,0,0,0,0,0,0,0,0,0,0,0,0.3215,0,1.286,0,0,0,0,0,0,0,0,0,0,0,0,0,0,0,0,0,0,0,0,0,0,0,0,0,0,0,0,0,0,0,0,0,0,0,0,0,11.5734,0,0,0,0,0,0,0,0,0,0,0.3215
NRS,Port Hacking,PHB,34.1192,151.2267,PHB20130319,2013-03-19T22:27:00Z,2013-03-20T09:27:00Z,2013,3,20,9:27:00,100,24.5401,0.6877,35.3873,Neutral,2.0404,NA,0,0,0.5658,0,0,0,0,0,0.2829,0.8487,0,0,0,0,0,0,0,0,0,0,0,0,0,0,0,0,0,0,0,0,0,0,0,0,0,0,0.2829,0,1.1316,0,0,0,0,0,0,0,0,0.5658,0,0.2829,0,0,0,0.2829,0,0,0,0.2829,0,0,0,0,0,0,0,0,0.2829,0.2829,0,0,0,0,0,0,0,0,0,0,0,0,0,0,0,0,0,0,0,0,0,0,2.2632,0,0,0,0,0,0,0.2829,0,0,0,0,0,0,0,0,0,0.8487,0,0.2829,0.2829,0,0,0,1.1316,0,0.5658,0,0,0,0.5658,0.2829,0,0,0,0,0,1.6974,0.2829,0,0.8487,1.6974,1.1316,0,0,1.1316,0,0,0.2829,0.2829,0,0,0,0,0,0,0,1.1316,0,2.829,0,0,0,0,0.2829,0,0,0,0.5658,0,0,0,0,0,0,0,0,0,0.2829,0,0,0,0,0,0,0,0,0,0,0,0,0,0,0.5658,0,0,0,0.5658,0,0,0,0,0,0.5658,0,0,0,0,0
NRS,Port Hacking,PHB,34.1192,151.2267,PHB20130422,2013-04-22T23:32:00Z,2013-04-23T09:32:00Z,2013,4,23,9:32:00,100,20.9359,1.46,35.3222,Neutral,1.2625,NA,3.0311,0,0,0,0,0,0,1.0104,3.0311,2.0208,0,0,0,0,0,0,0,0,0,0,0,0,0,0,0,0,0,0,0,0,0,0,0,0,0,0,0,0,1.0104,0,0,0,0,0,8.083,0,0,7.0726,0,0,0,0,0,0,0,0,0,0,0,0,0,0,0,0,0,0,0,0,0,0,0,0,0,0,0,0,0,0,0,0,0,0,0,0,0,0,0,0,0,0,1.0104,0,0,0,1.0104,0,0,0,0,0,0,0,0,0,0,0,0,0,0,1.0104,0,0,0,0,0,0,1.0104,0,0,0,0,0,0,0,0,0,0,0,0,0,0,0,0,0,0,10.1038,0,0,0,18.1868,0,0,0,0,0,0,0,0,0,11.1142,0,0,0,0,0,0,0,0,0,0,0,0,0,0,0,0,0,0,0,0,0,0,0,0,0,0,0,0,0,0,0,0,0,0,0,0,1.0104,0,0,0,0,0,0,0,0,0,0,0,0
NRS,Port Hacking,PHB,34.1192,151.2267,PHB20130514,2013-05-14T23:40:00Z,2013-05-15T09:40:00Z,2013,5,15,9:40:00,100,20.363,2.8308,35.3763,La Nina,0.7323,NA,0.1664,0,0,0,0,0,0,0,0.0832,0,0,0,0,0,0,0,0,0,0,0,0,0,0,0,0,0,0,0,0,0,0,0,0,0,0,0,0,0,0.1664,0,0,0,0,0,0,0,0,0,0,0,0,0,0,0,0,0,0,0,0,0,0,0,0,0,0,0,0.0832,0,0,0,0,0,0,0,0,0,0,0,0,0,0,0,0,0,0,0,0,0,0,0,0.0832,0,0,0,0,0,0,0,0,0,0,0,0,0,0,0,0,0,0,0.0832,0,0,0,0,0.6656,0.3328,0,0,0,0,0,0,0,0.0832,0,0,0.2496,0,0.0832,0,0.2496,0.1664,0.2496,0,0,0.1664,0,0,0.0832,0.1664,0,0,0,0,0,0,0,0,0,0.1664,0,0,0,0,0,0,0,0,0,0,0,0,0,0,0,0,0,0,0,0,0,0,0,0,0,0,0,0,0,0,0,0,0,0,0,0,0,0,0,0,0,0,0,0.2496,0,0,0,0.0832,0
NRS,Port Hacking,PHB,34.1192,151.2267,PHB20130611,2013-06-11T23:55:00Z,2013-06-12T09:55:00Z,2013,6,12,9:55:00,100,19.6565,2.4979,35.5464,La Nina,NA,NA,0,0,0,0,0,0,0,0,1.4145,0,1.4145,0,0,0,0,0,0,0,0,0,0,0,0,0,2.829,0,0,0,0,0,0,0,0,0,0,0,0,0,0,0,0,0,0,0,4.2436,0,0,1.4145,0,1.4145,0,0,0,0,4.2436,0,2.8291,0,0,0,0,0,1.4145,0,0,0,0,1.4145,0,0,0,0,0,0,1.4145,0,0,0,1.4145,0,0,0,0,0,0,0,0,0,0,0,2.829,0,0,1.4145,0,0,2.8291,0,0,0,0,0,0,0,0,0,0,1.4145,0,1.4145,2.8291,0,0,0,9.9017,0,0,0,0,0,0,0,0,0,0,0,0,4.2436,11.3162,0,0,0,0,0,0,0,0,0,4.2436,11.3162,0,0,1.4145,0,0,0,0,1.4145,0,1.4145,0,0,0,0,0,0,0,1.4145,0,0,0,0,0,0,0,0,0,0,0,0,0,0,0,0,0,0,0,0,0,1.4145,0,0,0,0,0,0,0,2.8291,0,0,0,0,0,0,0,1.4145,0,0,0
NRS,Port Hacking,PHB,34.1192,151.2267,PHB20130725,2013-07-25T23:24:00Z,2013-07-26T09:24:00Z,2013,7,26,9:24:00,100,17.4988,2.9779,35.5425,La Nina,3.9006,NA,0,0,0,0,0,0,0,1.0104,1.0104,1.0104,0,0,0,0,0,0,0,0,0,0,0,0,0,0,0,0,1.0104,0,0,0,0,0,0,0,0,0,0,0,2.0208,0,0,0,0,0,9.0934,0,0,0,0,0,0,0,0,2.0208,0,0,0,0,0,0,0,0,0,0,0,0,0,0,0,0,0,0,0,0,0,0,0,0,0,0,0,0,0,0,0,0,0,0,0,0,13.1349,0,0,0,0,0,0,0,0,0,0,0,0,0,0,0,0,5.0519,0,4.0415,0,0,0,0,2.0208,5.0519,0,0,0,0,4.0415,2.0208,0,0,0,0,0,3.0311,0,0,0,0,0,0,0,21.2179,0,0,0,4.0415,0,0,0,0,1.0104,0,0,0,0,24.2491,0,0,0,0,0,0,2.0208,2.0208,0,0,0,0,0,0,0,0,0,0,0,0,0,0,0,0,0,0,0,0,0,0,0,0,0,0,0,0,0,6.0622,0,0,0,0,0,0,0,0,0,0,0
NRS,Port Hacking,PHB,34.1192,151.2267,PHB20130826,2013-08-26T23:30:00Z,2013-08-27T09:30:00Z,2013,8,27,9:30:00,98,17.6275,2.1252,35.5533,Neutral,14.9911,NA,0,0,0,0,0,0,0,1.4434,0,0,0,0,0,0,0,0,0,0,0,0,0,0,0,0,1.4434,0,0,0,0,0,0,0,0,0,0,0,0,0,0,0,0,0,0,0,1.4434,0,0,1.4434,0,5.7736,0,0,0,1.4434,0,0,0,0,0,0,0,0,0,0,0,0,8.6604,0,0,0,0,0,0,0,0,0,0,0,0,0,0,0,0,0,0,0,0,0,0,0,5.7736,0,0,0,0,0,1.4434,0,0,0,0,0,0,0,0,0,0,0,0,0,0,0,0,0,12.9906,0,0,0,0,0,0,0,0,0,0,0,0,5.7736,10.1038,0,0,0,0,0,0,12.9906,0,0,1.4434,7.217,0,0,0,0,0,0,0,4.3302,0,2.8868,0,0,0,0,0,0,0,0,0,0,0,0,0,0,0,0,0,0,0,1.4434,0,0,0,0,0,0,0,0,0,0,0,0,0,0,0,0,0,0,0,0,0,0,0,0,0,0,0,0,0
NRS,Port Hacking,PHB,34.1192,151.2267,PHB20130915,2013-09-15T22:15:00Z,2013-09-16T08:15:00Z,2013,9,16,8:15:00,98,17.7397,2.6276,35.5012,Neutral,4.3654,NA,0,0.2406,0,0,0,1.2028,0,0,0,0,0,0,0,0,0,0,0,0,0,0,0,0,0,0,0,0,0,0,0,0,0,0,0,0,0,0,0,0,0,0,0,0,0,0,0,0,0,0.2406,0,0.2406,0,0,0,0,0,0,0,0,0,0,0,0.2406,0,0,0,0,1.4434,0,0,0,0,0,0,0,0.2406,0,0,0,0,0,0,0,0,0,0,0,0,0,0,0,1.4435,0,0,0,0,0,0,0,0,0,0,0,0,0,0,0,0,0,0,0,0,0,0,0,1.9245,1.2029,0,0,0,0,0.2406,0,0,0.2406,0,0,0.7217,0.9623,0.4811,0,1.684,0,0.2406,0,0,0.7217,0,0,0,0,0,0,0.2406,0,0,0,0,0,0,1.9245,0,0,0,0,0,0,0,0,0,0,0,0,0,0,0,0,0,0,0,0,0,0,0,0,0,0,0,0,0,0,0,0,0,0,0,0,0,0,0,0,0,0,0,0.4811,0,0,0,0,0
NRS,Port Hacking,PHB,34.1192,151.2267,PHB20131020,2013-10-20T22:36:00Z,2013-10-21T09:36:00Z,2013,10,21,9:36:00,100,19.6582,1.8942,35.5469,Neutral,4.6078,NA,0,0,0,0,0,0,10.609,0,0,0,0,0,0,0,0,0,0,0,0,0,0,0,0,0,0,0,0,0,0,0,0,0,0,0,0,0,0,0,0,0,0,0,0,0,0,0,0,0,0,0,0,0,0,0,0,0,0,0,0,0,0,0,0,0,0,0,10.609,0,0,0,0,0,0,0,0,0,0,0,0,0,0,0,0,0,0,0,0,0,0,0,14.1452,0,0,0,0,0,0,0,3.5363,0,0,0,0,0,0,0,0,3.5363,0,3.5363,7.0726,0,0,0,10.609,0,0,0,0,0,0,0,0,0,0,0,3.5363,70.7264,3.5363,0,3.5363,3.5363,0,0,3.5363,3.5363,0,0,0,21.2179,0,0,0,0,0,0,0,0,0,10.609,0,0,0,3.5363,0,0,0,0,0,0,0,0,0,0,0,0,0,0,0,0,0,0,0,0,0,0,0,0,0,0,0,0,0,0,0,0,14.1453,0,3.5363,0,0,0,0,0,0,0,0,0,0
NRS,Port Hacking,PHB,34.1192,151.2267,PHB20131027,2013-10-27T23:17:00Z,2013-10-28T10:17:00Z,2013,10,28,10:17:00,100,20.1145,1.2483,35.5989,Neutral,8.9398,NA,0,0,0,0,0,0,0,0,0,0,0,0,0,0,0,0,0,0,0,0,0,0,0,0,0,0,0,0,0,0,0,0,0,0,0,0,0,0,0,0,0,3.5363,0,0,0,0,0,0,0,0,0,0,10.609,0,0,0,0,0,3.5363,0,0,0,0,0,0,0,0,0,0,0,0,0,0,0,3.5363,0,0,0,0,0,0,0,0,0,0,0,0,0,0,0,21.2179,0,3.5363,0,0,0,0,0,0,0,0,0,0,0,0,0,0,0,0,3.5363,0,0,0,0,21.2179,3.5363,0,0,0,0,0,0,0,0,0,0,3.5363,60.1174,7.0726,0,7.0726,3.5363,3.5363,0,0,17.6816,0,0,0,3.5363,3.5363,0,0,0,0,3.5363,0,3.5363,0,14.1453,0,0,0,0,3.5363,0,0,0,0,0,0,0,0,0,0,0,0,0,0,0,0,0,0,0,0,0,0,3.5363,0,0,0,0,0,0,0,0,7.0726,17.6816,0,0,0,0,0,0,0,0,0,0,0
NRS,Port Hacking,PHB,34.1192,151.2267,PHB20131202,2013-12-02T22:30:00Z,2013-12-03T09:30:00Z,2013,12,3,9:30:00,100,20.9981,0.6088,35.5751,Neutral,3.1296,NA,1.1788,2.3575,0,0,0,1.1788,0,0,0,0,0,0,0,0,0,0,0,0,0,0,0,0,0,0,0,0,1.1788,1.1788,0,0,0,0,0,0,0,0,0,0,0,0,0,0,0,0,0,0,0,0,0,3.5363,0,0,0,0,0,0,0,0,0,0,0,0,0,0,0,0,1.1788,0,0,0,0,0,0,0,0,0,0,0,0,0,0,0,0,0,0,0,0,0,0,0,1.7682,0,1.1788,0,0,0,0,0,0,0,0,0,0,0,0,0,0,1.1788,0,0,0,0,0,0,1.1788,0,0,0,0,0,0,1.1788,0,0,0,0,3.5363,10.609,0,0,2.3575,1.1788,0,0,0,2.3575,0,0,0,0,0,0,0,0,0,0,0,1.1788,0,7.0726,0,0,0,0,0,0,0,0,0,0,0,0,0,0,0,0,0,0,0,0,0,0,0,0,0,0,0,0,0,0,1.1788,0,0,0,0,0,0,3.5363,0,0,0,0,0,2.3575,0,0,0,0,0
NRS,Port Hacking,PHB,34.1192,151.2267,PHB20140120,2014-01-20T22:43:00Z,2014-01-21T09:43:00Z,2014,1,21,9:43:00,97,21.4423,2.6922,35.5808,Neutral,4.4003,NA,1.2152,0.6076,0,0,0,0,0,0,0,0.6076,0,0,0,0,0,0,0,1.2152,0,0,0,0,0,0,0,0,0,0,0,0,0,0,0,0,0,0,0,0,0,0,0,0,0,0,0,0,0,0,0,0,0,0,1.8228,0.6076,3.0381,0,0,0,0,0,0,0,0,0,0,0,0.6076,0,0,0,0,0,0,0,0,0,0,0,0,0,0,0,0,0,0,0,0,0,0,0,1.2152,0,0,0,0,0,0.6076,0,0,0,0,0,0,0,0,0,0,0,0,3.6457,1.2152,0,0,0,1.8228,1.8228,0,0,0,0,1.2152,0,0,1.8228,0,0,4.8609,0,0,0,3.0381,0,0,0.6076,0.6076,0,0,0,0.6076,0,0.6076,0,0,0,0,0.6076,0,1.2152,0,3.0381,0,0,0,0,0.6076,0,0,0,0.6076,0,0,0,0,0,0,0,0,0,0,0,0,0,0,0,0,0,0,0,0,0,0,0,0,0,0,0,0,1.2152,0,0,0,0,0,0,0,0,0,0,0
NRS,Port Hacking,PHB,34.1192,151.2267,PHB20140211,2014-02-11T22:57:00Z,2014-02-12T09:57:00Z,2014,2,12,9:57:00,100,21.3523,1.2183,35.5631,Neutral,4.5406,NA,1.2408,0,0,0,0,0,0,7.4449,0,0,0,0,0,0,0,0,0,0,0,0,0,0,0,0,0,0,0,0,0,0,0,0,0,0,0,0,0,0,0,0,0,1.2408,0,0,0,0,0,2.4816,0,3.7224,1.2408,0,0,1.2408,4.9633,0,0,0,0,0,0,0,0,0,0,0,0,0,0,0,0,0,0,0,0,0,0,0,0,0,0,0,0,0,0,0,0,0,0,0,1.2408,0,0,0,3.7224,0,0,0,0,0,0,0,0,0,0,0,0,0,0,0,1.2408,0,0,0,2.4816,0,0,0,0,0,3.7224,0,0,0,0,0,24.8163,7.4449,0,0,2.4816,0,0,0,0,2.4816,0,0,0,0,0,0,0,0,0,0,0,0,0,7.4449,0,0,0,0,1.2408,0,0,0,0,0,0,0,0,0,0,0,0,0,0,0,0,1.2408,0,0,0,0,0,0,0,0,0,0,0,0,0,0,0,4.9632,0,0,0,0,0,1.2408,0,0,0,0,0
NRS,Port Hacking,PHB,34.1192,151.2267,PHB20140317,2014-03-17T22:48:00Z,2014-03-18T09:48:00Z,2014,3,18,9:48:00,100,22.3672,1.3811,35.5599,Neutral,4.6651,NA,0,0,0,0,0,1.7682,0,0,0,0,0,0,0,0,0,0,0,0,0,0,0,0,0,0,0,0,0,0,0,0,0,0,0,0,0,0,1.7682,0,0,0,0,0,0,0,1.7682,0,0,3.5363,0,1.7682,0,0,0,0,0,0,0,0,1.7682,0,0,0,0,0,0,0,1.7682,1.7682,0,0,0,0,0,0,0,0,0,0,0,0,0,0,0,0,0,0,0,0,0,0,17.6816,0,0,0,0,0,0,0,0,0,0,0,0,0,0,0,0,0,0,0,5.3045,0,0,0,7.0727,1.7682,0,0,0,0,1.7682,0,0,0,0,0,15.9134,14.1453,1.7682,0,5.3045,0,5.3045,0,0,8.8408,0,0,0,1.7682,1.7682,0,1.7682,0,0,0,0,3.5363,0,1.7682,0,0,0,0,0,0,0,0,0,0,0,0,0,0,0,0,0,0,0,0,0,0,0,0,0,0,0,0,0,0,0,0,0,0,0,0,0,15.9135,0,0,0,0,1.7682,0,1.7682,0,0,1.7682,0
NRS,Port Hacking,PHB,34.1192,151.2267,PHB20140427,2014-04-27T23:38:00Z,2014-04-28T09:38:00Z,2014,4,28,9:38:00,100,23.0473,2.2236,35.3268,Neutral,5.8668,NA,0,0,3.5363,0,0,0,0,7.0726,0,0,0,0,0,0,0,0,0,0,0,0,0,0,0,0,0,0,0,0,0,0,0,0,0,0,0,0,0,0,0,0,0,3.5363,0,0,10.609,0,0,24.7542,0,0,0,0,0,0,0,0,0,0,0,0,0,0,0,0,0,0,0,3.5363,0,0,0,0,0,0,0,0,0,0,0,0,0,0,0,0,0,0,0,3.5363,0,0,7.0726,0,0,0,0,0,0,0,0,0,0,0,0,0,0,0,0,0,0,0,3.5363,0,0,0,31.8269,0,0,0,0,0,7.0726,0,0,3.5363,0,0,0,35.3632,17.6816,0,3.5363,0,7.0726,3.5363,3.5363,17.6816,0,0,0,10.6089,7.0726,0,0,0,0,3.5363,0,0,0,14.1453,0,0,0,0,7.0726,0,0,0,0,0,0,0,0,0,0,0,0,0,0,0,0,0,0,0,0,0,0,3.5363,0,0,0,0,0,0,0,0,0,10.6089,0,0,0,0,0,0,0,0,0,0,0
NRS,Port Hacking,PHB,34.1192,151.2267,PHB20140515,2014-05-15T23:35:00Z,2014-05-16T09:35:00Z,2014,5,16,9:35:00,100,22.3773,1.4276,35.4309,Neutral,4.4452,NA,0,0,0,0,0,1.4145,0,0,0,1.4145,0,0,0,0,0,0,0,0,0,0,0,0,0,0,0,0,0,1.4145,0,0,1.4145,0,0,0,0,0,0,0,0,0,0,0,0,0,1.4145,0,0,12.7307,0,0,0,1.4145,0,4.2436,0,0,0,0,0,0,0,1.4145,0,0,0,0,7.0726,5.6581,0,0,0,0,1.4145,0,0,0,0,0,0,0,0,0,0,0,0,0,0,0,0,0,4.2436,0,0,0,1.4145,0,0,0,0,0,0,0,0,0,0,0,0,2.8291,0,4.2435,2.8291,0,0,0,21.2179,11.3162,2.8291,0,0,0,4.2436,2.8291,0,1.4145,0,0,0,5.6581,7.0726,0,1.4145,0,1.4145,4.2436,5.6581,14.1453,0,0,2.8291,9.9017,0,1.4145,1.4145,0,2.8291,1.4145,0,2.8291,0,0,0,0,0,0,11.3162,0,0,1.4145,0,0,0,0,0,0,0,0,0,0,0,0,0,0,0,0,0,0,0,2.829,0,0,1.4145,0,0,0,0,0,0,0,1.4145,0,0,0,1.4145,4.2436,0,0,0,0,0
NRS,Port Hacking,PHB,34.1192,151.2267,PHB20140612,2014-06-12T23:20:00Z,2014-06-13T09:20:00Z,2014,6,13,9:20:00,100,20.1305,4.5333,35.4957,Neutral,11.3233,NA,0,0,0,0,0,0,0,0,0,3.6457,0,0,0,0,0,0,0,0,0,0,0,0,0,0,0,0,0,3.6457,0,0,0,0,0,0,0,0,0,3.6457,0,0,0,0,0,0,0,0,0,7.2914,0,3.6457,0,0,0,3.6457,0,0,0,0,0,0,0,0,0,0,0,0,0,3.6457,0,0,0,0,0,0,0,0,0,0,0,0,0,0,0,0,0,0,0,0,0,0,25.5199,0,0,0,0,0,3.6457,0,0,0,0,0,0,0,0,0,0,0,0,10.9371,3.6457,0,0,0,54.6854,0,0,0,0,0,3.6457,3.6457,0,0,0,0,0,18.2284,3.6457,0,0,0,0,0,3.6457,14.5828,0,0,10.9371,40.1025,0,0,0,0,0,0,0,3.6457,0,10.9371,0,0,0,0,7.2914,0,0,0,3.6457,0,0,0,0,0,0,0,0,0,0,0,0,0,0,0,0,0,0,0,0,0,0,0,0,3.6457,0,0,0,3.6457,0,0,0,0,3.6457,0,0,0,0,0,0
NRS,Port Hacking,PHB,34.1192,151.2267,PHB20140716,2014-07-16T00:00:00Z,2014-07-16T10:00:00Z,2014,7,16,10:00:00,100,17.8309,2.1175,35.6318,Neutral,5.156,NA,0,0,0,0,0,0,0,0,0,0,0,0,0,0,0,0,0,0,0,0,0,0,0,0,0,0,0,0,0,0,0,0,0,0,0,0,0,0,3.5363,0,0,0,0,0,0,0,10.609,0,0,7.0726,0,0,0,7.0726,0,0,0,0,0,0,0,3.5363,0,0,0,0,0,10.609,0,0,0,0,0,0,0,0,0,0,0,0,0,0,0,0,0,0,0,0,0,0,0,0,0,0,0,0,0,0,0,0,0,0,0,0,0,0,0,3.5363,0,0,10.609,0,0,0,0,10.6089,0,0,0,0,21.2179,0,0,0,0,0,0,7.0726,0,0,7.0726,3.5363,0,3.5363,0,7.0726,0,0,3.5363,14.1453,0,0,0,0,0,0,0,0,0,3.5363,0,0,0,0,0,0,0,0,0,0,0,0,0,0,0,0,0,0,0,0,0,0,0,0,0,0,0,0,0,0,0,0,0,0,0,0,0,3.5363,0,0,0,0,0,3.5363,0,0,0,0,0
NRS,Port Hacking,PHB,34.1192,151.2267,PHB20140824,2014-08-24T23:57:00Z,2014-08-25T09:57:00Z,2014,8,25,9:57:00,100,17.3901,2.4169,35.4697,Neutral,5.11,NA,0,0,0,0,0,0,0,1.1788,0,0,0,0,0,0,0,0,0,0,0,0,0,0,0,0,0,0,0,0,0,0,0,0,0,0,0,0,0,0,0,0,0,0,0,0,0,0,0,0,0,3.5363,0,0,0,0,0,0,0,0,0,0,0,2.3576,0,0,0,0,2.3575,0,0,0,0,0,0,0,0,0,0,0,0,0,0,0,0,0,0,0,0,0,0,0,11.7877,0,0,0,0,0,0,0,0,0,0,0,0,0,0,0,0,2.3575,0,1.1788,1.1788,0,0,0,1.1788,1.1788,0,0,0,0,14.1453,0,0,0,0,0,0,7.0726,0,0,0,0,0,2.3575,0,3.5363,0,0,0,4.7151,0,0,0,0,0,0,0,0,0,3.5363,0,0,0,0,0,0,0,0,0,0,0,0,0,0,0,0,0,0,0,0,0,0,0,0,1.1788,0,0,0,0,0,0,0,0,0,0,0,1.1788,4.715,0,0,0,0,0,1.1788,0,0,0,0,0
NRS,Port Hacking,PHB,34.1192,151.2267,PHB20140911,2014-09-11T00:13:00Z,2014-09-11T10:13:00Z,2014,9,11,10:13:00,100,17.327,3.2382,35.3605,Neutral,28.6689,NA,0,0,0,0,0,0,0,0,0,0,0,0,0,0,0,0,0,1.8042,0,0,0,0,0,0,0,0,0,0,0,0,0,0,0,0,0,0,0,0,0,0,0,1.8042,0,0,3.6085,0,9.0212,0,0,1.8042,0,0,0,0,7.217,0,1.8042,0,0,0,0,0,0,0,0,0,14.434,0,0,0,0,0,0,0,0,0,0,0,1.8042,0,0,0,0,0,0,0,0,0,0,0,3.6085,0,0,0,0,0,0,0,0,0,0,0,0,0,0,0,0,0,0,0,0,0,0,0,14.4339,1.8042,0,0,0,0,7.217,3.6085,0,0,0,0,3.6085,16.2382,0,0,0,0,0,0,0,9.0212,0,0,1.8042,16.2381,1.8042,0,0,0,0,0,0,0,0,0,0,0,0,0,0,0,0,0,0,0,0,0,0,0,0,0,0,0,0,0,0,0,0,0,0,0,0,0,0,0,0,0,0,0,0,0,0,3.6085,0,0,0,0,0,0,0,0,0,0,0
NRS,Port Hacking,PHB,34.1192,151.2267,PHB20141021,2014-10-21T22:30:00Z,2014-10-22T09:30:00Z,2014,10,22,9:30:00,100,18.3745,9.1016,35.4874,Neutral,8.0239,NA,0,0,0,0,0,3.5363,0,35.3631,0,0,0,0,0,0,0,0,0,0,0,0,0,0,0,0,0,0,0,0,0,0,0,0,0,0,0,0,0,0,0,0,0,0,0,0,0,0,3.5363,0,0,3.5363,0,0,0,0,0,0,0,0,0,0,0,0,0,0,0,0,3.5363,0,0,0,0,0,0,0,0,0,0,0,0,0,0,0,0,0,0,0,0,0,0,0,53.0448,0,0,0,0,0,0,0,0,0,0,0,0,0,0,0,0,0,0,0,7.0726,0,0,0,14.1453,3.5363,0,0,0,0,10.609,0,0,0,0,0,0,31.8269,0,0,0,0,0,0,0,21.2179,0,0,0,17.6816,0,0,3.5363,0,0,0,0,0,0,14.1453,0,0,0,0,0,0,0,0,0,0,0,0,0,0,0,0,0,0,0,0,0,0,0,0,0,0,0,0,0,0,0,0,0,0,0,0,0,14.1453,0,0,0,0,0,0,3.5363,0,0,0,0
NRS,Port Hacking,PHB,34.1192,151.2267,PHB20141112,2014-11-12T22:36:00Z,2014-11-13T09:36:00Z,2014,11,13,9:36:00,100,20.4864,1.0928,35.6193,Neutral,5.6725,NA,0,0,0,0,0,0,0,50.2624,0,0,0,0,0,0,0,0,0,10.7705,0,0,0,0,0,0,0,0,0,0,0,0,0,0,0,0,0,0,0,0,3.5902,0,0,0,0,0,0,0,0,0,0,0,0,0,10.7705,3.5902,0,0,0,0,0,0,0,0,0,0,0,0,7.1804,0,0,0,0,0,0,0,0,0,0,0,0,0,0,0,0,0,0,0,0,0,0,0,10.7706,0,0,0,0,0,7.1803,0,0,0,0,0,0,0,0,0,0,0,0,0,3.5902,0,0,0,14.3607,3.5902,3.5902,0,0,0,21.541,0,0,0,0,0,0,39.4919,0,0,0,0,7.1803,0,0,7.1803,0,0,0,3.5902,3.5902,0,0,0,0,0,0,0,0,14.3607,0,0,0,0,3.5902,0,0,0,0,0,0,0,0,0,0,0,0,0,0,0,0,0,0,0,0,0,0,0,0,0,0,0,0,0,0,0,0,3.5902,0,0,0,0,0,0,0,0,0,0,0
NRS,Port Hacking,PHB,34.1192,151.2267,PHB20141208,2014-12-08T22:51:00Z,2014-12-09T09:51:00Z,2014,12,9,9:51:00,97.5,20.9853,1.1942,35.5326,Neutral,2.956,NA,0,0,0,0,0,0,0,7.254,0,0,0,0,0,0,0,0,0,0,0,0,0,0,0,0,0,0,0,0,0,0,0,0,0,0,0,0,0,0,0,0,0,0,0,0,0,0,0,0,0,1.8135,0,0,0,1.8135,0,0,0,0,0,0,0,0,0,0,0,0,3.627,0,0,0,0,0,0,0,0,0,0,0,0,0,0,0,0,0,0,0,0,0,0,0,7.254,0,0,0,0,0,0,0,0,0,0,0,0,0,0,0,0,0,0,0,0,3.627,0,0,5.4405,5.4405,1.8135,0,0,0,9.0675,0,0,7.254,0,0,0,0,0,0,1.8135,0,3.627,0,0,10.881,0,0,0,0,0,0,0,0,0,0,0,0,0,1.8135,0,0,0,0,0,0,0,0,1.8135,0,0,0,0,0,0,0,0,0,0,0,0,0,0,0,0,0,0,0,0,0,0,0,0,0,0,0,0,0,0,0,0,0,0,0,1.8135,0,0,0,0
NRS,Port Hacking,PHB,34.1192,151.2267,PHB20150121,2015-01-21T22:48:00Z,2015-01-22T09:48:00Z,2015,1,22,9:48:00,100,19.7942,9.2311,35.3401,Neutral,4.5972,NA,0,0,0,0,0,0,0,11.7877,0,0,0,0,0,0,0,0,0,0,0,0,0,0,0,0,0,0,0,0,0,0,2.3575,0,0,0,0,0,0,0,0,0,2.3575,0,0,0,0,0,0,0,0,4.7151,0,0,0,0,0,0,0,0,0,0,0,0,0,0,0,0,4.7151,0,0,0,0,0,0,0,0,0,0,0,0,0,0,0,0,0,0,0,0,0,0,0,0,0,0,0,0,0,0,0,0,0,0,0,0,0,0,0,0,0,0,0,0,0,0,0,4.7151,2.3575,0,0,0,0,28.2905,0,0,2.3575,0,0,0,11.7877,4.7151,0,2.3575,0,7.0726,0,2.3575,7.0726,0,0,0,0,2.3575,0,0,0,0,0,0,0,0,7.0726,0,0,0,0,0,0,0,0,0,0,0,0,0,0,0,0,0,0,0,0,0,0,2.3575,0,2.3575,0,0,0,0,0,0,0,0,0,2.3575,0,0,0,0,0,0,0,0,0,0,0,0,0,0
NRS,Port Hacking,PHB,34.1192,151.2267,PHB20150225,2015-02-25T22:37:00Z,2015-02-26T09:37:00Z,2015,2,26,9:37:00,100,22.0811,1.0316,35.4913,Neutral,7.2671,NA,3.5363,0,0,0,0,0,0,0,0,14.1453,0,0,0,0,0,0,0,0,0,0,0,0,0,0,0,0,7.0726,0,0,0,0,0,0,0,0,0,0,0,7.0726,0,0,3.5363,0,0,0,0,0,7.0726,0,0,0,3.5363,3.5363,0,3.5363,0,0,0,0,0,0,0,0,0,0,0,0,0,0,0,0,0,0,0,0,0,0,0,0,0,0,0,0,0,0,0,0,0,0,0,7.0726,0,0,0,3.5363,0,3.5363,0,0,0,0,0,0,0,0,0,0,0,0,0,0,0,0,0,45.9721,3.5363,3.5363,0,0,0,7.0726,3.5363,0,0,0,0,0,14.1453,7.0726,0,7.0726,3.5363,3.5363,0,0,10.609,0,0,0,31.8268,0,0,0,0,0,0,0,3.5363,0,3.5363,0,0,0,0,7.0726,0,0,0,0,0,0,0,0,0,0,0,0,7.0726,0,0,0,0,0,0,0,0,0,0,0,0,0,0,0,0,0,0,0,3.5363,0,0,0,0,0,0,3.5363,0,0,0,0
NRS,Port Hacking,PHB,34.1192,151.2267,PHB20150330,2015-03-30T22:32:00Z,2015-03-31T09:32:00Z,2015,3,31,9:32:00,100,23.1657,0.356,35.6104,Neutral,4.8534,NA,0,0,0,0,0,0,0,3.5363,0,3.5363,0,0,0,0,0,0,0,0,0,0,0,0,0,0,0,0,0,0,0,0,0,0,0,0,0,0,0,0,0,0,0,0,0,0,0,0,3.5363,10.609,0,0,0,7.0726,0,0,0,0,0,0,0,0,0,0,3.5363,0,0,0,0,3.5363,0,0,0,0,0,0,0,0,0,0,0,0,0,0,0,0,0,0,0,0,0,0,28.2905,3.5363,0,0,0,0,3.5363,0,0,0,0,0,0,0,0,0,0,0,0,7.0726,3.5363,0,0,0,31.8268,0,0,0,0,0,7.0726,0,0,0,0,0,0,10.609,3.5363,0,3.5363,0,7.0726,0,0,0,0,0,7.0726,10.6089,3.5363,0,0,0,0,0,0,0,0,3.5363,0,0,0,0,0,0,0,0,0,0,0,0,0,0,0,0,0,0,0,0,0,0,0,0,0,0,0,0,0,0,0,0,0,0,0,0,0,0,0,0,0,0,0,0,0,0,0,0,0
NRS,Port Hacking,PHB,34.1192,151.2267,PHB20150518,2015-05-18T23:43:00Z,2015-05-19T09:43:00Z,2015,5,19,9:43:00,100,19.4558,4.5644,35.2462,El Nino,4.8094,NA,10.6089,0,0,0,0,0,0,0,0,0,0,0,0,0,0,0,0,0,0,0,0,0,0,0,0,0,0,0,0,0,0,0,0,0,0,0,0,0,0,0,0,0,0,0,0,0,0,14.1453,0,3.5363,0,0,0,3.5363,7.0726,0,3.5363,0,0,0,0,0,0,0,0,0,17.6816,0,0,0,0,0,3.5363,0,0,14.1453,0,0,0,0,0,0,0,0,0,0,0,0,0,0,3.5363,0,0,0,0,0,3.5363,0,0,0,0,0,0,0,0,0,0,0,0,28.2905,0,0,0,0,42.4358,3.5363,0,0,0,0,7.0726,0,0,0,0,0,0,21.2179,7.0726,0,0,0,7.0726,0,10.609,7.0726,0,0,0,3.5363,14.1453,0,0,0,0,0,0,0,0,10.6089,0,0,0,0,17.6816,0,0,0,0,0,0,0,0,0,0,0,0,0,0,0,0,0,0,0,0,0,0,0,0,0,0,0,0,0,0,0,0,45.9722,0,0,0,0,0,0,0,0,0,0,0
NRS,Port Hacking,PHB,34.1192,151.2267,PHB20150630,2015-06-30T01:11:00Z,2015-06-30T11:11:00Z,2015,6,30,11:11:00,100,19.6111,2.9968,35.6076,El Nino,2.9564,NA,0,0,0,0,0,0,0,0,0,0,0,0,0,0,0,0,0,0,0,0,0,0,0,0,0,0,0,0,0,0,0,0,0,0,0,0,0,0,0,0,0,3.5363,0,0,3.5363,0,3.5363,24.7542,0,0,0,0,0,3.5363,0,0,0,0,0,0,0,0,0,0,0,0,0,14.1453,0,0,0,0,0,0,0,3.5363,0,0,0,0,0,0,0,0,0,0,0,0,0,0,21.2179,3.5363,0,0,0,0,0,0,0,0,0,0,0,0,0,0,0,0,0,0,0,0,0,0,7.0726,0,0,0,0,0,7.0726,0,0,3.5363,0,0,0,0,0,0,3.5363,0,10.609,0,0,3.5363,0,0,0,10.609,0,0,0,0,0,0,0,10.609,0,3.5363,0,0,0,0,10.6089,0,0,0,0,0,0,0,0,0,0,0,0,0,0,0,0,0,0,0,0,0,0,0,0,0,0,0,0,0,0,0,0,0,0,0,0,0,0,0,0,0,0,0,0
NRS,Port Hacking,PHB,34.1192,151.2267,PHB20150723,2015-07-23T00:07:00Z,2015-07-23T10:07:00Z,2015,7,23,10:07:00,98,17.5986,2.7193,35.6044,El Nino,3.641,NA,3.6085,0,0,0,0,0,0,3.6085,0,0,0,0,0,0,0,0,0,0,0,0,0,0,0,0,0,0,0,0,0,0,0,0,0,0,0,0,0,0,0,0,0,0,0,0,0,0,0,0,0,0,0,0,0,10.8255,0,0,0,0,0,0,0,0,0,0,0,0,0,3.6085,0,0,0,0,0,0,3.6085,3.6085,0,0,0,0,0,0,0,0,0,0,0,0,0,0,25.2594,0,0,0,0,0,0,0,0,0,0,0,0,0,0,0,0,0,0,0,0,0,0,0,25.2595,0,0,0,0,0,3.6085,0,0,0,0,0,3.6085,14.434,3.6085,0,0,0,3.6085,0,3.6085,3.6085,0,0,0,0,0,0,0,0,0,0,0,0,0,3.6085,0,0,0,0,3.6085,0,0,0,0,0,0,0,0,0,0,0,0,0,0,0,0,0,0,0,0,0,0,0,0,0,0,0,0,0,0,0,0,7.217,0,0,0,0,0,0,0,0,0,0,0
NRS,Port Hacking,PHB,34.1192,151.2267,PHB20150819,2015-08-19T00:03:00Z,2015-08-19T10:03:00Z,2015,8,19,10:03:00,100,18.8424,2.1511,35.6566,El Nino,4.9119,NA,0,0,0,0,0,0,0,0,0,0,0,0,0,0,0,0,0,0,0,0,0,0,0,0,0,0,0,0,0,0,0,0,0,0,0,0,0,0,3.5364,0,0,0,0,0,0,0,0,0,0,0,0,0,0,0,0,0,0,0,0,0,0,0,0,0,0,0,0,0,0,0,0,0,0,0,0,0,0,0,0,0,0,0,0,0,0,0,0,0,0,0,40.6677,0,0,0,0,0,0,0,0,0,0,0,0,0,0,0,0,0,0,0,0,0,0,0,1.7682,0,0,0,0,0,0,0,0,0,0,0,0,1.7682,0,0,3.5363,0,0,0,0,0,0,0,0,5.3045,0,0,0,0,0,0,0,1.7682,0,8.8408,0,0,0,0,5.3045,0,0,0,1.7682,0,0,0,0,0,0,0,0,0,0,0,0,0,0,0,0,0,0,0,0,0,0,0,0,0,0,0,0,3.5364,0,0,0,0,0,0,0,0,0,0,0
NRS,Port Hacking,PHB,34.1192,151.2267,PHB20151013,2015-10-13T22:42:00Z,2015-10-14T09:42:00Z,2015,10,14,9:42:00,100,20.7646,1.6356,35.6438,El Nino,3.8546,NA,10.6089,0,0,0,0,0,0,0,0,0,0,0,0,0,0,0,0,0,0,0,0,0,0,0,0,0,0,0,0,0,0,0,0,0,0,0,0,0,0,0,0,0,0,0,0,0,0,3.5363,0,0,0,0,0,0,3.5363,0,0,0,0,0,0,0,0,0,0,0,0,3.5363,0,0,0,0,0,0,0,0,0,0,0,0,0,0,0,0,0,0,0,0,0,0,31.8269,0,0,0,0,0,0,0,0,0,0,0,0,0,0,0,0,0,0,0,3.5363,0,0,0,0,0,3.5363,0,0,0,14.1453,0,0,0,0,0,0,14.1453,0,0,0,0,0,0,0,3.5363,0,0,0,0,0,0,0,0,0,0,0,0,0,3.5363,0,0,0,0,3.5363,0,0,0,0,0,0,0,0,0,0,0,0,0,0,0,0,0,0,0,0,0,0,0,0,0,0,0,0,0,0,0,0,7.0726,0,0,0,0,0,0,0,0,0,0,0
NRS,Port Hacking,PHB,34.1192,151.2267,PHB20151115,2015-11-15T22:33:00Z,2015-11-16T09:33:00Z,2015,11,16,9:33:00,100,20.0705,1.6271,35.4466,El Nino,8.1441,NA,1.7682,0,0,0,0,0,0,1.7682,0,1.7682,0,0,0,0,0,0,0,0,0,0,0,0,0,0,0,0,0,0,0,0,0,0,0,0,0,0,0,0,0,0,0,0,0,0,0,0,0,0,0,1.7682,0,1.7682,0,0,0,0,0,0,0,0,0,0,0,0,0,0,0,0,0,0,0,0,0,0,0,0,0,0,0,0,0,0,0,0,0,0,0,0,0,0,0,0,0,0,0,0,0,0,0,0,0,0,0,0,0,0,0,1.7682,0,0,0,0,0,0,1.7682,0,1.7682,0,0,0,0,0,0,3.5363,0,0,0,7.0726,3.5363,0,0,0,3.5363,1.7682,0,0,0,0,0,1.7682,0,0,0,0,0,0,0,7.0727,0,1.7682,0,0,0,0,0,0,0,0,0,0,0,0,0,0,0,0,0,0,0,0,0,0,0,0,0,0,0,0,0,0,0,0,0,0,0,0,0,0,0,0,0,0,0,0,0,1.7682,0,0,0
NRS,Port Hacking,PHB,34.1192,151.2267,PHB20160201,2016-02-01T23:52:00Z,2016-02-02T10:52:00Z,2016,2,2,10:52:00,100,22.322791666666667,1.2690583333333334,35.30231666666667,El Nino,7.6208,NA,3.5363,0,0,0,0,0,0,7.0726,0,0,0,0,0,0,0,0,0,0,0,0,0,0,0,0,0,0,0,3.5363,0,0,0,0,0,0,0,0,0,0,0,0,0,0,0,0,3.5363,0,0,3.5363,0,0,0,0,7.0726,0,3.5363,0,0,0,0,0,0,0,0,0,0,0,7.0726,3.5363,0,0,0,0,0,0,0,0,0,0,0,0,0,0,0,0,0,0,0,0,0,0,10.609,0,0,0,0,0,0,0,0,0,0,0,0,0,0,0,0,0,0,21.218,0,0,0,0,35.3632,0,3.5363,0,0,0,7.0726,0,0,0,0,0,0,42.4358,3.5363,0,0,0,3.5363,0,3.5363,3.5363,0,0,3.5363,7.0726,0,0,0,0,0,3.5363,0,7.0726,0,7.0726,0,0,0,0,7.0726,0,0,0,0,0,0,0,0,0,0,0,0,0,0,0,0,0,0,0,0,0,0,3.5363,0,0,0,0,0,0,0,0,0,42.4358,0,0,0,0,3.5363,0,0,0,0,0,0
NRS,Port Hacking,PHB,34.1192,151.2267,PHB20160229,2016-02-29T22:00:00Z,2016-03-01T09:00:00Z,2016,3,1,9:00:00,100,22.4581,1.2576,35.4617,El Nino,11.2243,NA,0,0,7.0726,0,0,0,0,0,0,3.5363,0,0,0,0,0,0,0,0,0,0,0,0,0,0,0,0,0,0,0,0,0,0,0,0,0,0,0,0,0,0,0,3.5363,0,0,3.5363,0,0,3.5363,0,0,0,0,0,0,10.609,0,0,0,0,0,0,3.5363,0,0,0,0,0,0,0,0,3.5363,0,0,0,0,0,0,0,0,0,0,0,0,0,0,0,0,0,0,0,17.6816,0,0,0,0,0,0,0,0,0,0,0,0,0,0,0,0,3.5363,0,0,3.5363,0,0,0,28.2905,0,0,0,0,0,0,0,0,0,0,0,0,74.2627,14.1453,0,0,0,0,0,0,7.0726,0,0,0,3.5363,14.1453,3.5363,0,0,0,0,3.5363,10.609,0,10.609,0,0,0,0,0,0,0,0,0,0,0,0,0,0,0,0,0,0,0,0,0,0,0,0,0,0,0,0,0,0,0,0,0,0,0,0,0,91.9442,0,0,0,0,0,0,0,0,0,0,0
NRS,Port Hacking,PHB,34.1192,151.2267,PHB20160407,2016-04-07T23:13:00Z,2016-04-08T09:13:00Z,2016,4,8,9:13:00,100,22.291,3.3676,35.6717,El Nino,6.2345,NA,5.8939,0,0,0,0,0,0,0,0,5.8939,0,0,0,0,0,5.8939,0,0,0,0,0,0,0,0,0,0,0,0,0,0,0,0,0,0,0,0,0,0,0,0,0,0,0,0,11.7877,0,5.8939,0,0,0,0,0,0,5.8939,0,0,0,0,0,0,0,0,5.8939,0,0,0,17.6816,0,0,0,0,0,0,0,0,0,0,0,0,0,0,0,0,0,0,0,0,0,0,0,17.6816,0,0,0,0,0,0,0,0,0,0,0,0,0,0,0,0,5.8939,0,0,11.7877,0,0,0,47.1509,0,5.8939,0,0,0,11.7877,0,0,0,0,0,0,23.5755,5.8939,0,0,0,11.7877,0,0,11.7877,0,0,5.8939,0,0,0,0,0,0,0,0,5.8939,0,5.8939,0,0,0,0,5.8939,0,0,0,0,0,0,0,0,0,0,0,0,0,0,0,0,0,0,0,0,0,0,0,0,0,5.8939,0,0,0,0,0,0,5.8939,0,0,0,0,0,5.8939,0,0,0,0,0
NRS,Port Hacking,PHB,34.1192,151.2267,PHB20160502,2016-05-02T23:14:00Z,2016-05-03T09:14:00Z,2016,5,3,9:14:00,100,20.69739090909091,2.42829,35.42821818181818,El Nino,3.8899,NA,0,0,0,3.5363,0,0,0,0,0,0,0,0,0,0,0,0,0,0,0,0,0,0,0,0,0,0,0,0,0,0,0,0,0,0,0,0,0,0,3.5363,0,0,0,0,0,24.7542,0,0,17.6816,0,14.1453,0,0,0,0,0,0,0,0,0,0,0,0,0,0,0,0,0,0,0,0,0,0,0,0,0,0,0,0,0,0,0,0,0,0,0,0,0,0,0,0,3.5363,0,0,0,3.5363,0,0,0,0,0,0,0,0,0,0,0,0,0,0,3.5363,7.0726,0,0,0,3.5363,0,0,0,0,0,10.609,0,0,0,0,0,0,14.1453,7.0726,0,0,0,0,0,3.5363,3.5363,0,0,0,0,0,0,0,0,0,0,0,7.0726,0,17.6816,0,0,0,0,0,0,3.5363,0,0,0,0,0,0,0,0,0,0,0,0,0,0,0,0,0,0,0,0,0,0,0,0,0,0,0,0,0,7.0726,3.5363,0,0,0,0,0,0,0,0,0,0,3.5363
NRS,Port Hacking,PHB,34.1192,151.2267,PHB20160615,2016-06-15T01:06:00Z,2016-06-15T11:06:00Z,2016,6,15,11:06:00,100,19.60371,2.19639,35.52581,Neutral,3.7591,NA,0,0,0,0,0,0,0,0,0,0,0,0,0,0,3.5363,0,0,0,7.0726,0,0,0,0,0,0,0,0,0,0,0,0,0,0,0,0,0,0,0,3.5363,0,0,0,0,0,0,0,0,14.1453,0,0,0,0,0,0,0,0,0,0,0,0,0,0,0,0,0,0,0,3.5363,0,7.0726,0,0,0,0,0,0,0,0,0,0,0,0,0,0,0,0,0,0,0,0,10.609,0,0,0,0,0,3.5363,0,0,0,0,0,0,0,0,0,0,3.5363,0,0,3.5363,0,0,0,31.8269,0,0,0,0,0,0,0,0,0,0,0,0,7.0726,7.0726,0,0,0,0,0,7.0726,7.0726,0,0,0,0,3.5363,0,0,0,0,0,0,14.1453,0,3.5363,0,0,0,0,0,0,0,0,0,0,0,0,0,0,0,0,0,0,0,0,0,0,0,0,0,0,0,0,0,0,0,0,0,0,0,0,0,21.2179,0,0,0,0,0,0,0,0,0,0,0
NRS,Port Hacking,PHB,34.1192,151.2267,PHB20160719,2016-07-19T00:19:00Z,2016-07-19T10:19:00Z,2016,7,19,10:19:00,100,18.284300000000002,2.2179,35.6612,La Nina,6.1709,NA,0,0,0,0,0,0,0,0,0,0,0,0,0,0,0,0,0,0,0,0,0,0,0,0,0,0,3.5363,0,0,0,0,0,0,0,0,0,0,0,0,0,0,0,0,0,3.5363,0,0,7.0726,0,0,0,0,0,0,0,0,0,0,0,0,0,0,0,0,0,0,10.609,10.609,0,0,0,0,0,0,0,0,0,0,0,0,0,0,0,0,0,0,0,0,0,0,3.5363,0,0,0,3.5363,0,3.5363,0,0,0,0,0,0,0,0,0,0,0,0,0,0,0,0,0,17.6816,0,0,0,0,0,0,10.609,0,0,0,0,0,3.5363,0,0,0,0,10.609,0,17.6816,7.0726,0,0,3.5363,3.5363,0,0,0,0,0,0,0,7.0726,0,14.1453,0,0,0,0,3.5363,0,0,0,0,0,0,0,0,0,0,0,0,0,0,0,0,0,0,0,0,0,0,0,0,0,0,0,0,0,0,0,0,0,0,0,0,0,0,0,0,0,0,0,0
NRS,Port Hacking,PHB,34.1192,151.2267,PHB20160829,2016-08-29T23:20:00Z,2016-08-30T09:20:00Z,2016,8,30,9:20:00,100,18.1166,2.3795,35.669,Neutral,9.3995,NA,0,0,0,0,0,0,0,0,3.5363,0,0,0,0,0,0,0,0,0,0,7.0726,0,0,0,0,0,0,7.0726,0,0,0,0,0,0,0,0,0,0,0,0,0,0,0,0,0,3.5363,0,3.5363,0,0,7.0726,0,0,0,0,0,0,0,0,0,0,0,0,0,0,0,0,3.5363,7.0726,0,0,0,0,0,0,0,0,0,0,0,0,0,0,0,0,0,0,0,0,0,0,134.3801,0,3.5363,0,0,0,0,0,0,0,0,0,0,0,0,0,0,0,0,3.5363,0,0,0,0,7.0726,0,3.5363,0,0,0,7.0726,3.5363,0,0,0,0,0,28.2905,7.0726,0,0,0,10.609,3.5363,3.5363,0,0,0,3.5363,7.0726,0,3.5363,0,0,0,0,0,3.5363,0,17.6816,0,0,0,0,3.5363,0,0,0,0,0,0,0,0,0,0,0,0,3.5363,0,0,0,0,0,0,0,0,0,0,0,0,0,0,0,0,0,0,0,10.6089,0,0,0,0,0,0,0,0,0,0,0
NRS,Port Hacking,PHB,34.1192,151.2267,PHB20160926,2016-09-26T23:54:00Z,2016-09-27T09:54:00Z,2016,9,27,9:54:00,100,21.1429,0.9691,35.7149,Neutral,10.6868,NA,0,0,0,0,0,0,0,21.2179,0,0,0,0,0,0,0,0,0,0,0,0,0,0,0,0,0,0,3.5363,0,0,0,0,0,0,0,0,0,0,0,0,0,0,0,0,0,0,0,0,0,0,3.5363,0,0,0,0,0,0,0,0,0,0,0,0,0,0,0,0,3.5363,0,0,0,0,0,0,0,0,0,0,0,0,0,0,0,0,0,0,0,0,0,0,0,60.1174,0,3.5363,0,0,0,0,0,0,0,0,0,0,0,0,0,0,0,0,0,0,0,0,0,7.0726,0,0,0,0,0,7.0726,0,0,3.5363,0,0,0,14.1453,3.5363,0,3.5363,3.5363,7.0726,0,7.0726,7.0726,0,0,7.0726,0,0,0,0,0,0,0,0,10.609,0,28.2905,0,0,0,0,7.0726,0,0,0,0,0,0,0,0,0,0,0,0,3.5363,0,0,0,0,0,0,0,0,0,0,0,0,0,0,0,0,0,0,0,21.2179,0,0,0,0,0,0,0,0,0,0,0
NRS,Port Hacking,PHB,34.1192,151.2267,PHB20161030,2016-10-30T22:35:00Z,2016-10-31T09:35:00Z,2016,10,31,9:35:00,100,19.017363636363637,2.848811111111111,35.5226,Neutral,8.9115,NA,0,0,0,0,0,0,0,0,0,0,0,0,0,0,0,0,0,0,0,0,0,0,0,0,0,0,0,0,0,0,0,0,0,0,0,0,0,0,0,0,0,0,0,0,0,0,0,0,0,0,0,0,1.7682,0,0,0,0,0,0,0,0,0,0,0,0,0,3.5364,0,0,0,0,0,0,0,0,0,0,0,0,0,0,0,0,0,0,0,0,0,0,0,17.6816,0,0,0,0,0,0,0,0,0,0,0,0,0,0,0,0,0,0,0,1.7682,0,0,0,10.609,0,0,0,0,0,3.5363,0,0,0,0,0,0,21.2179,0,0,5.3045,0,0,0,0,1.7682,0,0,0,0,1.7682,0,0,0,0,0,0,0,0,3.5364,0,0,0,0,0,0,0,0,0,0,0,0,0,0,0,0,0,0,0,0,0,0,0,0,0,0,0,0,0,0,0,0,0,0,0,0,0,0,0,0,0,0,0,0,1.7682,0,0,0,0
NRS,Port Hacking,PHB,34.1192,151.2267,PHB20161204,2016-12-04T22:45:00Z,2016-12-05T09:45:00Z,2016,12,5,9:45:00,100,21.7928,1.4972,35.6357,Neutral,16.9213,NA,0,0,0,1.7682,0,0,0,3.5363,0,0,0,0,0,0,0,0,0,0,0,0,0,0,0,0,0,0,0,0,0,0,0,0,0,0,0,0,0,0,0,0,0,0,0,0,0,0,0,1.7682,0,3.5363,0,0,0,0,0,0,0,0,0,0,0,0,0,0,0,0,7.0727,0,1.7682,0,0,0,0,0,0,0,0,0,0,0,0,0,0,0,0,0,0,0,0,0,1.7682,0,0,0,0,0,0,0,0,0,0,0,0,0,0,0,0,0,0,0,0,0,0,0,1.7682,3.5364,0,0,0,0,30.0587,0,0,0,0,0,0,5.3045,3.5363,0,0,19.4497,0,0,0,1.7682,0,0,0,0,0,0,0,0,0,0,0,0,0,0,0,0,0,0,0,0,0,0,1.7682,0,0,0,0,0,0,0,0,0,0,0,0,0,0,0,0,0,0,0,0,0,0,0,0,0,0,0,0,0,0,0,0,0,0,0,1.7682,0,0,0,0
NRS,Port Hacking,PHB,34.1192,151.2267,PHB20170205,2017-02-05T23:49:00Z,2017-02-06T10:49:00Z,2017,2,6,10:49:00,100,22.8565,1.418,35.6176,Neutral,8.8691,NA,0,0,0,0,0,0,0,0,0,0,0,0,0,0,0,0,0,0,0,0,0,0,0,0,0,0,0,3.5363,0,0,0,0,0,0,0,0,0,0,0,0,3.5363,3.5363,0,0,0,0,0,0,0,10.609,0,0,0,0,0,0,0,0,0,0,0,0,0,0,0,0,0,0,0,0,0,0,0,0,0,0,0,0,0,0,0,0,0,0,0,0,0,0,0,0,0,0,0,0,0,0,0,0,0,0,0,0,0,0,0,0,0,0,0,0,0,0,0,0,10.6089,0,3.5363,0,0,0,28.2905,0,0,0,0,0,0,49.5085,0,0,0,7.0726,7.0726,3.5363,0,28.2905,0,0,0,7.0726,3.5363,0,0,0,0,0,0,3.5363,0,10.6089,0,0,0,0,0,0,0,0,0,0,0,0,0,0,0,0,0,0,0,0,0,0,0,0,0,0,0,0,0,0,0,0,0,0,0,0,0,7.0726,0,0,0,0,0,0,7.0726,0,0,0,0
NRS,Port Hacking,PHB,34.1192,151.2267,PHB20170321,2017-03-21T22:21:00Z,2017-03-22T09:21:00Z,2017,3,22,9:21:00,103,22.5387,0.0981,35.4842,Neutral,6.4043,NA,0,0,0,0,0,0,0,0,0,7.0726,0,0,0,0,0,0,0,0,0,0,0,0,0,0,0,0,0,0,0,0,7.0726,0,7.0726,0,0,0,0,0,7.0726,0,0,0,0,0,21.2179,0,7.0726,21.2179,0,14.1453,0,0,7.0726,0,0,0,0,0,0,0,0,0,0,0,0,0,7.0726,0,0,0,0,0,0,0,0,7.0726,0,0,0,0,0,0,0,0,0,0,0,0,0,0,28.2905,0,0,0,0,0,0,0,0,0,0,0,0,0,0,0,0,0,0,21.2179,14.1453,0,0,0,42.4358,0,0,0,0,0,14.1453,0,0,0,0,0,0,14.1453,14.1453,0,0,0,21.2179,7.0726,0,21.2179,0,0,0,28.2905,0,0,7.0726,7.0726,0,0,0,28.2905,0,7.0726,0,0,0,0,0,0,0,0,0,0,0,0,0,0,0,0,0,0,0,0,0,0,0,0,0,0,0,0,0,0,0,0,0,0,0,0,7.0726,7.0726,0,0,0,0,0,0,7.0726,0,0,0,0
NRS,Port Hacking,PHB,34.1192,151.2267,PHB20170419,2017-04-19T00:00:00Z,2017-04-19T10:00:00Z,2017,4,19,10:00:00,100,23.9103,0.2314,35.6784,Neutral,9.1272,NA,0,0,0,0,0,0,0,14.1453,0,0,0,0,0,0,0,0,0,0,0,0,0,0,0,0,0,0,0,0,0,0,7.0726,0,0,0,0,0,0,0,0,0,0,7.0726,0,0,0,0,0,14.1453,0,0,0,0,0,0,7.0726,0,0,0,0,0,0,0,0,0,0,0,0,0,0,0,0,0,0,0,0,7.0726,0,0,0,0,0,0,0,0,0,0,0,0,0,0,49.5084,0,0,0,0,0,0,0,0,0,0,0,0,0,0,0,7.0726,0,0,7.0726,7.0726,0,0,0,70.7264,0,0,0,0,0,0,0,0,7.0726,0,0,0,0,7.0726,0,0,7.0726,14.1453,0,0,7.0726,0,0,0,21.2179,0,0,0,0,0,0,0,14.1453,0,0,0,0,0,0,21.2179,0,0,0,0,0,0,0,0,0,0,0,0,0,0,0,0,0,0,0,0,0,0,0,0,0,0,0,0,0,0,0,0,35.3631,0,0,0,0,0,0,0,0,0,0,0
NRS,Port Hacking,PHB,34.1192,151.2267,PHB20170517,2017-05-17T23:45:00Z,2017-05-18T09:45:00Z,2017,5,18,9:45:00,100,20.69739090909091,2.42829,35.42821818181818,Neutral,5.2726,NA,0,0,7.0726,0,0,0,0,0,0,0,0,0,0,0,0,0,0,0,0,0,0,0,0,0,0,0,7.0726,0,0,0,0,0,0,0,0,0,0,0,0,0,0,0,0,0,21.2179,0,0,7.0726,0,7.0726,0,0,0,0,0,0,0,0,0,0,0,0,0,0,7.0726,0,0,14.1453,0,0,0,0,0,0,0,0,0,0,0,0,0,0,0,0,0,0,0,0,0,0,0,0,0,0,0,0,0,0,0,0,0,0,0,0,0,0,0,0,0,21.2179,7.0726,0,0,0,0,0,0,0,0,0,0,0,0,0,0,0,0,0,14.1453,0,7.0726,14.1453,42.4358,0,0,14.1453,0,0,0,7.0726,0,0,0,0,0,0,0,7.0726,0,14.1453,0,0,0,7.0726,28.2905,0,0,0,0,0,0,0,0,0,0,0,0,0,0,0,0,0,0,0,0,0,0,0,0,0,0,0,0,0,0,0,0,14.1453,0,0,0,0,0,0,0,0,0,0,0
NRS,Port Hacking,PHB,34.1192,151.2267,PHB20170614,2017-06-14T22:52:00Z,2017-06-15T08:52:00Z,2017,6,15,8:52:00,100,19.0027,2.933,35.733,La Nina,6.0931,NA,0,0,0,0,0,0,0,0,0,0,0,0,0,0,0,0,0,0,0,0,0,0,0,0,0,0,7.0726,0,0,0,0,0,0,0,0,0,0,0,7.0726,0,0,0,0,0,7.0726,0,0,35.3632,0,0,0,0,7.0726,14.1453,7.0726,0,0,0,0,0,0,0,0,0,0,0,0,7.0726,0,0,0,0,0,0,0,0,14.1453,0,0,0,0,0,0,0,0,0,0,0,0,0,14.1452,0,7.0726,0,0,0,0,0,0,0,0,0,0,0,0,0,0,0,0,7.0726,7.0726,0,0,0,91.9443,0,0,0,0,0,21.2179,0,0,0,0,0,0,35.3632,0,0,0,14.1453,0,0,0,0,0,0,0,7.0726,14.1453,0,0,0,0,0,0,7.0726,0,14.1452,0,0,0,0,7.0726,7.0726,0,0,0,0,0,0,0,0,0,0,0,0,0,0,0,0,0,0,0,0,0,0,0,0,0,0,0,0,0,0,0,91.9443,0,0,0,0,7.0726,14.1453,14.1453,0,0,7.0726,0
NRS,Port Hacking,PHB,34.1192,151.2267,PHB20170716,2017-07-16T23:42:00Z,2017-07-17T09:42:00Z,2017,7,17,9:42:00,100,19.0403,2.2877,35.694,La Nina,5.8066,NA,0,0,0,0,0,0,0,0,0,0,0,0,0,0,0,0,0,0,0,0,0,0,0,0,0,0,0,0,0,0,0,0,0,0,0,0,0,0,0,0,0,0,0,0,0,0,0,14.1453,0,0,0,0,0,0,0,0,0,0,0,0,0,0,0,0,0,0,9.4302,0,0,0,0,0,0,0,0,0,0,0,0,0,0,0,0,0,0,0,0,0,0,0,37.7208,0,0,4.7151,0,0,0,0,0,0,0,0,0,0,0,0,0,0,0,0,0,0,0,0,0,33.0056,0,0,0,0,14.1453,0,0,0,0,0,0,28.2905,14.1453,0,4.7151,9.4302,18.8604,0,4.7151,4.7151,0,0,0,9.4302,0,0,0,0,0,0,0,4.7151,0,9.4302,0,0,0,0,9.4302,0,0,0,0,0,0,0,0,0,0,0,0,0,0,0,0,0,0,0,0,0,0,0,0,9.4302,0,0,0,0,0,0,0,0,0,0,0,0,0,0,0,0,0,0,0
NRS,Port Hacking,PHB,34.1192,151.2267,PHB20170821,2017-08-21T23:50:00Z,2017-08-22T09:50:00Z,2017,8,22,9:50:00,100,17.740566666666666,2.236375,35.51394166666667,La Nina,13.636,NA,0,0,3.5363,0,0,0,0,3.5363,0,0,0,0,0,7.0726,0,0,0,0,0,0,0,0,0,0,0,0,0,0,0,0,0,0,0,0,0,0,0,0,0,0,0,0,0,0,3.5363,0,0,7.0726,0,0,3.5363,0,3.5363,0,0,0,0,3.5363,0,0,0,0,0,0,0,0,0,3.5363,0,3.5363,0,0,0,0,0,0,0,0,0,0,0,0,0,0,0,0,0,0,0,0,7.0726,0,0,3.5363,0,0,0,0,0,0,0,0,0,0,0,0,0,0,0,0,7.0726,0,0,0,3.5363,0,0,0,0,0,0,0,0,0,0,0,0,42.4358,10.609,0,0,0,0,0,7.0726,10.609,0,0,3.5363,10.6089,0,0,0,0,0,0,0,3.5363,0,21.2179,0,0,0,0,14.1453,0,0,0,0,0,0,0,0,0,0,0,0,0,0,0,0,0,0,0,0,0,0,0,0,0,0,0,0,0,0,0,0,0,0,0,0,0,0,0,0,0,0,0,0
NRS,Port Hacking,PHB,34.1192,151.2267,PHB20170921,2017-09-21T22:48:00Z,2017-09-22T08:48:00Z,2017,9,22,8:48:00,100,17.0339,2.9703,35.6082,La Nina,16.7975,NA,0,0,0,0,0,0,0,3.5363,0,0,0,0,0,0,0,0,0,0,0,0,0,0,0,0,0,0,0,0,0,0,0,0,0,0,0,0,0,0,1.7682,0,0,0,0,0,0,0,0,1.7682,0,1.7682,0,0,0,0,1.7682,0,0,0,0,0,0,0,0,0,0,0,5.3045,0,0,0,0,0,0,0,0,0,0,0,0,0,0,0,0,0,0,0,0,0,0,0,15.9135,0,0,0,0,0,0,0,0,0,0,0,0,0,0,0,0,0,0,0,0,0,0,0,3.5363,0,0,0,0,0,1.7682,0,0,0,0,0,0,0,0,0,1.7682,0,1.7682,0,0,7.0726,0,0,0,0,0,0,0,0,0,0,0,0,0,10.6089,0,0,0,0,0,0,0,0,0,0,0,0,0,0,0,0,0,0,0,0,0,0,0,0,0,0,0,0,0,0,0,0,0,0,0,0,0,3.5363,0,0,0,0,0,0,0,0,0,0,0
NRS,Port Hacking,PHB,34.1192,151.2267,PHB20171024,2017-10-24T22:01:00Z,2017-10-25T09:01:00Z,2017,10,25,9:01:00,100,18.2605,2.848811111111111,35.4983,La Nina,8.1972,NA,0,0,0,0,0,0,0,42.4358,0,0,0,0,0,0,0,0,0,0,0,0,0,0,0,0,0,0,0,0,0,0,1.7682,0,0,0,0,0,0,0,0,0,0,0,0,0,1.7682,0,0,0,0,1.7682,0,0,0,0,3.5363,0,0,0,0,0,0,0,0,0,0,0,3.5364,0,0,0,0,0,0,0,0,0,0,0,0,0,0,0,0,0,0,0,0,0,0,0,0,0,0,0,0,0,0,0,0,0,0,0,0,0,0,0,0,0,0,0,0,0,0,0,0,1.7682,0,0,0,0,1.7682,0,0,0,0,0,0,0,0,0,0,0,0,1.7682,0,0,0,0,0,0,0,0,0,0,0,0,0,0,0,1.7682,0,0,0,0,0,0,0,0,0,0,0,0,0,0,0,0,0,0,0,0,0,0,0,1.7682,0,0,0,0,0,0,0,0,0,0,0,0,0,0,0,0,0,0,0,0,0,0,0,0,0
NRS,Port Hacking,PHB,34.1192,151.2267,PHB20171211,2017-12-11T21:54:00Z,2017-12-12T08:54:00Z,2017,12,12,8:54:00,100,21.1016,0.2471,35.6242,La Nina,23.9692,NA,7.217,0,14.434,0,0,0,0,0,0,0,0,0,0,0,0,0,0,0,0,0,0,0,0,0,0,0,7.217,0,0,0,0,0,0,0,0,0,0,0,7.217,0,0,0,0,0,7.217,0,0,0,0,7.217,0,0,0,7.217,0,0,0,0,0,0,0,0,7.217,0,0,0,7.217,0,0,0,0,0,0,0,0,0,0,0,0,0,0,0,0,0,0,0,0,0,0,0,0,0,0,0,7.217,0,0,0,0,0,0,0,0,0,0,0,0,0,0,0,0,0,0,0,21.6509,0,0,0,0,0,36.0849,0,0,0,0,0,0,7.217,0,0,0,0,0,0,0,0,0,0,0,0,0,0,0,0,0,0,0,0,0,14.434,0,0,0,0,0,0,0,0,0,0,0,0,0,0,0,0,0,0,0,0,0,0,0,0,0,0,0,0,0,0,0,0,0,0,0,0,0,7.217,0,0,0,0,7.217,0,0,0,0,0,0
NRS,Port Hacking,PHB,34.1192,151.2267,PHB20180123,2018-01-23T22:41:00Z,2018-01-24T09:41:00Z,2018,1,24,9:41:00,100,21.4717,0.9355,35.6438,La Nina,16.6631,NA,7.0726,0,0,0,0,0,0,0,0,0,0,0,0,0,0,0,0,0,0,0,0,0,0,0,0,0,0,0,0,0,0,0,0,0,0,0,0,0,0,0,0,0,0,0,0,0,0,7.0726,0,7.0726,0,0,0,0,0,0,0,0,7.0726,0,0,7.0726,0,0,0,0,0,0,0,0,0,0,0,0,0,0,0,0,0,0,0,0,0,0,0,0,0,0,0,0,7.0726,0,0,0,0,0,0,0,0,0,0,0,0,0,0,0,0,0,0,0,0,0,0,0,0,7.0726,0,0,0,0,28.2905,0,0,0,0,0,0,35.3632,0,0,0,0,0,0,0,14.1453,0,0,0,49.5084,7.0726,0,0,0,0,0,0,0,0,14.1453,0,0,0,0,0,0,0,0,0,0,0,0,0,0,0,0,0,0,0,0,0,0,0,0,0,0,0,0,0,0,0,0,0,7.0726,0,0,21.2179,0,0,0,0,0,0,0,0,0,0,0,0
NRS,Port Hacking,PHB,34.1192,151.2267,PHB20180221,2018-02-21T22:18:00Z,2018-02-22T09:18:00Z,2018,2,22,9:18:00,100,22.9935,0.6662,35.6584,La Nina,17.3598,NA,0,0,0,0,0,0,0,0,0,0,0,0,0,0,0,0,0,0,0,0,0,0,0,0,0,0,7.0726,7.0726,0,0,0,0,0,0,0,0,0,0,0,0,7.0726,0,0,0,0,0,0,0,0,21.2179,0,0,0,0,7.0726,0,0,0,0,0,0,0,0,0,0,0,0,0,0,0,0,0,0,0,0,0,0,0,0,0,0,0,0,0,0,0,0,0,0,0,7.0726,0,0,0,0,0,7.0726,0,0,0,0,0,0,0,0,0,0,0,0,0,0,7.0726,0,0,28.2905,14.1453,0,0,0,0,56.5811,0,0,0,0,0,0,21.2179,7.0726,0,0,7.0726,7.0726,0,0,7.0726,0,0,0,7.0726,14.1453,0,0,0,0,0,0,14.1452,0,7.0726,0,0,0,0,14.1452,0,0,0,0,0,0,0,0,0,0,0,0,0,0,0,0,0,0,0,0,0,0,0,0,0,0,0,0,0,0,0,0,14.1452,0,0,0,0,0,0,7.0726,0,0,0,0
NRS,Port Hacking,PHB,34.1192,151.2267,PHB20180326,2018-03-26T22:40:00Z,2018-03-27T09:40:00Z,2018,3,27,9:40:00,100,22.929,0.3168,35.6699,La Nina,9.3217,NA,0,10.609,0,0,0,0,0,0,0,3.5363,0,0,0,0,0,0,0,3.5363,0,0,0,0,0,0,0,0,0,0,0,0,0,0,0,0,0,0,0,0,0,0,0,0,0,0,0,0,0,3.5363,0,10.609,0,0,0,3.5363,3.5363,0,0,0,0,0,0,0,0,0,0,0,0,3.5363,0,0,0,0,0,0,0,0,0,0,0,0,0,0,0,0,0,0,0,0,0,0,7.0726,0,0,0,0,0,7.0726,0,0,0,0,0,0,0,0,0,0,0,0,7.0726,0,0,0,0,14.1453,3.5363,3.5363,0,0,0,14.1453,0,0,0,0,0,0,10.609,0,0,3.5363,7.0726,0,3.5363,0,0,0,0,0,3.5363,0,0,0,0,0,0,0,0,0,0,0,0,0,0,7.0726,0,0,0,3.5363,0,0,0,0,0,0,0,0,0,0,0,0,0,0,0,0,0,0,3.5363,0,0,0,0,0,0,0,0,0,0,0,0,0,0,0,3.5363,0,0,0,0,0
NRS,Port Hacking,PHB,34.1192,151.2267,PHB20180528,2018-05-28T23:50:00Z,2018-05-29T09:50:00Z,2018,5,29,9:50:00,100,18.5703,1.3658,35.7097,La Nina,17.2219,NA,7.0726,0,0,0,0,0,0,21.2179,0,0,0,0,0,0,0,0,0,0,0,0,0,0,0,0,0,0,0,0,0,0,0,0,0,0,0,0,0,0,0,0,7.0726,0,0,0,14.1453,0,7.0726,0,0,14.1453,0,0,0,7.0726,21.2179,0,0,0,0,0,0,0,0,0,0,0,0,7.0726,0,0,0,0,0,0,0,7.0726,0,0,0,0,0,0,0,0,0,0,0,0,0,0,0,0,0,0,0,0,14.1453,0,0,0,0,0,0,0,0,0,0,0,0,7.0726,0,0,0,0,7.0726,21.2179,0,0,0,0,28.2905,0,0,7.0726,0,0,0,91.9443,7.0726,0,0,0,14.1453,0,7.0726,14.1453,0,0,0,91.9443,21.2179,0,0,0,0,0,0,0,0,7.0726,0,0,0,0,0,0,0,0,0,0,0,0,0,0,0,0,0,0,0,0,0,0,0,0,0,0,0,0,0,0,0,0,0,0,0,0,7.0726,28.2905,0,0,0,0,0,0,0,0,0,0,0
NRS,Port Hacking,PHB,34.1192,151.2267,PHB20180724,2018-07-24T23:33:00Z,2018-07-25T09:33:00Z,2018,7,25,9:33:00,100,17.5914,1.9106,35.7197,Neutral,6.0542,NA,0,0,0,0,0,0,0,0,0,0,0,0,0,0,0,0,0,0,0,0,0,0,0,0,0,0,0,0,0,0,0,0,0,0,0,0,0,0,0,0,0,0,0,0,21.2179,0,7.0726,0,0,7.0726,0,0,0,0,7.0726,0,0,0,0,0,0,0,0,0,0,0,7.0726,7.0726,0,0,0,0,0,0,0,0,0,0,0,0,0,0,0,0,0,0,0,0,0,0,0,0,0,7.0726,0,0,0,0,0,0,0,0,0,0,0,0,0,7.0726,0,7.0726,0,0,0,0,0,7.0726,0,0,0,0,0,0,0,0,14.1453,0,0,14.1453,0,0,7.0726,21.2179,28.2905,0,0,14.1453,0,0,0,0,0,0,0,0,0,0,0,0,0,7.0726,0,0,0,0,7.0726,0,0,0,0,0,0,0,0,0,0,0,0,0,0,0,0,0,0,0,0,0,0,0,0,0,0,0,0,0,0,0,0,0,0,0,0,0,0,0,0,0,7.0726,0,0
NRS,Port Hacking,PHB,34.1192,151.2267,PHB20180905,2018-09-05T00:50:00Z,2018-09-05T10:50:00Z,2018,9,5,10:50:00,100,15.8506,3.2930545454545457,35.651,Neutral,50.6825,NA,0,0,0,0,0,0,0,0,0,0,0,0,0,0,0,0,0,0,0,0,0,0,0,0,0,0,0,0,0,0,3.5363,0,0,0,0,0,0,0,0,0,0,0,0,0,0,0,0,0,0,7.0726,0,0,0,0,0,0,0,0,0,0,0,0,0,0,0,0,24.7542,0,0,0,0,0,0,0,0,0,0,0,0,0,0,0,0,0,0,0,0,0,0,0,0,0,0,0,0,0,0,0,0,0,0,0,0,0,0,0,0,0,0,0,0,0,0,0,21.2179,3.5363,0,0,0,0,0,0,0,0,0,0,0,3.5363,3.5363,0,7.0726,7.0726,3.5363,0,0,10.609,0,0,0,10.6089,0,0,0,0,0,0,0,0,0,7.0726,0,0,0,0,0,0,0,3.5363,3.5363,0,0,0,0,0,0,0,0,0,0,0,0,0,0,0,0,0,0,0,0,0,0,0,0,0,0,0,0,0,0,0,0,0,0,0,0,0,0,0,0
NRS,Port Hacking,PHB,34.1192,151.2267,PHB20180927,2018-09-27T00:43:00Z,2018-09-27T10:43:00Z,2018,9,27,10:43:00,100,17.551,3.289,35.6339,Neutral,12.416,NA,0,0,0,0,0,0,0,0,0,0,0,0,0,0,0,0,0,0,0,0,0,0,0,0,0,0,0,0,0,0,0,0,0,0,0,0,0,0,7.0726,0,0,0,0,0,0,0,0,0,0,0,0,0,0,0,0,0,0,0,0,0,0,0,0,0,0,0,21.2179,0,0,0,0,0,0,0,0,0,0,0,0,0,0,0,0,0,0,0,0,0,0,0,0,0,0,0,0,0,0,0,0,0,0,0,0,0,0,0,0,7.0726,0,0,0,7.0726,0,0,0,21.2179,0,0,0,0,14.1453,0,0,0,0,0,0,0,0,0,14.1453,84.8716,0,0,0,0,0,0,0,7.0726,0,0,0,0,0,0,0,0,0,7.0726,0,0,0,0,0,0,0,0,0,0,0,0,0,0,0,0,0,0,0,0,0,0,0,0,0,0,0,0,0,0,0,0,0,0,0,0,0,0,0,0,0,0,0,0,0,0,0,0,0
NRS,Port Hacking,PHB,34.1192,151.2267,PHB20181120,2018-11-20T22:24:00Z,2018-11-21T09:24:00Z,2018,11,21,9:24:00,100,19.1537,3.1681,35.4728,Neutral,4.8129,NA,0,0,0,0,0,0,0,21.2179,0,0,0,0,0,0,0,0,0,0,0,0,0,0,0,0,0,0,0,0,0,0,0,0,0,0,0,0,0,0,0,0,0,0,0,0,0,0,0,0,0,0,0,0,0,0,0,0,0,0,0,0,0,0,0,0,0,0,7.0726,0,0,0,0,0,0,0,0,0,0,0,0,0,0,0,0,0,0,0,0,0,0,0,0,0,0,0,0,0,0,0,0,0,0,0,0,0,0,0,0,0,0,0,0,7.0726,0,0,14.1453,14.1453,0,0,0,0,14.1453,0,0,0,0,0,0,0,0,0,7.0726,7.0726,7.0726,0,0,0,0,0,0,0,0,14.1452,0,0,0,0,0,0,0,21.2179,0,0,0,0,0,0,0,0,0,0,0,0,0,0,0,0,0,0,0,0,0,0,0,0,0,0,0,0,0,0,0,0,0,0,0,0,0,0,0,0,0,0,0,0,0,0,0,0,0
NRS,Port Hacking,PHB,34.1192,151.2267,PHB20181218,2018-12-18T22:40:00Z,2018-12-19T09:40:00Z,2018,12,19,9:40:00,100,20.8556,4.3998,35.5137,Neutral,9.8875,NA,7.8585,0,0,0,0,0,0,3.9292,0,0,0,0,0,0,0,0,0,0,0,0,0,0,0,0,0,0,3.9292,0,0,0,3.9292,0,0,0,0,0,0,0,0,0,0,0,0,0,0,0,3.9292,0,0,3.9292,0,0,0,0,0,0,0,0,0,0,0,7.8584,0,0,0,0,0,0,0,0,0,0,0,0,3.9292,0,0,0,0,0,0,0,0,0,0,0,0,0,0,0,0,0,0,0,0,0,0,0,0,0,0,0,0,0,0,0,0,0,0,0,0,3.9292,0,0,0,0,0,0,0,0,15.717,3.9292,0,0,0,0,0,0,11.7877,0,3.9292,0,0,0,0,3.9292,0,0,0,0,7.8585,0,0,0,0,0,0,0,0,0,0,0,0,0,0,0,0,0,0,0,0,0,0,0,0,0,0,0,0,0,0,0,0,0,0,0,0,0,0,0,0,0,0,0,0,0,0,0,0,0,0,0,0,0,0,0,0,0,0
NRS,Port Hacking,PHB,34.1192,151.2267,PHB20190121,2019-01-21T22:43:00Z,2019-01-22T09:43:00Z,2019,1,22,9:43:00,100,21.3889,0.8018,35.4597,Neutral,9.9441,NA,42.4358,0,0,0,0,0,0,0,0,0,0,0,0,0,0,0,0,3.5363,0,0,0,0,0,0,0,0,0,0,0,0,0,0,0,0,0,0,0,0,0,0,0,0,0,0,0,0,0,0,0,3.5363,0,0,0,0,3.5363,0,0,0,0,0,0,0,0,0,0,0,10.609,0,0,0,0,0,0,0,0,0,0,0,0,0,0,0,0,0,0,0,0,0,0,0,17.6815,0,0,0,0,0,7.0726,0,0,0,0,0,0,0,0,0,0,3.5363,0,0,0,3.5363,0,0,7.0726,10.6089,0,0,0,0,21.2179,0,0,0,0,0,0,21.2179,7.0726,0,0,17.6816,3.5363,0,0,35.3632,0,0,3.5363,0,3.5363,3.5363,0,0,0,0,0,0,0,17.6816,0,0,0,0,0,0,0,0,0,0,0,0,0,0,0,0,0,0,0,0,0,0,0,0,0,0,0,0,0,0,0,0,0,0,0,0,0,7.0726,0,0,0,0,0,0,0,0,0,0,0
NRS,Port Hacking,PHB,34.1192,151.2267,PHB20190227,2019-02-27T23:35:00Z,2019-02-28T10:35:00Z,2019,2,28,10:35:00,93,26.0588,0.0052,35.2606,Neutral,5.6658,NA,0,0,3.8438,0,0,0,0,19.2191,3.8438,0,0,0,0,0,0,0,0,11.5315,0,0,0,0,0,0,0,0,3.8438,0,0,0,0,0,0,0,0,0,0,0,0,0,0,0,0,0,3.8438,0,0,3.8438,0,3.8438,0,0,0,0,0,0,0,0,0,0,0,0,0,0,0,0,0,0,0,0,0,0,0,0,0,0,0,0,0,0,0,0,0,0,0,0,0,0,0,0,23.0629,0,0,0,0,0,0,0,0,0,0,0,0,0,0,0,0,0,0,0,0,0,0,0,34.5944,0,0,0,0,0,0,0,0,0,0,0,0,15.3753,0,0,0,3.8438,3.8438,0,0,0,0,0,0,7.6876,0,0,0,0,0,0,0,3.8438,0,0,0,0,0,0,3.8438,0,0,0,0,0,0,0,0,0,0,0,0,0,0,0,0,0,0,0,0,0,0,0,0,0,0,0,0,0,0,0,0,7.6876,0,0,0,0,0,0,0,0,0,0,0
NRS,Port Hacking,PHB,34.1192,151.2267,PHB20190408,2019-04-08T22:50:00Z,2019-04-09T08:50:00Z,2019,4,9,8:50:00,100,21.7915,1.8753,35.4407,Neutral,11.1005,NA,7.0726,0,0,0,0,0,0,0,7.0726,7.0726,0,0,0,0,0,0,0,0,0,0,0,0,0,0,0,0,0,0,0,0,0,0,0,0,0,0,0,0,0,0,0,14.1453,0,0,7.0726,0,0,7.0726,0,7.0726,0,0,0,7.0726,0,0,0,0,0,0,0,0,0,0,0,0,0,0,0,0,0,0,0,0,0,7.0726,0,0,0,0,0,0,0,0,0,0,0,0,0,0,28.2906,0,0,0,0,0,7.0726,0,0,0,0,0,0,0,0,0,0,0,0,7.0726,0,0,0,0,21.2179,21.2179,0,0,0,0,77.799,0,0,0,21.2179,0,0,0,14.1453,0,0,28.2905,7.0726,0,0,21.2179,0,0,0,42.4358,14.1453,7.0726,0,0,0,0,7.0726,0,0,0,0,0,0,0,7.0726,0,0,0,0,0,0,0,0,0,0,0,0,0,0,0,0,0,0,0,0,0,0,0,0,0,0,0,0,0,0,0,0,28.2906,0,0,0,0,0,0,7.0726,0,0,0,0
NRS,Port Hacking,PHB,34.1192,151.2267,PHB20190522,2019-05-22T22:50:00Z,2019-05-23T08:50:00Z,2019,5,23,8:50:00,99,23.0491,2.42829,35.3929,Neutral,8.255,NA,0,0,0,0,0,0,0,0,0,3.572,0,0,0,0,0,0,0,0,0,0,0,0,0,0,0,0,0,0,0,0,0,0,0,0,0,0,0,0,0,0,0,0,0,0,10.7161,0,0,10.7161,0,0,0,0,0,3.572,0,0,0,0,0,0,0,0,0,0,0,0,0,3.572,0,0,0,0,0,0,3.572,0,0,0,0,0,0,0,0,0,0,0,0,0,0,0,32.1483,0,0,0,0,0,0,0,0,0,0,0,0,0,0,0,0,0,0,0,3.572,0,0,0,21.4322,25.0043,0,0,0,0,7.1441,0,0,0,0,0,0,21.4322,14.2882,0,0,14.2882,17.8602,0,14.2882,0,0,0,0,3.572,3.572,0,0,0,0,0,0,0,0,7.1441,0,0,0,0,10.7161,0,0,0,0,0,0,0,0,0,0,0,0,3.572,0,0,0,0,0,0,0,0,0,0,0,0,0,0,0,0,0,0,0,3.572,0,0,0,0,3.572,0,0,0,0,0,0
NRS,Port Hacking,PHB,34.1192,151.2267,PHB20190626,2019-06-26T23:38:00Z,2019-06-27T09:38:00Z,2019,6,27,9:38:00,100,19.3015,0.4343,35.5552,Neutral,1.5737,NA,0,0,0,0,0,0,0,3.5363,0,0,0,0,0,0,0,0,0,0,0,0,0,0,0,0,0,0,0,0,0,0,0,3.5363,0,0,0,0,0,0,0,0,0,0,0,0,0,0,0,17.6816,0,0,0,0,0,0,0,0,0,0,0,0,0,0,0,0,21.2179,0,0,0,0,0,0,0,0,0,0,0,0,0,0,0,0,0,0,0,0,0,0,0,0,0,7.0726,0,0,0,0,0,0,0,0,0,0,0,0,0,0,0,0,3.5363,0,3.5363,0,0,0,0,60.1174,0,0,0,0,0,21.2179,0,0,0,0,0,0,10.609,0,0,0,0,3.5363,10.609,10.609,3.5363,0,0,0,7.0726,0,3.5363,0,0,0,3.5363,0,0,0,0,0,0,0,0,0,0,0,0,0,0,0,0,0,0,0,0,0,0,0,0,0,0,0,0,0,0,0,0,0,3.5363,0,0,0,0,3.5363,0,0,21.2178,0,0,0,0,0,0,10.609,0,0,0,0
NRS,Port Hacking,PHB,34.1192,151.2267,PHB20190729,2019-07-29T00:03:00Z,2019-07-29T10:03:00Z,2019,7,29,10:03:00,100,19.5771,3.2224,35.5813,Neutral,16.905,NA,0,0,3.5363,0,0,0,0,0,0,0,0,0,0,0,0,0,0,0,0,0,0,0,0,0,0,0,0,0,0,0,0,0,0,0,0,0,0,0,0,0,0,0,0,0,0,0,0,10.609,0,0,0,0,0,3.5363,0,0,0,0,0,0,0,3.5363,3.5363,0,0,0,3.5363,7.0726,0,0,0,0,0,0,0,0,0,0,0,0,0,0,0,0,0,0,0,0,0,0,116.6985,0,0,0,0,0,0,0,0,0,0,0,0,0,0,0,0,0,0,0,0,0,0,0,45.9721,17.6816,3.5363,0,0,0,3.5363,0,0,0,0,0,0,38.8995,0,0,0,10.609,0,0,17.6816,10.609,0,0,0,0,0,3.5363,0,0,0,0,0,0,0,17.6816,3.5363,0,0,0,21.2179,0,0,0,0,0,0,0,0,0,0,0,0,0,0,0,0,0,0,0,0,0,0,0,0,0,0,0,0,0,0,0,0,7.0726,0,0,0,0,0,0,0,0,0,0,0
NRS,Port Hacking,PHB,34.1192,151.2267,PHB20190827,2019-08-27T23:59:00Z,2019-08-28T09:59:00Z,2019,8,28,9:59:00,100,17.468,1.5184,35.5638,Neutral,16.6172,NA,0,0,0,0,0,0,0,14.1453,3.5363,0,0,0,0,0,0,0,0,3.5363,3.5363,0,0,0,0,0,0,0,0,0,0,0,0,0,0,0,0,0,0,0,0,0,0,7.0726,0,0,0,0,0,3.5363,0,0,0,0,0,0,0,0,0,0,3.5363,0,0,0,0,0,3.5363,0,7.0726,0,0,0,0,0,0,0,0,0,3.5363,0,0,0,0,0,0,0,0,0,0,0,0,0,99.0169,0,0,0,0,0,0,0,0,0,0,0,0,0,0,0,0,0,0,0,0,0,0,0,35.3631,17.6816,0,0,0,0,3.5363,0,0,10.609,0,0,0,14.1453,10.6089,0,0,7.0726,14.1453,3.5363,7.0726,14.1453,0,0,3.5363,3.5363,3.5363,0,3.5363,0,0,0,0,0,0,17.6816,0,0,0,0,0,0,0,0,0,0,0,0,0,0,3.5363,0,0,0,0,0,0,0,0,0,0,0,0,0,0,7.0726,0,0,0,0,0,0,0,35.3632,0,0,0,0,3.5363,0,0,0,0,0,0
NRS,Port Hacking,PHB,34.1192,151.2267,PHB20190923,2019-09-23T23:36:00Z,2019-09-24T09:36:00Z,2019,9,24,9:36:00,100,17.480807692307692,3.2930545454545457,35.53847692307692,Neutral,15.6447,NA,0,0,0,0,0,0,0,14.1452,0,0,0,0,0,0,0,0,0,0,0,0,0,0,0,0,0,0,0,0,0,0,0,0,0,0,0,0,0,0,0,0,0,2.3575,0,0,0,0,0,0,0,0,0,0,0,0,0,0,0,0,0,0,0,0,0,0,0,0,0,0,0,0,0,0,0,0,0,0,0,0,0,0,0,0,0,0,0,0,0,0,0,0,2.3575,0,0,0,0,0,0,0,0,0,0,0,0,0,0,0,0,2.3575,0,0,0,0,0,0,7.0726,7.0726,0,0,0,0,7.0726,0,0,0,0,0,0,2.3575,0,0,0,4.7151,0,0,0,4.7151,0,0,2.3575,0,2.3575,0,0,0,0,0,0,0,0,9.4302,0,0,0,0,0,0,0,0,0,0,0,0,0,0,0,0,0,0,0,0,0,0,0,0,0,0,0,0,0,0,0,0,0,0,0,0,0,0,0,0,0,0,0,0,0,0,0,0,0
NRS,Port Hacking,PHB,34.1192,151.2267,PHB20191028,2019-10-28T22:30:00Z,2019-10-29T09:30:00Z,2019,10,29,9:30:00,100,19.3678,1.0141,35.6829,Neutral,6.0259,NA,0,0,0,0,0,0,0,0,0,0,0,0,0,0,0,0,0,0,0,0,0,0,0,0,0,0,3.5363,0,0,0,0,0,0,0,0,0,0,0,0,0,0,0,0,0,0,0,0,0,0,7.0726,0,0,0,0,0,0,0,0,0,0,0,0,0,0,3.5363,0,3.5363,0,0,0,0,0,0,0,0,0,0,0,0,0,0,0,0,0,0,0,0,0,0,0,0,0,0,0,0,0,0,0,0,0,0,0,0,0,0,0,0,0,0,0,0,0,0,0,3.5363,0,0,0,0,0,21.2179,0,0,0,3.5363,0,0,17.6816,0,3.5363,3.5363,0,0,0,0,3.5363,0,0,0,7.0726,0,0,0,0,0,0,0,0,0,7.0726,0,0,0,0,0,0,0,0,0,0,0,0,0,0,0,0,0,0,0,0,0,0,0,0,3.5363,0,0,0,0,0,3.5363,0,0,0,0,0,0,10.609,0,0,0,0,0,0,0,0,0,0,0
NRS,Port Hacking,PHB,34.1192,151.2267,PHB20191118,2019-11-18T22:15:00Z,2019-11-19T09:15:00Z,2019,11,19,9:15:00,100,18.966,1.5443,35.6188,Neutral,7.8612,NA,0,0,0,0,0,0,0,0,0,0,0,0,0,0,0,0,0,3.5363,0,0,0,0,0,0,0,3.5363,0,0,0,0,0,0,0,0,0,0,0,0,0,0,0,0,0,0,0,0,0,0,0,3.5363,0,0,0,0,0,0,0,0,0,0,0,3.5363,0,0,0,0,7.0726,0,0,0,0,0,0,0,0,0,0,0,0,0,0,0,0,0,0,0,0,0,0,0,3.5363,0,0,0,0,0,0,0,0,0,0,0,0,0,0,0,0,0,0,0,3.5363,0,0,0,7.0726,3.5363,0,0,0,0,49.5085,0,0,3.5363,0,0,0,10.609,3.5363,0,3.5363,0,7.0726,0,0,0,0,0,0,7.0726,3.5363,0,0,0,0,0,0,0,0,0,0,0,0,0,0,0,0,0,0,0,0,0,0,0,0,0,0,0,0,0,0,0,0,0,0,0,0,0,0,0,7.0726,0,0,0,0,0,0,17.6816,0,0,0,0,0,0,0,0,0,0,0
NRS,Port Hacking,PHB,34.1192,151.2267,PHB20191216,2019-12-16T22:02:00Z,2019-12-17T09:02:00Z,2019,12,17,9:02:00,100,20.8293,0.5474,35.6645,Neutral,4.9579,NA,7.0726,0,0,0,0,0,0,3.5363,0,0,0,0,0,0,0,0,0,0,0,0,0,0,0,0,0,0,0,0,0,0,0,0,0,0,0,0,0,0,3.5363,0,0,0,0,0,0,0,0,3.5363,0,0,0,0,0,0,0,0,0,0,0,0,0,3.5363,0,0,0,0,7.0726,0,0,0,0,0,0,0,3.5363,0,0,0,0,0,0,0,0,0,0,0,0,0,0,0,0,0,0,0,0,0,3.5363,0,0,0,0,0,0,0,0,0,0,0,0,3.5363,0,0,0,0,3.5363,10.609,0,0,0,0,21.2179,0,0,0,0,0,0,28.2905,0,0,0,35.3632,0,0,0,14.1453,0,0,3.5363,0,0,0,0,0,0,0,0,3.5363,0,21.2179,0,0,0,0,0,0,0,0,0,0,0,0,0,0,0,0,0,3.5363,0,0,0,0,0,0,0,0,0,0,0,0,0,0,0,0,0,0,0,3.5363,0,0,0,0,0,0,0,0,0,0,0
NRS,Port Hacking,PHB,34.1192,151.2267,PHB20200224,2020-02-24T21:52:00Z,2020-02-25T08:52:00Z,2020,2,25,8:52:00,100,21.7185,1.5213,34.7199,Neutral,2.9387,NA,0,0,0,0,0,0,0,14.1453,0,0,0,0,0,0,0,0,0,0,0,0,0,0,0,0,0,0,0,0,0,0,3.5363,0,0,0,0,0,0,0,0,0,0,0,0,0,0,0,0,0,0,3.5363,0,0,0,0,0,0,0,0,0,0,0,0,0,0,0,0,3.5363,0,0,3.5363,0,0,0,0,0,0,0,0,0,0,0,0,0,0,0,0,0,0,0,0,3.5363,0,0,0,0,0,0,0,0,0,0,0,0,0,0,0,0,0,0,0,0,3.5363,0,0,3.5363,3.5363,0,0,0,0,10.609,0,0,3.5363,0,0,0,24.7542,0,0,0,0,0,0,3.5363,3.5363,0,0,3.5363,0,3.5363,0,0,0,0,0,0,0,0,7.0726,0,0,0,0,0,0,0,0,0,0,0,0,0,0,0,0,0,0,0,0,0,0,0,0,0,0,0,0,0,0,0,0,0,0,0,0,0,3.5363,3.5363,0,0,0,0,0,0,0,3.5363,0,0
NRS,Port Hacking,PHB,34.1192,151.2267,PHB20200520,2020-05-20T00:01:00Z,2020-05-20T10:01:00Z,2020,5,20,10:01:00,100,19.774,2.8863,35.6496,Neutral,1.1316,NA,0.2526,0,0,0,0,0,0,0,0,0,0,0,0,0,0,0,0,0,0,0,0,0,0.2526,0,0,0,0,0,0,0,0,0,0,0,0,0,0,0,0,0,0,0,0,0,0.2526,0,0,1.0104,0,0,0.2526,0,0,0.2526,0,0.2526,0,0,0,0,0,0,0,0,0,0,0,0,0,0,0,0,0,0,0,0,0,0,0,0,0,0,0,0,0,0,0,0,0,0,0,0,0,0,0.5052,0,0,0,0,0,0,0,0,0,0,0,0,0,0,0.2526,0.2526,0,0,0,2.7785,0,0,0,0,0,0,0,0,0.2526,0,0,0,1.263,0,0,0,0,0,0,0,0.5052,0,0,0.2526,0.7578,0,0,0,0,0,0,0,0.5052,0,0.2526,0,0,0,0,0,0,0,0,0,0,0,0,0,0,0,0,0,0,0,0,0,0,0,0,0,0,0,0,0,0,0,0,0,0,0,0,0,0,0,0,0,0,0,0,0,0,0,0,0
NRS,Port Hacking,PHB,34.1192,151.2267,PHB20200609,2020-06-09T23:32:00Z,2020-06-10T09:32:00Z,2020,6,10,9:32:00,100,19.1478,4.1404,35.5746,La Nina,4.4522,NA,2.8291,0,0,0,0,0,0,0,0,0,0,0,0,0,0,0,0,0,0,0,0,0,0,0,0,0,0,1.4145,0,0,0,0,0,0,0,0,0,0,0,0,0,0,0,0,1.4145,0,0,2.8291,0,0,0,0,2.8291,0,1.4145,0,0,0,0,0,0,0,0,0,0,0,0,4.2436,0,0,0,0,0,0,0,0,0,0,0,0,0,0,0,0,0,0,0,0,0,0,0,0,0,0,0,0,0,0,0,0,0,0,0,0,0,0,0,0,0,4.2436,1.4145,0,0,0,8.4872,0,0,0,0,0,2.8291,0,0,0,0,0,0,5.6581,1.4145,0,0,0,0,0,2.8291,2.8291,0,0,0,14.1452,2.8291,0,0,1.4145,0,0,0,0,0,2.829,0,0,0,0,1.4145,0,0,0,0,0,0,0,0,0,0,0,0,0,0,0,0,0,0,0,0,0,0,0,0,0,0,0,0,0,0,0,0,0,0,0,0,0,0,0,0,0,0,0,0
NRS,Port Hacking,PHB,34.1192,151.2267,PHB20200630,2020-06-30T23:18:00Z,2020-07-01T09:18:00Z,2020,7,1,9:18:00,104,18.2478,4.2899,35.6513,La Nina,3.1895,NA,1.0104,0,1.0104,0,0,0,0,1.0104,0,0,0,0,0,0,0,0,0,0,0,0,0,0,0,0,0,0,0,1.0104,0,0,0,0,0,0,0,0,0,0,0,0,0,0,0,0,1.0104,0,0,0,0,0,0,0,0,0,2.0208,0,0,0,0,0,0,1.0104,0,0,0,0,1.0104,0,0,0,0,0,0,0,0,0,0,0,0,0,0,0,0,0,0,0,0,0,0,0,1.4145,0,0,0,0,0,1.0104,0,0,0,0,0,0,0,0,0,0,0,0,0,0,0,0,0,2.0208,0,2.4249,0,0,0,0,0,0,0,0,0,0,7.0726,1.0104,0,0,0,3.0311,1.0104,0,3.0311,0,0,1.0104,4.0416,0,1.0104,0,0,0,0,0,1.0104,0,2.0208,0,0,0,0,0,0,0,0,0,0,0,0,0,0,0,0,0,0,0,0,0,0,0,0,0,0,0,0,0,0,0,0,0,0,0,0,0,0,0,0,0,0,0,0,0,0,0,0,0
NRS,Port Hacking,PHB,34.1192,151.2267,PHB20200812,2020-08-12T23:55:00Z,2020-08-13T09:55:00Z,2020,8,13,9:55:00,96,17.3212,2.8641,35.559,La Nina,3.3837,1.716,1.489,0,0,0,0,0,0,0,0,0,0,0,0,0,0,0,0,0,0,0,0,0,0,0,0,0,0,0,0,0,0,0,0,0,0,0,0,0,0,0,0,0,0,0,1.489,0,0,0,0,1.489,0,0,1.489,0,1.489,0,0,0,0,0,0,0,0,0,1.489,0,4.467,0,0,0,0,0,0,0,0,0,0,0,0,0,0,0,0,0,0,0,0,0,0,0,0,0,0,0,0,0,1.489,0,0,0,0,0,0,0,0,0,0,0,0,0,0,0,0,0,2.978,0,1.489,0,0,0,0,0,0,0,0,0,0,2.978,1.489,0,0,0,0,0,0,0,0,0,1.489,0,0,0,0,0,0,0,0,0,0,0,0,0,0,0,0,0,0,0,0,0,0,0,0,0,0,0,0,0,0,0,0,0,0,0,0,0,0,0,0,0,0,0,0,0,0,0,0,1.489,0,0,0,0,0,0,0,1.489,0,1.489,0
NRS,Port Hacking,PHB,34.1192,151.2267,PHB20200831,2020-08-31T23:44:00Z,2020-09-01T09:44:00Z,2020,9,1,9:44:00,100,16.6388,3.2930545454545457,35.6247,La Nina,7.6102,5.2726,0,0,0,0,0,0,0,0,0,0,0,0,0,0,0,0,0,0,0,0,0,0,0,0,0,0,0,0,0,0,0,0,0,0,0,0,0,0,0,0,0,0,0,0,0,0,0,0,0,1.4145,0,0,0,0,1.4145,0,0,0,0,0,0,0,0,0,0,0,0,0,0,0,0,0,0,0,1.4145,0,0,0,0,0,0,0,0,0,0,0,0,0,0,0,0,0,0,0,0,0,0,0,0,0,0,0,0,0,0,0,0,0,0,0,2.8291,0,0,0,0,4.2436,0,0,0,0,0,0,0,0,0,0,0,1.4145,0,0,0,0,0,0,0,0,0,0,0,4.2436,0,0,0,0,0,0,0,0,0,0,0,0,0,0,0,0,0,0,0,0,0,0,0,0,0,0,0,0,0,0,0,0,0,0,0,0,0,0,0,0,0,0,0,0,0,0,0,0,0,0,0,0,0,0,1.4145,0,0,0,0
NRS,Port Hacking,PHB,34.1192,151.2267,PHB20200922,2020-09-22T23:19:00Z,2020-09-23T09:19:00Z,2020,9,23,9:19:00,100,17.8335,4.7457,35.4106,La Nina,9.4542,6.4195,0,0,0,0,0,0,0,17.6816,0,0,0,0,0,0,0,0,0,0,0,0,0,0,0,0,0,0,0,0,0,0,0,0,0,0,0,0,0,0,0,0,0,0,0,0,0,0,0,0,0,0,0,0,0,0,3.5363,0,0,0,0,0,0,0,0,0,0,0,3.5363,0,0,0,0,0,0,0,0,0,0,0,0,0,0,0,0,0,0,0,0,0,0,0,0,0,0,0,0,0,0,0,0,0,0,0,0,0,0,0,0,0,0,0,0,0,0,0,10.6089,0,0,0,0,0,10.609,0,0,0,0,0,0,3.5363,0,0,3.5363,0,0,0,0,0,0,0,0,0,0,0,0,0,0,0,0,0,0,0,0,0,0,0,0,0,0,0,0,0,0,0,0,0,0,0,0,0,0,0,0,0,0,0,0,0,0,0,0,0,0,0,0,0,0,0,0,3.5363,0,0,0,0,0,0,3.5363,0,0,0,0
NRS,Port Hacking,PHB,34.1192,151.2267,PHB20201110,2020-11-10T21:40:00Z,2020-11-11T08:40:00Z,2020,11,11,8:40:00,96,19.9268,1.6202,35.6138,La Nina,21.2326,15.2835,0,0,0,0,0,0,0,487.2261,0,0,0,0,0,0,0,0,0,39.2924,0,0,0,0,0,0,0,0,0,0,0,0,0,0,0,0,0,0,0,0,0,0,0,0,0,0,0,0,0,0,0,0,0,0,0,0,0,0,0,0,0,0,0,0,0,0,0,0,0,0,0,0,0,0,0,0,0,7.8585,0,0,0,0,0,0,0,0,0,0,0,0,0,0,23.5755,0,0,0,0,0,0,0,0,0,0,0,0,0,0,0,0,0,0,0,0,7.8585,0,0,0,15.717,0,0,0,0,0,0,0,0,0,0,0,0,0,0,0,0,0,0,0,0,0,0,7.8585,7.8585,7.8585,0,0,0,0,0,0,0,23.5755,0,0,0,0,0,0,0,0,0,0,0,0,0,0,0,0,0,0,0,0,0,0,0,0,0,0,0,0,0,0,0,0,0,0,0,0,0,0,0,0,0,0,0,0,0,7.8585,0,0,0,0
NRS,Port Hacking,PHB,34.1192,151.2267,PHB20210210,2021-02-10T22:09:00Z,2021-02-11T09:09:00Z,2021,2,11,9:09:00,100,21.881,1.4917,35.4972,La Nina,14.0675,11.1924,0,0,0,0,0,0,0,21.2179,0,0,0,0,0,0,0,0,0,0,0,0,0,0,0,0,0,0,0,0,0,0,0,0,0,0,0,0,0,0,0,0,7.0726,0,0,0,0,0,0,0,0,0,0,0,14.1453,0,7.0726,0,0,0,0,0,0,0,0,0,0,0,0,0,0,0,0,0,0,0,0,0,0,0,0,0,0,7.0726,0,0,0,0,0,0,0,0,0,0,0,0,0,0,14.1453,0,0,0,0,0,0,0,0,0,0,0,0,42.4358,0,0,0,0,14.1452,0,0,0,0,0,7.0726,0,0,0,0,0,0,28.2905,21.2179,0,0,0,7.0726,0,0,7.0726,0,0,0,7.0726,7.0726,14.1453,0,0,0,0,0,0,0,21.2179,0,0,0,0,0,0,0,0,0,0,0,0,0,0,0,0,0,0,0,0,0,0,0,7.0726,0,0,0,0,0,0,0,0,0,0,0,0,0,49.5085,0,0,0,0,0,0,0,0,0,0,0
NRS,Port Hacking,PHB,34.1192,151.2267,PHB20210310,2021-03-10T22:26:00Z,2021-03-11T09:26:00Z,2021,3,11,9:26:00,100,23.9653,0.5258,35.3132,La Nina,4.3674,3.4373,3.5363,0,0,0,0,0,0,3.5363,0,0,0,0,0,0,0,0,0,0,0,0,0,0,0,0,0,0,0,0,0,0,0,0,0,0,0,0,0,0,0,0,0,0,0,0,7.0726,0,0,0,0,3.5363,0,0,0,0,0,0,0,0,0,0,0,0,0,0,0,0,3.5363,3.5363,0,0,0,0,0,0,3.5363,3.5363,0,0,0,0,0,0,0,0,0,0,0,0,0,0,0,0,0,0,0,0,0,0,0,0,0,0,0,0,0,0,0,0,0,3.5363,0,0,0,0,10.6089,0,0,0,0,0,7.0726,0,0,7.0726,0,0,0,10.609,3.5363,0,0,0,0,0,0,3.5363,0,0,0,0,3.5363,3.5363,0,0,0,0,0,0,0,3.5363,0,0,0,0,3.5363,0,0,0,3.5363,0,0,0,0,0,0,0,0,0,0,0,0,0,0,0,0,0,0,0,0,0,0,0,0,0,0,0,0,0,0,0,0,0,0,0,0,3.5363,0,0,0
NRS,Port Hacking,PHB,34.1192,151.2267,PHB20210421,2021-04-21T23:18:00Z,2021-04-22T09:18:00Z,2021,4,22,9:18:00,100,21.2707,0.6411,35.4814,La Nina,0.7886,0.4632,1.4145,0,0,0,0,0,0,0,0,1.4145,0,0,0,0,0,0,0,0,0,0,0,0,0,0,0,0,0,0,0,0,0,0,0,0,0,0,0,0,0,0,0,0,0,0,1.4145,0,0,1.4145,0,1.4145,1.4145,0,0,0,0,0,0,0,1.4145,0,0,0,0,0,0,0,0,0,0,0,0,0,0,0,0,0,0,0,0,0,0,0,0,0,0,0,0,0,0,0,9.9017,0,0,0,0,0,0,0,0,0,0,0,0,0,0,0,0,0,0,8.4871,0,0,0,0,2.8291,1.4145,0,0,0,0,0,0,0,0,0,0,0,7.0726,1.4145,0,0,1.4145,0,2.8291,1.4145,1.4145,0,0,1.4145,0,0,1.4145,0,0,0,1.4145,0,0,0,1.4145,1.4145,0,0,0,5.6581,0,0,0,0,0,0,0,0,0,0,0,0,0,0,0,0,0,0,0,0,0,0,0,0,0,0,0,0,0,0,0,0,7.0727,0,0,0,0,0,0,0,0,0,0,0
NRS,Port Hacking,PHB,34.1192,151.2267,PHB20210519,2021-05-19T20:58:00Z,2021-05-20T06:58:00Z,2021,5,20,6:58:00,100,19.5099,0.4861,35.3951,La Nina,6.1567,4.675,0.7073,0,0,0,0,0,0,0,0,0,0,0,0,0,0,0,0,0,0,0,0,0,0,0,0,0,0,0,0,0,0,0,0,0,0,0,0,0,0,0,0,0,0,0,0.7073,0,0,1.4145,0,0.3536,0,0,0,0,0,0,0,0,0,0,0,0.3536,0.3536,0,0.3536,0,0,0,0,0,0,0,0,0,0.3536,0,0,0,0,0,0,0,0,0,0,0,0,0,0,0,0.3536,0,0,0,0,0,0,0,0,0,0,0,0,0,0,0,0,0,0,0.7073,0,0,0,0,1.7682,0.3536,0.3536,0,0,0.3536,0,0,0,0,0,0,0,2.1218,0,0,0.3536,0,0,0.3536,0,1.0609,0,0,0.7073,0.3536,0.3536,0,0,0,0,0.7073,0.3536,0.3536,0,1.0609,0,0,0,0,0.3536,0,0,0,0.3536,0,0,0,0,0,0,0,0,0,0,0,0,0,0,0,0,0,0,0,0,0,0,0,0,0,0,0,0,0.7073,0,0,0,0,0,0,0,0,0,0,0
NRS,Port Hacking,PHB,34.1192,151.2267,PHB20210615,2021-06-15T23:40:00Z,2021-06-16T09:40:00Z,2021,6,16,9:40:00,100,19.5465,0.5304,35.585,La Nina,5.9339,4.2896,0,0,0,0,0,0,0,0,0,0,0,0,0,0,0,0,0,0,0,0,0,0,0,0,0,0,0,0,0,0,0,0,0,0,0,0,0,0,0,0,0,0,0,0,1.4145,0,0,4.2436,0,0,0,0,0,0,0,0,0,0,0,0,0,0,0,0,0,0,1.4145,0,0,0,0,0,0,0,0,0,1.4145,0,0,0,0,0,0,0,0,0,0,0,0,0,0,0,0,0,0,0,1.4145,0,0,0,0,0,0,0,0,0,0,0,0,2.829,1.4145,0,0,0,0,14.1453,0,0,0,0,0,0,0,0,0,0,0,0,0,0,0,21.2179,7.0726,0,0,4.2436,0,0,0,4.2436,0,0,0,0,0,0,0,1.4145,0,4.2436,0,0,0,0,5.6581,0,0,0,0,0,0,0,0,0,0,0,0,0,0,0,0,0,0,0,0,0,0,0,0,0,0,0,0,0,0,0,0,0,0,0,0,0,0,0,0,0,0,0,0
NRS,Port Hacking,PHB,34.1192,151.2267,PHB20211027,2021-10-27T22:19:00Z,2021-10-28T09:19:00Z,2021,10,28,9:19:00,100,19.0467,0.126,35.5644,La Nina,21.8474,12.0518,0,0,2.3575,0,0,0,0,3.5363,0,0,0,0,0,0,0,0,0,0,0,0,0,0,0,0,0,0,0,0,0,0,0,0,0,0,0,0,0,0,1.1788,0,0,0,0,0,0,0,1.1788,0,0,0,0,0,0,0,0,0,0,0,0,0,0,0,0,0,0,0,3.5363,0,0,0,0,0,0,0,0,0,0,0,0,0,0,0,0,0,0,0,0,0,0,0,2.3575,0,0,0,0,0,0,0,0,0,0,0,0,0,0,0,0,0,0,1.1788,1.1788,0,0,0,2.3575,0,0,0,0,0,0,8.2514,0,0,0,0,0,14.1453,1.1788,0,0,0,0,0,0,0,0,0,0,0,1.1788,0,0,0,0,0,0,1.1788,0,9.4302,1.1788,0,0,0,1.1788,0,0,0,0,0,0,0,0,0,0,0,0,0,0,0,0,0,0,1.1788,0,0,0,0,0,0,0,0,0,0,0,0,0,2.3576,0,0,0,0,0,0,0,0,0,0,0
NRS,Port Hacking,PHB,34.1192,151.2267,PHB20211109,2021-11-09T22:14:00Z,2021-11-10T09:14:00Z,2021,11,10,9:14:00,100,19.0458,0.5922,35.5052,La Nina,2.3092,1.4746,0,0,0,0,0,0,0,1.5471,0,0,0,0,0,0,0,0,0,0,0,0,0,0,0,0,0,0,0,0,0,0,0,0,0,0,0,0,0,0,0,0,0,0,0,0,0,0,0,0,0,0,0,0,0,0,0,0,0,0,0,0,0,0,0,0,0,0,0,0,0,0,0,0,0,0,0,0,0,0,0,0,0,0,0,0,0,0,0,0,0,0,0.5052,0,0,0,0,0,0.221,0,0,0,0,0,0,0,0,0,0,0,0,0.221,0,0,0,0,0.221,0,0,0,0,0,0,0.1105,0,0,0,0,0,0.9946,0,0,0,0,0,0.1105,0,0,0,0,0.3315,0.221,0,0,0,0,0,0,0,0.1105,0,0.221,0,0,0,0,0,0,0,0,0,0,0,0,0,0,0,0,0,0,0,0,0,0,0,0,0,0,0,0,0,0,0,0,0,0,0,0,0,0.1105,0,0,0,0,0,0,0,0,0,0,0
NRS,Port Hacking,PHB,34.1192,151.2267,PHB20211124,2021-11-24T22:14:00Z,2021-11-25T09:14:00Z,2021,11,25,9:14:00,100,18.7987,1.0241,35.3651,La Nina,4.6679,3.2251,0,0,0,0,0,0,0,9.6188,0,0,0,0,0,0,0,0,0,0,0,0,0,0,0,0,0,0,0,0,0,0,0,0,0,0,0,0,0,0,0,0,0,0,0,0,0,0,0,0,0,0,0,0,0,0,0,0,0,0,0,0,0,0,0,0,0,0,0,0,0,0,0,0,0,0,0,0,0.5658,0,0,0,0,0,0,0,0,0,0,0,0,0,3.2062,0,0,0,0,0,0.5658,0,0,0,0,0,0,0,0,0,0,0,0,0,0,0,0,0,1.1316,0,0,0,0,0,0,0,0,0.5658,0,0,0.5658,5.0923,0,0,0.5658,0,0.5658,0,0,0,0,0,0,0,0,0,0,0,0,0,0,0,0,1.1316,0,0,0,0,0.5658,0,0,0,0,0,0,0,0,0,0,0,0,0,0,0,0,0,0,0,0,0,0,0,0,0,0,0,0,0,0,0,0,0,0,0,0,0,0,0,0,0,0,0,0
NRS,Port Hacking,PHB,34.1192,151.2267,PHB20220123,2022-01-23T21:56:00Z,2022-01-24T08:56:00Z,2022,1,24,8:56:00,100,22.11,2.2770285714285716,35.4571,La Nina,0.6613,0.5198,0,0,0,0,0,0,0,0,0,0,0,0,0,0,0,0,0,0,0,0,0,0,0,0,0,0,0,0,0,0,0,0,0,0,0,0,0,0,0,0,0,0,0,0,0,0,4.4204,0,0,0,0,0,0,0,0,4.4204,0,0,0,0,0,0,0,0,0,0,0,0,0,0,0,0,0,0,0,0,0,0,0,0,0,0,0,0,0,0,0,0,0,0,4.4204,0,0,0,0,0,0,0,0,0,0,0,0,0,0,0,0,0,0,0,0,0,0,0,17.6816,4.4204,0,0,0,0,4.4204,0,0,0,0,0,0,13.2612,0,0,0,0,0,0,0,8.8408,0,0,13.2612,0,8.8408,0,0,0,0,0,0,4.4204,0,8.8408,0,0,0,0,0,0,0,0,0,0,0,0,0,0,0,0,0,0,4.4204,0,0,0,0,0,0,0,0,0,0,0,0,0,0,8.8408,0,0,0,13.2612,0,0,0,0,0,0,0,0,0,0,0
NRS,Port Hacking,PHB,34.1192,151.2267,PHB20220216,2022-02-16T22:45:00Z,2022-02-17T09:45:00Z,2022,2,17,9:45:00,100,23.8998,0.9652,35.0979,La Nina,19.7044,17.2643,0,0,8.8408,0,0,0,0,8.8408,8.8408,0,0,0,0,0,0,0,0,0,0,0,0,0,0,0,0,0,0,0,0,0,0,0,0,0,0,0,0,0,26.5224,0,0,0,0,0,8.8408,0,0,0,0,0,0,0,0,0,0,0,0,0,0,0,0,0,0,0,0,0,0,0,0,0,0,0,0,0,0,8.8408,0,0,0,0,0,0,0,0,0,0,0,0,0,0,88.408,0,0,0,0,0,0,0,0,0,0,0,0,0,0,0,0,0,0,8.8408,0,0,0,0,371.3134,0,0,0,0,0,8.8408,17.6816,0,8.8408,0,0,0,26.5224,8.8408,0,0,0,17.6816,0,0,0,0,0,0,0,0,17.6816,17.6816,0,0,0,0,35.3632,0,8.8408,0,0,0,0,0,0,0,0,0,0,0,0,0,0,0,0,0,0,0,0,0,0,0,0,0,0,0,0,0,0,0,0,0,0,0,0,17.6816,26.5224,0,0,0,0,0,0,0,0,0,0,0
NRS,Port Hacking,PHB,34.1192,151.2267,PHB20220316,2022-03-16T21:00:00Z,2022-03-17T08:00:00Z,2022,3,17,8:00:00,100,24.7534,0.5059,34.6126,La Nina,2.8184,2.1996000000000002,0,0,0,0,0,0,0,0,0.7073,0,0,0,0,0,0,0,0,0,0,0,0,0,0,0,0,0,0,0,0,0,0,0,0,0,0,0,0,0,0,0,0,0.7073,0,0,0,0,0,1.4145,0,0,0,0,0,0,0,0,0,0,0,0,0,0,0,0,0,0,0,0.7073,0,0,0,0,0,0,0,0.7073,0,0,0,0,0,0,0,0,0,0,0,0,0,0,3.5364,0,0,0,0,0,0,0,0,0,0,0,0,0,0,0,0,0,0,3.5363,0.7073,0,0,0,11.3162,4.2436,0,0,0,0,0,0,0,0,0,0,0,0.7073,0.7073,0,0,0,2.1218,0,0.7073,1.4145,0,0,0.7073,0.7073,0,0,0.7073,0,0,0,0,2.8291,0,0.7073,0,0,0,0,3.5363,0,0,0,0,0,0,0,0,0,0,0,0,0,0,0,0,0,0,0,0,0,0,0,0,0,0,0,0,0,0,0,2.829,4.2436,0,0,0,0,0,0,0,0,0,0,0
NRS,Port Hacking,PHB,34.1192,151.2267,PHB20220426,2022-04-26T23:40:00Z,2022-04-27T09:40:00Z,2022,4,27,9:40:00,100,23.3838,0.5957,35.0823,La Nina,2.875,2.2915,0,0,0,0,0,0,0,0,0,0,0,0,0,0,0,0,0,0,0,0,0,0,0,0,0,0,17.6816,0,0,0,0,0,0,0,0,0,0,0,0,0,0,0,0,0,17.6816,0,0,0,0,17.6816,0,0,0,0,0,0,0,0,0,0,0,0,0,0,0,0,0,17.6816,0,0,0,0,0,0,0,17.6816,0,0,0,0,0,0,0,0,0,0,0,0,0,0,35.3632,0,0,0,0,0,0,0,0,0,0,0,0,0,0,0,0,0,0,176.816,0,0,0,0,176.8158,17.6816,0,0,0,0,0,0,0,0,53.0448,0,0,17.6816,35.3632,0,0,0,17.6816,0,17.6816,0,0,0,0,0,0,0,0,0,0,0,0,53.0448,17.6816,53.0448,0,0,0,0,88.4079,0,0,0,0,0,0,0,0,0,0,0,0,0,0,0,0,0,0,0,0,0,0,17.6816,0,0,0,0,0,0,0,0,0,0,0,0,0,0,0,0,17.6816,0,0,0,0
NRS,Port Hacking,PHB,34.1192,151.2267,PHB20220629,2022-06-29T00:01:00Z,2022-06-29T10:01:00Z,2022,6,29,10:01:00,100,20.3361,0.2855,35.4094,La Nina,2.6911,2.0864,0,0,1.4145,0,0,0,0,0,0,0,0,0,0,0,0,0,0,0,0,0,0,0,0,0,0,0,0,0,0,0,0,0,0,0,0,0,0,0,0,0,0,0,0,0,1.4145,0,0,2.8291,0,0,0,0,0,0,0,0,0,0,0,0,0,1.4145,0,0,0,0,0,5.6581,0,0,0,0,0,0,0,0,0,0,0,0,0,0,0,0,0,0,0,0,0,0,0,0,1.4145,0,1.4145,0,0,0,0,0,0,0,0,0,0,0,0,1.4145,0,0,0,0,0,0,29.7051,2.8291,0,0,0,0,1.4145,0,0,0,0,0,2.8291,2.8291,0,0,0,0,5.6581,0,0,1.4145,0,0,0,1.4145,0,0,0,0,0,0,0,1.4145,0,0,0,0,0,0,2.8291,0,0,0,0,0,0,0,0,0,0,0,0,0,0,0,0,0,0,0,0,0,0,0,0,0,0,0,0,0,0,0,0,0,0,0,0,0,0,0,0,0,0,0,0
NRS,Port Hacking,PHB,34.1192,151.2267,PHB20220802,2022-08-02T00:00:00Z,2022-08-02T10:00:00Z,2022,8,2,10:00:00,100,18.3436,0.808,35.0913,La Nina,3.5116,2.1006,2.3575,0,0,0,0,0,0,0,0,0,0,0,0,0,0,0,0,0,0,0,0,0,0,0,0,0,0,0,0,0,0,0,0,0,0,0,0,0,2.3575,0,0,0,0,0,4.7151,0,0,7.0726,0,0,0,0,0,0,0,0,0,0,0,0,0,0,0,0,2.3575,0,0,4.7151,0,0,0,0,0,0,0,0,0,0,0,0,0,0,0,0,0,0,0,0,0,0,5.8938,0,0,0,0,0,0,0,0,0,0,0,0,0,0,0,0,0,0,0,0,0,0,0,2.3575,0,0,0,0,0,0,2.3575,0,0,0,0,0,9.4302,9.4302,0,0,0,0,0,2.3575,9.4302,0,0,0,7.0726,0,2.3575,0,0,0,0,0,2.3575,0,7.0726,0,0,0,0,0,0,0,0,0,0,0,0,0,0,0,0,0,0,0,0,0,0,0,0,0,0,0,0,0,0,0,0,0,0,0,0,2.3575,4.715,0,0,0,0,0,0,0,0,0,0,0
NRS,Port Hacking,PHB,34.1192,151.2267,PHB20220828,2022-08-28T22:45:00Z,2022-08-29T08:45:00Z,2022,8,29,8:45:00,100,17.6816,3.7377,35.4582,La Nina,6.2858,8.9469,11.7877,0,0,0,0,0,0,11.7878,0,0,0,0,0,0,0,0,0,0,11.7877,0,0,0,0,0,0,0,0,0,0,0,0,0,0,0,0,0,0,0,0,0,0,0,0,0,11.7877,0,0,17.6816,0,0,0,0,0,0,0,0,0,0,0,0,0,0,0,0,5.8939,0,0,5.8939,0,0,0,0,0,5.8939,11.7877,11.7877,0,0,5.8939,0,0,0,0,0,0,0,0,0,0,0,223.9668,0,0,5.8939,0,0,0,0,0,0,0,0,0,0,0,0,0,0,0,0,0,0,0,0,23.5754,0,5.8939,0,0,0,5.8939,5.8939,0,0,0,0,5.8939,41.257,0,0,0,0,5.8939,0,5.8939,17.6816,0,0,0,0,0,0,0,0,0,0,0,5.8939,0,35.3632,0,0,0,0,17.6816,0,0,0,0,0,0,0,0,0,0,0,0,0,0,0,0,0,0,0,0,0,0,0,0,0,0,0,0,0,0,0,0,200.3914,5.8939,0,0,0,0,0,0,0,0,0,0
NRS,Port Hacking,PHB,34.1192,151.2267,PHB20220926,2022-09-26T21:30:00Z,2022-09-27T07:30:00Z,2022,9,27,7:30:00,100,18.2844,2.7211,35.47,La Nina,12.0871,7.3272,1.7682,0,0,0,0,0,0,5.3045,0,0,0,0,0,0,0,0,0,0,0,0,0,0,0,0,0,0,0,0,0,0,1.7682,0,0,0,0,0,0,0,0,0,0,0,0,0,0,0,0,0,0,0,0,0,0,0,0,0,0,0,0,0,0,0,1.7682,0,1.7682,0,0,0,0,0,0,0,0,0,1.7682,0,0,0,0,0,0,0,0,0,0,0,0,0,0,0,15.9134,0,0,0,0,0,0,0,0,0,0,0,0,0,0,0,0,0,0,3.5363,0,0,0,0,1.7682,0,0,0,0,0,0,1.7682,0,0,0,0,5.3045,5.3045,0,0,0,0,0,0,0,1.7682,0,0,1.7682,0,0,0,0,0,0,0,0,0,0,0,0,0,0,0,0,0,0,0,0,0,0,0,0,0,0,0,0,0,0,0,0,0,0,0,0,0,0,0,0,0,0,0,0,0,0,0,0,8.8408,0,0,0,0,0,0,0,0,0,0,0
NRS,Port Hacking,PHB,34.1192,151.2267,PHB20221026,2022-10-26T21:16:00Z,2022-10-27T08:16:00Z,2022,10,27,8:16:00,101,18.4359,2.848811111111111,35.3155,La Nina,15.6928,8.2911,0,0,0,0,0,0,0,11.2519,0,0,0,0,0,0,0,0,0,0,0,0,0,0,0,0,0,0,0,0,0,0,0,0,0,0,0,0,0,0,0,0,0,0,0,0,0,0,0,0,0,0,0,0,0,0,0,0,0,0,0,0,0,0,0,0,0,0,0,0,0,0,0,0,0,0,0,0,0,0,0,0,0,0,0,0,0,0,0,0,0,0,1.6074,0,0,0,0,0,0,0,0,0,0,0,0,0,0,0,0,0,0,0,0,0,0,0,8.0371,0,0,0,0,0,1.6074,3.2148,0,0,0,0,3.2148,14.4668,0,0,1.6074,0,1.6074,0,0,0,0,0,0,0,1.6074,0,0,0,0,0,0,1.6074,0,0,0,0,0,0,0,0,0,0,0,0,0,0,0,0,0,0,0,0,0,0,0,0,0,0,0,0,0,0,0,0,0,0,0,0,0,0,0,0,0,0,0,0,0,0,1.6074,0,1.6074,0,0
NRS,Port Hacking,PHB,34.1192,151.2267,PHB20221114,2022-11-14T21:22:00Z,2022-11-15T08:22:00Z,2022,11,15,8:22:00,100,17.8495,1.64484,35.3904,La Nina,5.7783,4.7493,0,0,0,0,0,0,0,90.9339,0,0,0,0,0,0,0,0,0,0,0,0,0,0,0,0,0,0,0,0,0,0,0,0,0,0,0,0,0,0,0,0,0,0,0,0,0,0,0,0,0,0,0,0,0,0,5.0519,0,0,0,0,0,0,0,0,0,0,0,0,0,0,0,0,0,0,0,0,0,0,0,0,0,0,0,0,0,0,0,0,0,0,0,0,0,0,0,0,0,0,0,0,0,0,0,0,0,0,0,0,0,0,0,0,0,0,0,0,0,0,0,0,0,0,0,0,40.4151,0,0,0,5.0519,0,0,5.0519,0,0,0,0,10.1038,0,0,5.0519,0,5.0519,0,0,0,0,0,0,0,0,0,0,0,0,0,5.0519,0,0,0,0,0,0,0,0,0,0,0,0,0,0,0,0,0,0,0,0,0,0,0,0,0,0,0,0,0,0,0,0,0,0,0,0,0,5.0519,0,0,0,0,0,0
NRS,Port Hacking,PHB,34.1192,151.2267,PHB20221221,2022-12-21T21:44:00Z,2022-12-22T08:44:00Z,2022,12,22,8:44:00,100,20.0085,2.1352,35.6017,La Nina,26.2289,13.537,8.8408,4.4204,8.8408,0,0,0,0,4.4204,0,0,0,0,0,0,0,0,0,0,0,0,0,0,0,0,0,0,0,0,0,0,0,0,0,0,0,0,0,0,0,0,0,0,0,0,0,0,0,4.4204,4.4204,0,0,0,0,0,0,0,0,0,0,0,0,0,0,0,0,0,0,0,0,0,0,0,0,0,0,0,0,0,0,0,0,0,0,0,0,0,0,0,0,0,4.4204,0,0,0,4.4204,0,0,0,0,0,0,0,0,0,0,0,0,0,0,4.4204,4.4204,0,0,0,4.4204,0,0,0,0,0,0,0,0,0,0,0,17.6816,39.7836,17.6816,0,0,0,4.4204,0,4.4204,8.8408,0,0,0,0,0,0,0,0,0,0,0,0,0,44.204,0,0,0,0,0,0,0,0,0,0,0,0,0,0,0,0,0,0,0,0,0,0,0,0,0,0,0,0,0,0,0,0,0,4.4204,0,0,0,17.6816,0,0,0,0,0,0,0,0,0,0,0
NRS,Port Hacking,PHB,34.1192,151.2267,PHB20230111,2023-01-11T20:12:00Z,2023-01-12T07:12:00Z,2023,1,12,7:12:00,100,24.1052,0.4277,35.3845,La Nina,8.2927,6.1001,0,0,0,0,0,0,0,0,0,0,0,0,0,0,0,0,0,0,0,0,0,0,0,0,0,0,0,0,0,0,0,0,0,0,0,0,0,0,0,0,0,0,0,0,0,0,0,14.1453,0,0,0,0,0,0,0,0,0,0,0,0,0,0,0,0,0,0,0,0,0,0,0,0,0,0,0,0,0,0,0,0,0,0,0,0,0,0,0,0,0,0,49.5084,7.0726,0,0,0,0,0,0,0,0,0,0,0,0,0,0,0,0,0,14.1453,0,0,0,0,70.7263,0,0,0,0,0,0,0,0,7.0726,0,0,0,49.5085,7.0726,0,0,0,7.0726,0,0,0,0,0,21.2179,0,0,0,0,0,0,0,0,0,0,0,0,0,0,0,0,0,0,0,0,0,0,0,0,0,0,0,0,0,0,0,0,0,0,0,0,0,0,0,0,0,0,0,0,7.0726,0,0,0,0,0,0,0,0,0,0,0,0,0,0,0
NRS,Kangaroo Island,KAI,35.8322,136.4473,KAI20120116,2012-01-16T20:30:00Z,2012-01-17T07:00:00Z,2012,1,17,7:00:00,100,18.3003,0.1692,35.815,La Nina,3.4674,NA,0,0,1.4145,0,0,0,0,2.1218,0,0,0,0,0,0,0,0,0,0,0,0,0,0,0,0,0,0,0,0,0,0,0,0,0,0,0,0,0,0,0,0,0,0,0,0,1.4145,0,0,3.5363,0,4.2436,0.7073,0,0,0,0,0,1.4146,0,0,0,0,0,0,0,0,0,1.4145,0,0,0,0,0,0,0,0.7073,0,1.4145,0,0,0,0,0,0,0,0,0,0,0,0,0,15.5598,0,0,0,0,0,0.7073,0,0,0,0,0,0,0,0,0,0,0,0,0,0.7073,0,0,0,29.7051,0.7073,0,0,0,0,2.1218,0,0,0,0,0,0,2.1218,8.4872,0,1.4145,0,0.7073,0,0,3.5363,0,0,3.5363,13.438,0,0,0,0,0,0,0,0,0,3.5363,0,0,0,0,0,0,0,0,0,0,0,0,0,0,0,0,0,0,0,0,0,0,0,0,0,0,0,0,0,0,0,0,0,0,0,0,0,2.1218,0,0,0,0,0,0,0,0,0,0,0
NRS,Kangaroo Island,KAI,35.8322,136.4473,KAI20120215,2012-02-15T01:20:00Z,2012-02-15T11:50:00Z,2012,2,15,11:50:00,100,18.5047,1.0435,35.912,La Nina,1.6126,NA,0,0,0,0,0,0,0,3.0312,0,0,0,0,0,1.0104,0,0,0,0,0,0,0,0,0,0,0,0,0,0,0,0,0,0,0,0,0,0,0,0,0,0,0,0,0,0,6.0623,0,0,0,0,4.0415,0,0,1.0104,1.0104,1.0104,0,0,1.0104,0,0,0,0,0,0,0,0,2.0208,0,0,2.0208,0,0,0,0,1.0104,0,0,1.0104,0,0,0,0,0,0,0,0,0,0,0,0,10.1038,0,0,0,0,0,4.0415,0,0,0,0,0,0,0,0,0,0,0,0,0,0,0,0,0,37.3839,1.0104,1.0104,0,0,0,7.0726,0,0,0,0,0,0,3.0311,0,0,1.0104,0,0,0,0,7.0726,0,0,0,5.0519,3.0311,0,0,0,0,0,0,0,0,1.0104,0,0,0,0,0,0,0,0,0,0,0,0,0,0,0,0,0,0,0,0,0,0,0,0,0,0,0,0,0,0,0,0,0,0,0,0,0,8.0831,0,0,0,0,0,0,0,0,0,0,0
NRS,Kangaroo Island,KAI,35.8322,136.4473,KAI20120415,2012-04-15T01:12:00Z,2012-04-15T10:42:00Z,2012,4,15,10:42:00,100,18.36145,0.6488,35.9022,Neutral,1.7788,NA,5.3045,0,0,0,0,0,7.0727,0,0,0,0,0,0,0,0,0,0,0,0,0,0,0,0,0,0,0,0,0,0,0,0,0,0,0,0,0,0,0,0,0,0,0,0,0,3.5363,0,0,49.5085,0,0,0,0,0,0,0,0,0,0,0,0,0,1.7682,3.5363,0,0,0,0,0,0,5.3045,0,0,0,0,0,0,0,0,0,0,0,0,0,0,0,0,0,0,0,0,1.7682,0,0,1.7682,1.7682,0,0,0,0,0,0,0,0,0,0,0,0,0,0,10.609,0,0,0,0,56.5811,21.2179,0,0,0,0,5.3045,0,0,0,0,0,0,10.609,5.3045,0,0,0,3.5363,0,0,35.3632,0,0,0,0,0,0,0,0,0,0,0,0,0,0,0,0,0,0,0,0,0,0,0,0,0,0,0,0,0,0,0,0,0,0,0,0,0,0,0,0,0,0,0,0,0,0,0,0,0,0,0,1.7682,0,0,0,0,0,0,0,0,0,0,0
NRS,Kangaroo Island,KAI,35.8322,136.4473,KAI20130220,2013-02-20T20:50:00Z,2013-02-21T07:20:00Z,2013,2,21,7:20:00,100,19.1812,2.1671,36.015,Neutral,4.1021,NA,0,0,0,0,0,0,0,0.5658,0.1768,0.1415,0,0,0,0,0,0,0,0,0,0,0,0,0,0,0,0,0,0,0,0,0,0,0,0,0,0,0,0,0,0.0354,0,0,0,0,0,0,0,0.0354,0,0,0,0,0,0,0,0,0,0,0,0,0,0,0.0707,0,0,0,0,0,0,0,0,0,0,0,0.0354,0,0,0,0,0,0,0,0,0,0,0,0,0,0,0,0.2475,0,0,0,0,0,0,0,0,0,0,0,0,0,0,0,0,0,0,0.0354,0,0,0,0,0.1768,0,0,0,0,0,0,0.2122,0,0,0,0,0.1415,0.2122,0,0,0,0,0,0,0,0.2475,0,0,0,0,0,0,0,0,0,0,0,0,0,0.1768,0,0,0,0,0,0,0,0,0,0,0,0,0,0,0,0,0,0,0,0,0,0,0,0,0,0,0,0,0,0,0,0,0,0,0,0,0,0.6719,0,0,0,0,0,0,0,0,0,0,0
NRS,Kangaroo Island,KAI,35.8322,136.4473,KAI20130423,2013-04-23T03:46:00Z,2013-04-23T13:16:00Z,2013,4,23,13:16:00,100,19.0839,2.8609,36.0456,Neutral,1.8,NA,0,0,0,0,0,0,1.7682,7.0726,0,0,0,0,0,0,0,0,0,5.3045,0,0,0,0,0,0,0,0,0,0,0,0,0,0,0,0,0,0,0,0,0,0,0,28.2905,0,0,0,0,0,49.5085,0,0,0,0,0,0,0,0,0,0,0,0,0,0,3.5363,0,0,0,1.7682,0,0,8.8408,0,0,0,0,0,0,0,0,0,0,0,0,0,0,0,0,0,0,0,0,1.7682,0,0,0,0,0,0,0,0,0,0,0,0,0,0,0,0,0,0,0,0,0,0,0,304.1233,7.0726,0,0,0,0,1.7682,0,0,0,0,0,0,8.8408,5.3045,0,1.7682,0,0,0,0,7.0726,0,0,0,0,0,0,0,15.9134,0,0,0,0,0,7.0727,0,0,0,0,0,0,0,0,0,0,0,0,0,0,0,0,0,0,0,0,0,0,0,0,0,0,0,0,0,0,0,0,0,0,0,0,0,31.8269,0,0,0,0,0,0,0,0,0,0,0
NRS,Kangaroo Island,KAI,35.8322,136.4473,KAI20130506,2013-05-06T22:25:00Z,2013-05-07T07:55:00Z,2013,5,7,7:55:00,100,18.9244,2.0074,35.9772,La Nina,41.5553,NA,0.1415,0,0,0,0,0,0.0354,0,0,0,0,0.0354,0,0,0,0,0,0,0,0,0,0,0,0,0,0,0,0,0,0,0,0,0,0,0,0,0,0,0,0.0354,0,0,0,0,0.1061,0,0,0.3183,0,0,0,0,0,0,0,0,0,0,0,0,0,0,0.0707,0,0,0,0,0,0,0,0,0,0,0,0.0354,0.0707,0.1061,0,0,0,0,0,0,0,0,0,0,0,0,0,0.1061,0,0,0,0,0,0,0,0,0,0,0,0,0,0,0,0,0,0,0.5304,0,0,0,0,0.6719,0.7073,0,0,0,0,0.0354,0.0354,0,0,0,0,0,0.0354,0,0,0,0,0,0,0,2.1925,0,0,0,0,0,0,0,0,0,0,0,0,0,0.2829,0,0,0,0,0,0,0,0,0,0,0,0,0,0,0,0,0,0,0,0,0,0,0,0,0,0,0,0,0,0,0,0,0,0,0,0,0,0.4951,0,0,0,0,0,0,0,0,0,0,0
NRS,Kangaroo Island,KAI,35.8322,136.4473,KAI20130827,2013-08-27T23:25:00Z,2013-08-28T08:55:00Z,2013,8,28,8:55:00,100,15.8732,1.2467,35.8508,Neutral,1.7186,NA,1.0104,2.0208,0,0,0,1.0104,0,0,0,0,0,0,0,0,0,0,0,1.0104,0,0,0,0,0,0,0,0,0,0,0,0,0,0,0,0,0,0,0,0,0,0,0,0,0,0,0,0,0,9.0934,0,0,0,0,0,1.0104,0,0,1.0104,0,0,0,0,0,0,0,0,0,1.0104,0,0,4.0415,0,0,0,0,4.0415,0,3.0311,0,0,0,0,0,0,0,0,0,0,0,0,0,3.0311,0,0,2.0208,0,0,0,0,0,0,0,0,0,0,1.0104,0,0,0,0,0,0,0,0,0,76.7886,0,0,0,0,0,1.0104,3.0311,0,0,0,0,0,1.0104,1.0104,0,0,0,0,0,0,4.0415,0,0,1.0104,0,4.0415,0,0,0,0,0,0,0,0,12.1245,0,0,0,0,1.0104,0,0,0,0,0,0,0,0,0,0,0,0,0,0,0,0,0,0,0,0,0,0,0,0,0,0,0,0,0,0,0,0,1.0104,0,0,0,0,0,0,0,0,0,0,0
NRS,Kangaroo Island,KAI,35.8322,136.4473,KAI20140122,2014-01-22T04:45:00Z,2014-01-22T15:15:00Z,2014,1,22,15:15:00,100,19.363666666666667,0.3323666666666667,36.01943333333333,Neutral,40.4696,NA,0,4.0415,0,0,0,0,4.0415,0,0,0,0,0,0,0,0,0,0,0,0,0,0,0,0,0,0,0,0,0,0,0,0,0,0,0,0,0,0,0,0,0,0,0,0,0,0,0,0,0,0,0,0,0,0,0,0,0,2.0208,0,0,0,0,0,0,0,0,0,1.0104,0,0,1.0104,0,1.0104,0,0,1.0104,0,0,0,0,0,0,1.0104,0,0,0,0,0,0,0,0,19.8034,0,0,0,0,0,0,0,0,0,0,0,0,0,0,0,0,0,0,0,0,0,0,0,17.1764,4.0416,0,0,0,0,1.0104,0,0,0,0,0,1.0104,0,1.0104,0,3.0311,0,0,0,0,7.0726,0,0,0,0,0,0,0,0,0,0,0,0,0,0,0,0,0,0,0,0,0,0,0,0,0,0,0,0,0,0,0,0,0,0,0,0,0,1.0104,0,0,0,0,0,0,1.0104,0,0,0,0,0,0,0,0,0,0,0,0,0,0,0,0,0,0
NRS,Kangaroo Island,KAI,35.8322,136.4473,KAI20140313,2014-03-13T03:30:00Z,2014-03-13T14:00:00Z,2014,3,13,14:00:00,100,18.1544,1.4985,35.6747,Neutral,2.4613,NA,1.4145,0.7073,0,0,0,1.4145,0,12.7307,0,0,0,0,0,0,0,0,0,0.7073,0,0,0,0,0,0,1.4145,0,0,0,0,0,0,0,0,0,0,0,0,0,0,0,0,0,0,0,0,0,2.8291,0,0,0,0,0,0,0.7073,0,0,0,0,0,0,0,0,0,0,0,0,2.1218,0,0,5.6581,0,0,0,0,2.1218,0,0,0,0,0,0,0,0,0,0,0,0,0,0,0,16.9743,0,0,0,0,0,0,0,0,0,0,0,0,0,0,0,0,0,0,0,4.9508,0.7073,0,0,5.6581,8.4871,0,0,0,0,1.4145,2.8291,0,0,0,0,1.4145,1.4145,0,0,0.7073,0,1.4145,0,0,0,0,0,0.7073,2.1218,0.7073,0,0,0,0,0,0,0,0,1.4146,0,0,0,0,0,0,0,0,0,0,0,0,0,0,0,0,0,0,0,0,0,0,0,0,0,0,0,0,0,0,0,0,0,0,0,0,0,0,0,0,0,0,0,0,0,0,0,1.4145,0
NRS,Kangaroo Island,KAI,35.8322,136.4473,KAI20140507,2014-05-07T04:15:00Z,2014-05-07T13:45:00Z,2014,5,7,13:45:00,100,17.7625,1.8812,35.7878,Neutral,7.1716,NA,0,3.5363,0,0,0,3.5363,0,24.7542,0,0,0,0,0,0,0,0,0,17.6816,0,0,0,0,0,0,0,0,0,0,0,0,0,0,0,0,0,0,0,0,0,10.6089,0,0,0,0,0,0,0,14.1453,0,0,0,0,0,0,0,0,0,0,0,0,0,0,0,0,0,0,0,0,0,120.2348,0,0,0,0,0,0,3.5363,0,0,0,0,0,0,0,0,0,0,0,0,0,10.6089,0,0,0,0,0,0,0,0,0,0,0,0,0,0,0,0,0,0,0,3.5363,0,0,0,155.598,0,0,0,0,0,0,17.6816,0,0,0,0,0,0,0,0,0,0,0,0,0,21.2179,0,0,0,0,14.1453,0,0,0,0,0,0,0,0,21.2179,0,0,0,0,0,0,0,0,0,0,0,0,0,0,0,0,0,0,0,0,0,0,0,0,0,0,0,0,0,0,0,0,0,0,0,0,0,0,0,0,0,0,0,0,0,0,0,0,0
NRS,Kangaroo Island,KAI,35.8322,136.4473,KAI20140713,2014-07-13T06:43:00Z,2014-07-13T16:13:00Z,2014,7,13,16:13:00,100,15.9661,2.5422,35.791,Neutral,3.8793,NA,7.0726,7.0726,0,0,0,0,0,17.6816,0,0,0,0,0,0,0,0,0,0,0,0,0,0,0,0,0,0,0,0,0,0,0,0,0,0,0,0,0,0,0,3.5363,0,0,0,0,0,0,0,17.6816,0,0,0,0,0,0,0,0,0,0,0,0,0,0,0,0,0,0,7.0726,0,0,3.5363,0,0,0,0,14.1452,0,0,0,0,0,0,0,0,0,0,0,0,0,0,0,56.581,0,0,0,0,0,0,0,0,0,0,0,0,0,0,0,0,0,0,0,0,0,0,0,28.2906,10.609,0,0,0,0,3.5363,0,0,0,0,0,0,0,0,0,0,0,0,0,0,21.2179,0,0,3.5363,0,3.5363,0,0,0,0,0,0,0,0,42.4358,0,0,0,0,0,0,0,0,0,0,0,0,0,0,0,0,0,0,0,0,0,0,0,0,0,0,0,0,0,0,0,0,0,0,0,0,0,0,0,0,0,0,0,0,0,0,0,0,0
NRS,Kangaroo Island,KAI,35.8322,136.4473,KAI20141029,2014-10-29T00:30:00Z,2014-10-29T11:00:00Z,2014,10,29,11:00:00,100,16.1056,0.0822,35.8184,Neutral,5.2125,NA,0,3.5363,0,0,0,0,0,0,0,0,0,0,0,0,0,0,0,0,0,0,0,0,0,0,0,0,0,0,0,0,0,0,0,0,0,0,0,0,0,0,0,0,0,0,3.5363,0,3.5363,3.5363,0,0,0,0,0,0,0,0,0,0,0,0,0,0,0,0,0,0,0,0,0,3.5363,0,0,0,0,0,0,3.5363,0,0,0,0,0,0,0,0,0,0,0,0,0,31.8269,0,0,0,0,0,0,0,0,0,0,0,0,0,0,0,0,0,0,0,3.5363,0,0,0,88.408,14.1453,0,0,0,0,0,28.2905,0,0,0,0,3.5363,7.0726,10.609,0,0,0,0,0,0,0,0,0,0,17.6816,7.0726,0,0,0,0,3.5363,0,3.5363,0,10.6089,0,0,0,0,0,0,0,0,0,0,0,0,0,0,0,0,0,0,0,0,0,0,0,0,0,0,0,0,0,0,0,0,0,0,0,0,0,3.5363,0,0,0,0,0,0,0,0,0,0,0
NRS,Kangaroo Island,KAI,35.8322,136.4473,KAI20141201,2014-12-01T19:35:00Z,2014-12-02T06:05:00Z,2014,12,2,6:05:00,100,17.3268,0.0827,35.9055,Neutral,45.9332,NA,0,0,0,0,0,0,0,35.3632,0,0,0,0,0,0,0,0,0,0,0,0,0,0,0,0,0,0,3.5363,0,0,0,3.5363,0,0,0,0,0,0,0,0,17.6816,0,0,0,0,3.5363,0,3.5363,106.0895,0,3.5363,0,0,0,0,0,0,0,0,0,0,0,0,0,0,0,0,0,0,0,10.609,0,0,0,0,3.5363,0,21.2179,0,0,0,0,0,0,0,0,0,0,0,0,0,113.1622,0,0,0,0,0,0,0,0,0,0,0,0,0,0,0,0,0,0,0,0,0,0,0,141.4527,7.0726,0,0,0,0,14.1453,14.1453,0,0,0,0,3.5363,0,0,0,0,0,0,0,0,10.609,0,0,0,28.2905,10.609,0,0,0,0,0,0,0,0,3.5363,0,0,0,0,0,0,0,0,0,0,0,0,0,0,0,0,0,0,0,0,0,0,0,0,0,0,0,0,0,0,0,0,0,0,0,0,0,0,0,0,0,0,0,0,0,0,0,0,0
NRS,Kangaroo Island,KAI,35.8322,136.4473,KAI20150224,2015-02-24T22:25:00Z,2015-02-25T08:55:00Z,2015,2,25,8:55:00,100,18.3968,1.0647,36.056,Neutral,9.693,NA,0,7.0726,3.5363,0,0,0,0,17.6816,0,0,0,0,0,3.5363,0,0,0,0,0,0,0,0,0,0,3.5363,0,0,0,0,0,0,0,0,0,0,0,0,0,0,0,0,0,0,0,0,0,3.5363,10.609,0,10.609,0,0,0,0,0,0,0,0,0,0,0,0,0,0,0,0,3.5363,0,0,3.5363,0,0,0,0,3.5363,0,7.0726,0,0,0,0,0,0,0,0,0,0,0,0,0,130.8437,0,0,0,0,0,0,0,0,0,0,0,0,0,0,0,0,0,0,0,0,0,0,0,152.0616,14.1453,0,0,0,0,0,10.609,0,0,0,0,0,0,3.5363,0,28.2905,0,0,0,0,24.7542,0,0,0,0,3.5363,0,0,0,0,0,0,0,0,0,0,0,0,0,0,0,0,0,3.5363,0,0,0,0,0,0,0,0,0,0,0,0,0,0,0,0,0,0,0,0,0,0,0,0,0,0,0,0,14.1453,0,0,0,0,0,0,0,0,0,0,0
NRS,Kangaroo Island,KAI,35.8322,136.4473,KAI20150408,2015-04-08T21:41:00Z,2015-04-09T07:11:00Z,2015,4,9,7:11:00,100,18.2254,0.9685,35.8221,El Nino,1.0114,NA,3.5363,0,0,0,0,0,0,0,0,0,0,0,0,1.4145,0,0,0,0,0,0,0,0,0,0,2.1218,0,0,0,0,0,1.4145,0,0,0,0,0,0,0,0,0.7073,0,0,0,0,2.8291,0,0,0,0,1.4145,0,0,0,0,0,0,0.7073,0,0,0,0,2.1218,0,0,0,0,0,0,0,0,0,0,0,0,0.7073,0,3.5363,0,0,0,0,0,0,0,0,0,0,0,0,0,5.6582,0,0,0,0,0,2.1218,0,0,0,0,0,0,0,0,0,0,1.4146,0,0,0,0,0,0,79.9207,0,0,0,0,0,5.6581,0,0,0,0,0,0,0,2.8291,0,1.4145,0,0,0,0,28.2905,0,0,0,3.5363,0,0,0,0,0,0.7073,0,0,0,4.9508,0,0,0,0,0,0,0,0,0,0,0,0,0,0,0,0,0,0,0,0,0,0,0,0.7073,0,0,0,0,0,0,0,0,0,0,0,0,0,0.7073,0,0,0,0,0,0,0,0,0,0.7073,0
NRS,Kangaroo Island,KAI,35.8322,136.4473,KAI20150629,2015-06-29T22:05:00Z,2015-06-30T07:35:00Z,2015,6,30,7:35:00,100,16.3662,2.1105,35.8032,El Nino,0.435,NA,0,2.829,0,0,0,0,0,2.8291,0,0,0,0,0,0,0,0,0,4.2436,0,0,0,0,0,0,0,0,0,0,0,0,0,0,0,0,0,0,0,0,0,2.829,0,0,0,0,4.2436,0,0,65.0683,0,1.4145,0,0,0,0,0,0,0,0,0,0,0,0,0,0,0,0,2.8291,0,0,11.3162,0,0,0,0,1.4145,0,0,0,0,0,0,0,0,0,0,0,0,0,0,0,4.2436,0,0,0,0,0,0,0,0,0,0,0,0,0,0,0,0,0,0,0,1.4145,0,0,0,31.1196,8.4872,1.4145,0,0,0,5.6581,19.8034,0,0,0,0,1.4145,0,8.4872,0,0,0,0,0,0,5.6581,0,0,0,2.8291,4.2436,0,0,0,0,0,0,0,0,24.0469,0,0,0,0,0,0,0,0,0,0,0,0,0,0,0,0,0,0,0,0,0,0,0,0,0,0,0,0,0,0,0,0,0,0,0,0,0,5.6581,0,0,0,0,0,0,0,0,0,0,0
NRS,Kangaroo Island,KAI,35.8322,136.4473,KAI20150909,2015-09-09T03:20:00Z,2015-09-09T12:50:00Z,2015,9,9,12:50:00,100,14.6879,1.4033,35.9352,El Nino,15.8073,NA,0,1.7682,0,0,0,0,0,1.7682,0,0,0,0,0,0,0,0,0,0,0,0,0,0,0,0,0,0,0,0,0,0,0,0,0,0,0,0,0,0,0,1.7682,0,0,0,0,5.3045,0,0,49.5085,0,3.5363,0,0,0,3.5363,0,0,1.7682,0,0,0,0,0,0,0,0,0,3.5363,0,0,1.7682,0,0,0,0,0,0,5.3045,0,0,0,0,0,0,0,0,0,0,0,0,0,15.9134,0,0,0,0,0,0,0,0,0,0,0,0,0,0,0,0,0,0,0,0,0,0,0,37.1313,0,0,0,0,0,1.7682,3.5363,0,0,0,0,0,5.3045,0,0,1.7682,0,0,0,0,10.609,0,0,0,0,3.5363,0,0,0,0,0,0,0,0,35.3632,0,0,0,0,0,0,0,0,0,0,0,0,0,0,0,0,0,0,0,0,0,0,0,0,0,0,0,0,0,0,0,0,0,0,0,0,0,1.7682,0,0,0,0,0,0,0,0,0,0,0
NRS,Kangaroo Island,KAI,35.8322,136.4473,KAI20151116,2015-11-16T23:20:00Z,2015-11-17T09:50:00Z,2015,11,17,9:50:00,100,15.2806,1.6685,35.8841,El Nino,6.521,NA,0,0,0,0,0,0,0,7.0726,0,0,0,0,0,0,0,0,0,0,0,0,0,0,0,0,10.609,0,0,0,0,0,0,0,0,0,0,0,0,0,0,31.8269,0,0,0,0,0,0,0,0,0,0,0,0,0,0,0,0,0,0,0,0,0,0,0,0,0,0,17.6816,0,0,0,0,0,0,0,0,0,3.5363,0,0,0,0,0,0,0,0,0,0,0,0,0,35.3631,0,0,0,0,0,0,0,0,0,0,0,0,0,0,0,0,0,0,0,0,0,0,0,17.6816,0,0,0,0,0,7.0726,0,0,0,0,0,0,0,0,0,0,0,0,0,0,17.6816,0,0,0,0,3.5363,0,0,0,0,0,0,0,0,10.609,0,0,0,0,0,0,0,0,0,0,0,0,0,0,0,0,0,0,0,0,0,0,0,0,0,0,0,0,0,0,0,0,0,0,0,0,0,0,0,0,0,0,0,0,0,0,0,0,0
NRS,Kangaroo Island,KAI,35.8322,136.4473,KAI20160223,2016-02-23T21:25:00Z,2016-02-24T07:55:00Z,2016,2,24,7:55:00,100,18.8639,0.624,35.7795,El Nino,14.2372,NA,1.4145,0,0,0,0,0,0,0,0,0,0,0,0,0,0,0,0,0,0,0,0,0,0,0,0,0,0,0,0,0,0,0,0,0,0,0,0,0,0,0,0,0,0,0,5.6581,0,0,1.4145,0,0,0,0,0,0,0,0,0,0,0,0,0,0,0,0,0,0,0,0,0,0,0,0,0,0,0,0,0,0,0,0,0,0,0,0,0,0,0,0,0,0,35.3632,0,0,0,0,0,0,0,0,0,0,0,0,0,0,0,0,0,0,26.876,0,0,0,0,38.1922,0,4.2436,0,0,0,2.8291,0,0,0,0,0,0,1.4145,1.4145,0,1.4145,0,0,0,0,0,0,0,0,0,0,1.4145,0,0,0,0,0,0,0,12.7307,0,0,0,0,0,0,0,0,0,0,0,0,0,0,0,0,0,0,0,0,0,0,0,0,0,0,0,0,0,0,0,0,0,0,0,0,0,1.4145,0,0,0,0,0,0,0,0,0,0,0
NRS,Kangaroo Island,KAI,35.8322,136.4473,KAI20160525,2016-05-25T22:05:00Z,2016-05-26T07:35:00Z,2016,5,26,7:35:00,100,17.6364,2.0138,35.9111,El Nino,7.4943,NA,0,0,0,0,0,0,0,14.1453,0,0,0,0,0,0,0,0,0,3.5363,0,0,0,0,0,0,3.5363,0,0,0,0,0,0,0,0,0,0,0,0,0,0,0,0,0,0,0,0,0,0,31.8269,0,0,0,0,0,0,0,0,0,0,0,0,0,0,0,0,0,0,0,0,0,0,0,0,0,0,0,0,7.0726,0,0,0,0,0,0,0,0,0,0,0,0,0,21.2178,0,0,0,0,0,0,0,0,0,0,0,0,0,0,0,0,0,0,0,0,0,0,0,88.408,0,0,0,0,0,7.0726,0,0,0,0,0,0,7.0726,3.5363,0,0,0,0,0,0,7.0726,0,0,0,0,7.0726,0,0,0,0,0,0,0,0,7.0726,0,0,0,0,0,0,0,0,0,0,0,0,0,0,0,0,0,0,0,0,0,0,0,0,0,0,0,0,0,0,0,0,0,0,0,0,0,3.5363,0,0,0,0,0,0,0,0,0,0,0
NRS,Kangaroo Island,KAI,35.8322,136.4473,KAI20160915,2016-09-15T01:48:00Z,2016-09-15T11:18:00Z,2016,9,15,11:18:00,100,14.7945,0.8299,35.978,Neutral,17.1193,NA,7.0726,3.5363,0,0,0,0,3.5363,0,0,0,0,0,0,0,0,0,0,0,0,0,0,0,0,0,0,0,0,0,0,0,0,0,0,0,0,0,0,0,0,0,0,0,0,0,7.0726,0,0,7.0726,0,3.5363,0,0,0,0,0,0,3.5363,0,0,0,0,0,0,0,0,0,10.6089,0,0,7.0726,0,0,0,0,31.8269,0,14.1453,0,0,0,0,0,0,0,0,0,0,0,0,0,49.5085,0,0,0,0,0,3.5363,0,0,0,0,0,0,0,0,0,0,0,0,0,0,0,0,0,134.3801,0,0,0,0,0,3.5363,0,0,0,0,0,0,3.5363,67.19,0,0,0,0,0,0,35.3632,0,0,38.8995,0,0,0,0,0,0,0,0,0,0,0,0,0,0,0,0,0,0,0,0,0,0,0,0,0,0,0,0,0,0,0,0,0,0,0,0,0,0,0,0,0,0,0,0,0,0,0,0,70.7264,0,0,0,0,0,0,0,0,0,0,0
NRS,Kangaroo Island,KAI,35.8322,136.4473,KAI20161118,2016-11-18T02:15:00Z,2016-11-18T12:45:00Z,2016,11,18,12:45:00,100,15.3319,1.1118,35.8116,Neutral,11.2243,NA,0,0,0,0,0,0,0,0,0,0,0,0,0,0,0,0,0,0,0,0,0,0,0,0,0,0,0,0,0,0,0,0,0,0,0,0,0,0,0,3.5363,0,0,0,0,28.2905,0,0,63.6537,0,3.5363,0,0,0,0,0,0,0,0,0,0,0,0,0,0,0,0,17.6816,0,0,0,0,0,0,0,7.0726,0,0,0,0,0,0,0,0,0,0,0,0,0,0,0,21.2179,0,0,0,0,0,0,0,0,0,0,0,0,0,0,0,0,0,0,0,0,0,0,0,21.2179,24.7543,0,0,0,0,3.5363,0,0,0,0,0,0,3.5363,28.2905,0,24.7542,0,0,0,0,42.4358,0,0,3.5363,0,7.0726,0,0,0,0,0,0,0,0,35.3632,0,0,0,0,0,0,0,0,0,0,0,0,0,0,0,0,0,0,0,0,0,0,0,0,0,0,0,0,0,0,0,0,0,0,0,0,0,0,0,0,0,0,0,0,0,0,3.5363,0,0
NRS,Kangaroo Island,KAI,35.8322,136.4473,KAI20170315,2017-03-15T01:57:00Z,2017-03-15T12:27:00Z,2017,3,15,12:27:00,100,18.414825,0.5543,35.829275,Neutral,33.8991,NA,3.5363,3.5363,3.5363,0,0,0,0,14.1453,0,0,0,0,0,0,0,0,0,0,0,0,0,0,0,0,0,0,3.5363,0,0,0,0,0,0,0,0,0,0,0,0,0,0,0,0,0,0,0,0,7.0726,0,3.5363,0,0,0,0,0,0,0,0,0,0,0,0,0,0,0,0,0,0,0,0,0,0,0,0,3.5363,0,3.5363,0,0,0,0,0,0,0,0,0,0,0,0,0,74.2627,0,0,0,0,0,0,0,0,0,0,0,0,0,0,0,0,0,0,0,3.5363,0,0,0,31.8269,3.5363,0,0,0,0,0,3.5363,0,0,0,0,0,3.5363,0,0,17.6816,0,3.5363,0,0,17.6816,0,0,0,0,7.0726,0,0,0,0,0,0,0,0,0,0,0,0,0,0,0,3.5363,0,0,0,0,0,0,0,0,0,7.0726,0,0,0,0,0,0,0,0,0,0,0,0,0,0,0,0,0,0,0,0,7.0726,0,0,0,0,0,0,0,0,0,0,0
NRS,Kangaroo Island,KAI,35.8322,136.4473,KAI20170518,2017-05-18T01:45:00Z,2017-05-18T11:15:00Z,2017,5,18,11:15:00,100,17.7761,1.9324,35.93,Neutral,5.5944,NA,0,0,0,0,0,0,0,0,0,0,0,0,0,0,0,0,0,0,0,0,0,0,0,0,0,0,0,0,0,0,0,0,0,0,0,0,0,0,0,0,0,0,0,0,0,0,0,141.4527,0,0,0,0,0,21.2179,0,0,0,0,0,0,0,0,0,0,0,0,14.1453,0,0,0,0,0,0,0,0,0,7.0726,0,0,0,0,0,0,0,0,0,0,0,0,0,7.0726,0,0,0,0,0,14.1453,0,0,0,0,0,0,0,0,0,0,0,0,0,0,0,0,0,134.3801,0,0,0,0,0,0,35.3632,0,0,0,0,0,0,21.2179,0,0,0,0,0,0,134.3801,0,0,0,0,14.1453,0,0,0,0,0,0,0,0,28.2905,0,0,0,0,0,0,0,0,0,0,0,0,0,0,0,0,0,0,0,0,0,0,0,0,0,0,0,0,0,0,0,0,0,0,0,0,0,14.1452,0,0,0,0,0,0,0,0,0,0,0
NRS,Kangaroo Island,KAI,35.8322,136.4473,KAI20170908,2017-09-08T05:30:00Z,2017-09-08T15:00:00Z,2017,9,8,15:00:00,100,14.9704,1.6762,36.0138,La Nina,8.1654,NA,7.0726,0,0,0,0,0,0,10.609,0,0,0,0,0,0,0,0,0,3.5363,0,0,0,0,0,0,0,0,10.609,0,0,0,0,0,0,0,0,0,0,0,0,7.0726,0,0,0,0,0,0,0,49.5085,0,14.1453,0,0,3.5363,0,0,0,0,0,0,0,0,0,0,0,0,0,14.1453,0,0,0,0,0,0,0,63.6537,0,31.8269,0,0,0,0,0,0,0,0,0,0,0,0,0,91.9442,0,0,0,0,0,0,0,0,0,0,0,0,0,0,0,0,0,0,0,0,0,0,0,88.4079,279.3691,0,0,0,0,7.0726,63.6537,0,0,0,0,0,14.1453,35.3632,0,28.2905,0,0,0,0,3.5363,0,0,0,0,67.19,0,0,0,0,0,0,0,0,70.7263,0,0,0,0,0,0,0,0,0,0,0,0,0,0,0,0,0,0,0,0,0,0,0,0,0,0,0,0,0,0,0,0,0,0,0,0,0,35.3633,0,0,0,0,0,0,0,0,0,0,0
NRS,Kangaroo Island,KAI,35.8322,136.4473,KAI20171129,2017-11-29T04:20:00Z,2017-11-29T14:50:00Z,2017,11,29,14:50:00,100,16.9639,0.4585,35.8258,La Nina,7.4404,NA,0,0,0,0,0,0,0,0,0,0,0,0,0,0,0,0,0,0,0,0,0,0,0,0,0,0,21.2179,0,0,0,0,0,0,0,0,0,0,0,0,0,0,0,0,0,0,0,7.0726,0,0,0,0,0,0,0,0,0,0,0,0,0,0,0,0,0,0,0,0,0,0,0,0,0,0,0,0,0,0,0,0,0,0,0,0,0,0,0,0,0,0,0,14.1453,0,0,0,0,0,7.0726,0,0,0,0,0,0,0,0,0,0,0,0,0,0,0,0,0,155.598,0,0,0,0,0,7.0726,7.0726,0,0,0,0,0,0,49.5085,0,91.9443,0,7.0726,0,0,21.2179,0,0,0,0,42.4358,0,0,0,0,0,0,0,0,7.0726,0,0,0,0,0,0,0,0,0,0,0,0,0,0,0,0,0,0,0,0,0,0,0,0,0,0,0,0,0,0,0,0,0,0,0,0,0,99.0169,0,0,0,0,0,0,0,0,0,0,0
NRS,Kangaroo Island,KAI,35.8322,136.4473,KAI20180307,2018-03-07T01:50:00Z,2018-03-07T12:20:00Z,2018,3,7,12:20:00,100,19.0305,0.598,36.0482,La Nina,15.5492,NA,0,0,0,0,0,0,0,155.598,0,0,0,0,0,0,0,0,0,0,0,0,0,0,0,0,0,0,0,0,0,0,0,0,0,0,0,0,0,0,0,0,0,0,0,0,0,0,0,99.0169,0,0,0,0,0,0,0,0,0,0,0,0,0,0,0,0,0,0,14.1453,0,0,28.2905,0,0,0,0,0,0,0,0,0,0,0,0,0,0,0,0,0,0,0,0,42.4359,0,0,0,0,0,0,0,0,0,0,0,0,0,0,0,0,0,0,0,0,0,0,0,509.2298,56.5811,0,0,0,0,0,0,0,0,0,0,0,0,14.1453,0,0,0,0,0,0,14.1453,0,0,0,0,0,0,0,0,0,0,0,0,0,14.1453,0,0,0,0,0,0,0,0,0,0,0,0,0,0,0,0,0,0,0,0,0,0,0,0,0,0,14.1453,0,0,0,0,0,0,0,0,0,0,42.4358,0,0,0,0,0,0,0,0,0,0,0
NRS,Kangaroo Island,KAI,35.8322,136.4473,KAI20180515,2018-05-15T22:45:00Z,2018-05-16T08:15:00Z,2018,5,16,8:15:00,100,18.5234,1.389,36.0336,La Nina,4.4416,NA,0,0,0,0,0,0,0,0,0,0,0,0,0,7.0726,0,0,0,0,0,0,0,0,0,0,0,0,0,0,0,0,0,0,0,0,0,0,0,0,0,7.0726,0,0,0,0,0,0,0,14.1453,0,0,0,0,0,0,0,0,0,0,0,0,0,0,0,0,0,0,0,0,0,10.609,0,0,0,0,7.0726,0,10.609,0,0,0,0,0,0,0,0,0,0,0,0,0,0,0,0,0,0,0,3.5363,0,0,0,0,0,0,0,0,0,0,0,0,0,3.5363,0,0,0,63.6537,311.196,3.5363,0,0,0,0,3.5363,0,0,0,0,0,7.0726,3.5363,0,0,0,0,0,0,81.3353,0,0,0,0,14.1453,0,0,0,0,0,0,0,0,7.0726,0,0,0,0,0,3.5363,0,0,0,0,0,0,0,0,0,0,0,0,0,0,0,0,0,0,0,0,0,0,0,0,0,0,0,0,0,0,0,60.1174,0,0,0,0,0,0,0,0,3.5363,0,0
NRS,Kangaroo Island,KAI,35.8322,136.4473,KAI20180820,2018-08-20T22:30:00Z,2018-08-21T08:00:00Z,2018,8,21,8:00:00,100,15.0185,0.1987,36.0136,Neutral,21.0269,NA,0,21.2179,0,0,0,0,0,77.799,0,0,0,0,0,0,0,0,0,7.0726,0,0,0,0,0,0,0,0,0,0,0,0,0,0,0,0,0,0,0,0,0,0,0,0,0,0,0,0,7.0726,219.2517,0,0,0,0,0,0,0,0,0,0,0,0,0,0,0,0,0,0,0,0,0,7.0726,0,0,0,0,21.2179,0,7.0726,0,0,0,0,0,0,0,0,0,0,0,0,0,35.3631,0,0,0,0,0,0,0,0,0,0,0,0,0,0,0,0,0,0,0,0,0,0,0,282.9055,28.2905,0,0,0,0,0,14.1453,0,0,0,0,0,28.2905,0,0,0,28.2905,0,0,0,0,0,0,0,0,190.9612,0,0,0,0,0,0,0,0,155.598,0,0,0,0,0,0,0,0,0,0,0,0,0,0,0,0,0,0,0,0,0,0,0,0,0,0,0,0,0,0,0,0,0,0,0,0,0,21.2179,0,0,0,0,0,0,0,0,0,0,0
NRS,Kangaroo Island,KAI,35.8322,136.4473,KAI20181204,2018-12-04T05:09:00Z,2018-12-04T15:39:00Z,2018,12,4,15:39:00,100,16.0732,0.0517,35.6208,Neutral,10.7787,NA,7.0726,0,0,0,0,0,0,21.2179,0,0,0,0,0,0,0,0,0,0,0,0,0,0,0,0,7.0726,0,0,0,0,0,0,0,0,0,0,0,0,0,0,7.0726,0,162.6706,0,0,14.1453,0,0,0,0,28.2905,0,0,0,0,0,0,0,0,0,0,0,0,0,0,0,0,0,0,0,0,0,0,0,0,0,0,0,0,0,0,0,0,0,0,0,0,0,0,0,0,99.0169,0,0,0,0,0,0,0,0,0,0,0,0,0,0,0,0,0,0,14.1453,0,0,0,0,0,35.3631,0,0,0,0,49.5085,0,0,0,0,0,0,0,21.2179,0,0,14.1453,0,0,0,56.5811,0,0,14.1453,0,21.2179,0,0,0,0,0,0,0,0,42.4358,7.0726,0,0,0,0,0,0,0,0,0,0,0,0,0,0,0,0,0,0,0,0,0,0,0,0,0,0,0,0,0,0,0,0,0,0,0,0,14.1452,0,0,0,0,0,0,0,0,0,0,0
NRS,Kangaroo Island,KAI,35.8322,136.4473,KAI20190320,2019-03-20T03:10:00Z,2019-03-20T13:40:00Z,2019,3,20,13:40:00,100,19.2228,0.0411,35.8379,El Nino,12.0977,NA,0,0,0,0,0,0,0,7.0726,0,0,0,0,0,0,0,0,0,0,0,0,0,0,0,0,14.1453,0,0,0,0,0,0,0,0,0,0,0,0,0,0,0,0,0,0,0,0,0,0,49.5085,0,14.1453,0,0,0,0,0,0,0,0,0,0,0,0,0,0,0,0,7.0726,0,0,0,0,0,0,0,0,0,0,0,0,0,0,0,0,0,0,0,0,0,0,0,21.2179,0,0,0,0,0,7.0726,0,0,0,0,0,0,0,0,0,0,0,0,0,7.0726,0,0,0,841.6437,91.9443,0,0,0,0,7.0726,0,0,0,0,0,0,14.1453,35.3632,0,14.1453,91.9443,0,0,0,35.3632,0,0,0,0,21.2179,0,0,0,0,7.0726,0,0,0,0,0,0,0,0,0,0,0,0,0,0,0,0,0,0,0,0,0,0,0,0,0,0,0,0,0,0,0,0,0,0,0,0,0,0,0,0,0,14.1453,0,0,0,0,0,0,0,0,0,0,0
NRS,Kangaroo Island,KAI,35.8322,136.4473,KAI20190514,2019-05-14T05:05:00Z,2019-05-14T15:35:00Z,2019,5,14,15:35:00,100,18.2088,0.2555,35.9772,Neutral,6.5245,NA,0,0,0,0,0,0,0,0,0,0,0,0,0,0,0,0,0,0,0,0,0,0,0,0,0,0,0,0,0,0,0,0,0,0,0,0,0,0,0,0,0,0,0,0,0,0,0,70.7264,0,0,0,0,0,7.0726,0,0,0,0,0,0,0,0,0,0,0,0,7.0726,0,0,0,0,0,0,0,7.0726,0,0,0,0,0,0,0,0,0,0,0,0,0,0,0,0,0,0,0,0,0,7.0726,0,0,0,0,0,0,0,0,0,0,0,0,0,0,0,0,0,325.3413,21.2179,0,0,0,0,7.0726,0,0,0,0,0,0,14.1453,21.2179,0,0,35.3632,0,0,0,205.1064,0,0,0,0,120.2348,0,0,0,0,0,0,0,0,0,42.4358,0,0,0,7.0726,0,0,0,0,0,0,0,0,0,0,0,0,0,0,0,0,0,0,0,0,0,0,0,0,0,0,0,0,0,0,0,0,28.2905,0,0,0,0,0,0,0,0,0,0,0
NRS,Kangaroo Island,KAI,35.8322,136.4473,KAI20190909,2019-09-09T21:20:00Z,2019-09-10T07:50:00Z,2019,9,10,7:50:00,100,14.5244,0.3808,36.0241,Neutral,1.2023,NA,0,0,0,0,0,0,0,0,0,0,0,0,0,0,0,0,0,0,0,0,0,0,0,0,0,0,0,0,0,0,0,0,0,0,0,0,0,0,0,0,0,0,0,0,3.5363,0,0,95.4806,3.5363,0,0,0,0,0,3.5363,0,0,0,0,0,0,0,0,0,0,0,3.5363,0,0,0,0,0,0,0,14.1453,0,7.0726,0,0,0,0,0,0,0,0,0,0,0,0,0,53.0447,0,0,0,0,0,0,0,0,0,0,0,0,0,0,0,0,0,0,0,0,0,0,0,233.397,3.5363,0,0,0,0,7.0726,3.5363,0,0,0,0,0,3.5363,14.1453,0,0,0,0,0,0,14.1453,0,0,0,0,109.6259,0,0,0,0,0,0,0,0,35.3632,3.5363,0,0,0,0,0,0,0,0,0,0,0,0,0,0,0,0,0,0,0,0,0,0,0,0,0,0,0,0,0,0,0,0,0,0,0,0,35.3632,0,0,0,0,0,0,0,0,0,0,0
NRS,Kangaroo Island,KAI,35.8322,136.4473,KAI20191127,2019-11-27T03:55:00Z,2019-11-27T14:25:00Z,2019,11,27,14:25:00,100,16.3428,0.0306,35.8212,Neutral,9.3748,NA,0,0,0,0,0,0,0,1.4145,0,0,0,0,0,0,0,0,0,0,0,0,0,0,0,0,0,0,0,0,0,0,0,1.4145,0,0,0,0,0,0,0,1.4145,0,0,0,0,0,0,0,9.9017,0,0,0,0,0,0,0,0,0,0,0,0,0,0,0,0,0,0,1.4145,0,0,0,0,0,0,0,1.4145,0,1.4145,0,0,0,0,0,0,0,0,0,0,0,0,0,5.6581,0,0,0,0,0,0,0,0,0,0,0,0,0,0,0,0,0,0,0,0,0,0,0,100.4314,11.3163,0,0,0,0,2.8291,0,0,0,0,0,0,0,1.4145,0,1.4145,0,0,0,0,2.8291,0,0,0,0,12.7307,0,0,0,0,0,0,1.4145,0,1.4145,0,0,0,0,0,0,0,0,0,0,0,0,0,0,0,0,0,0,0,0,0,0,0,0,0,0,0,0,0,0,0,0,0,0,0,0,0,4.2436,0,1.4145,0,0,0,0,0,0,0,0,0
NRS,Kangaroo Island,KAI,35.8322,136.4473,KAI20200204,2020-02-04T03:55:00Z,2020-02-04T14:25:00Z,2020,2,4,14:25:00,100,19.3744,0.0706,36.2969,Neutral,12.027,NA,0,0,0,0,0,0,0,169.7433,0,0,0,0,0,0,0,0,0,21.2179,0,0,0,0,0,0,0,0,0,0,0,0,0,0,0,0,0,0,0,0,0,0,0,0,0,0,0,0,0,42.4358,0,7.0726,0,0,0,0,0,0,0,0,0,0,0,0,0,0,0,0,7.0726,0,0,99.0169,0,0,0,0,14.1453,0,0,0,0,0,0,0,0,0,0,0,0,0,0,0,49.5084,0,0,0,0,0,0,0,0,0,0,0,0,0,0,0,0,0,0,0,0,0,0,0,473.8666,70.7263,0,0,0,0,0,14.1453,0,0,0,0,0,0,0,0,7.0726,0,0,0,0,7.0726,0,0,7.0726,0,35.3632,0,0,0,0,0,0,0,0,28.2905,0,0,0,0,0,0,0,0,0,0,0,0,0,0,0,0,0,0,0,0,0,0,0,0,0,0,0,0,0,0,0,0,0,0,0,0,0,7.0726,0,0,0,0,0,0,0,0,0,0,0
NRS,Kangaroo Island,KAI,35.8322,136.4473,KAI20200527,2020-05-27T23:00:00Z,2020-05-28T08:30:00Z,2020,5,28,8:30:00,100,17.4511,0.3492,35.8986,Neutral,3.9748,NA,0,0,0,0,0,0,0,0,0,0,0,0,0,0,0,0,0,0,0,0,0,0,0,0,0,0,0,0,0,0,0,0,0,0,0,0,0,0,0,0,0,0,0,0,0,0,0,21.2179,0,7.0726,0,0,0,7.0726,0,0,0,0,0,0,0,0,0,0,0,0,0,0,0,7.0726,0,0,0,0,0,0,0,0,0,0,0,0,0,0,0,0,0,0,0,0,7.0726,0,0,0,0,0,28.2905,0,0,0,0,0,0,0,0,0,0,7.0726,0,0,0,0,0,0,473.8666,7.0726,0,0,0,0,0,0,0,0,0,0,0,21.2179,70.7264,0,0,0,0,0,0,84.8716,0,0,0,0,63.6537,0,0,0,0,0,0,0,0,0,0,0,0,0,0,0,0,0,0,0,0,0,0,0,0,0,0,0,0,0,0,0,0,0,0,0,0,0,0,0,0,0,0,0,0,0,0,134.3801,0,0,0,0,0,0,0,0,0,0,0
NRS,Kangaroo Island,KAI,35.8322,136.4473,KAI20201123,2020-11-23T20:25:00Z,2020-11-24T06:55:00Z,2020,11,24,6:55:00,100,15.5069,1.078,35.6489,La Nina,13.5759,10.3154,0,0,0,0,0,0,0,2.0208,0,0,0,0,0,0,0,0,0,0,0,0,0,0,0,0,0,0,0,0,0,0,0,0,0,0,0,0,0,0,0,8.0831,0,0,0,0,2.0208,0,0,16.166,0,6.0623,0,0,0,0,0,0,0,2.0208,0,0,0,0,0,0,0,0,0,0,0,0,0,0,0,0,0,0,0,0,0,0,0,0,0,0,0,0,0,0,0,0,52.5396,0,0,0,0,0,0,0,0,0,0,0,0,0,0,0,0,0,0,0,0,0,0,0,6.0623,4.0415,0,0,0,0,0,0,0,0,0,0,0,0,4.0415,0,2.0208,0,0,0,0,34.3528,0,0,0,0,16.166,0,0,0,2.0208,0,0,0,0,2.0208,0,0,0,0,0,0,0,0,0,0,0,0,0,0,0,0,0,0,0,0,0,0,0,0,0,0,0,0,0,0,0,0,0,0,0,0,0,32.3321,0,0,0,0,0,0,0,0,0,0,0
NRS,Kangaroo Island,KAI,35.8322,136.4473,KAI20210202,2021-02-02T20:25:00Z,2021-02-03T06:55:00Z,2021,2,3,6:55:00,100,16.9302,5.1016,35.8317,La Nina,14.8066,11.6026,0,0,0,0,0,0,0,7.0726,0,0,0,0,0,0,0,0,0,0,0,0,0,0,0,0,0,0,0,0,7.0726,0,0,0,0,0,0,0,0,0,0,14.1453,0,0,0,0,0,0,0,0,0,21.2179,0,0,0,0,7.0726,0,0,0,0,0,0,0,0,0,0,0,7.0726,0,0,0,0,0,0,0,0,0,0,0,0,0,0,0,0,0,0,0,0,0,0,0,63.6537,0,0,0,0,0,0,0,0,0,0,0,0,0,0,0,0,7.0726,0,0,0,0,0,0,7.0726,42.4358,0,0,0,0,21.2179,0,0,0,0,0,0,0,0,0,0,0,0,0,0,21.2179,0,0,0,0,7.0726,0,0,0,0,0,0,0,0,0,0,0,0,0,0,0,0,0,0,0,0,0,0,0,0,0,0,0,0,0,0,0,0,0,0,0,0,0,0,0,0,0,0,0,0,0,0,0,0,0,0,0,0,0,0,0,0,0,0
NRS,Kangaroo Island,KAI,35.8322,136.4473,KAI20210505,2021-05-05T21:55:00Z,2021-05-06T07:25:00Z,2021,5,6,7:25:00,98,18.4504,2.3058,35.9084,La Nina,6.4339,5.2864,0,0,0,0,0,0,0,3.6085,0,0,0,0,0,0,0,0,0,0,0,0,0,0,0,0,0,0,0,0,0,0,0,0,0,0,0,0,0,0,0,0,0,0,0,0,0,0,0,21.6509,0,7.217,0,0,0,0,0,0,0,0,0,0,0,3.6085,0,0,0,0,0,0,0,0,0,0,0,0,0,0,0,0,0,0,0,0,0,0,0,0,0,0,0,0,0,0,0,0,0,0,0,0,0,0,0,0,0,0,0,0,0,0,0,0,3.6085,0,0,0,184.0329,10.8255,0,0,0,0,32.4764,0,0,0,0,0,0,3.6085,14.434,0,7.217,64.9528,3.6085,0,0,93.8207,0,0,0,0,39.6934,0,0,0,0,0,0,0,0,0,0,0,0,0,0,0,0,0,0,0,0,0,0,0,0,0,0,0,0,0,0,0,0,0,0,0,0,0,0,0,0,0,0,0,0,0,0,61.3443,0,0,0,0,0,0,0,0,0,0,0
NRS,Kangaroo Island,KAI,35.8322,136.4473,KAI20210914,2021-09-14T04:45:00Z,2021-09-14T14:15:00Z,2021,9,14,14:15:00,100,15.1507,2.2682,35.7703,La Nina,13.385,7.0196,0,7.0726,0,0,0,0,0,0,0,0,0,0,0,0,0,0,0,0,0,0,0,0,0,0,0,0,0,0,0,0,0,0,0,0,0,0,0,0,0,0,0,0,0,0,14.1453,0,0,14.1453,0,0,0,0,0,0,0,0,0,0,0,0,0,0,0,0,0,0,0,0,0,0,0,0,0,0,0,0,0,0,0,0,0,0,0,0,0,0,0,0,0,0,7.0726,0,0,0,0,0,7.0726,0,0,0,0,0,0,0,0,0,0,0,0,0,14.1453,0,0,0,70.7264,21.2179,0,0,0,0,0,0,0,0,0,0,7.0726,7.0726,0,0,0,0,0,0,0,63.6537,0,0,0,0,84.8716,0,0,0,0,0,0,0,0,7.0726,7.0726,0,0,0,14.1453,0,0,0,0,0,0,0,0,0,0,0,0,0,0,0,0,0,0,0,0,0,0,0,0,0,0,0,0,0,0,0,0,28.2905,0,0,0,0,0,0,0,0,0,0,0
NRS,Kangaroo Island,KAI,35.8322,136.4473,KAI20211122,2021-11-22T20:55:00Z,2021-11-23T07:25:00Z,2021,11,23,7:25:00,90,15.274,4.6641,35.7705,La Nina,3.4499,3.057,0,0,0,0,0,0,0,0,0,0,0,0,0,0,0,0,0,0,0,0,0,0,0,0,0,0,0,0,0,0,0,0,0,0,0,0,0,0,0,0,0,0,0,0,7.8585,0,0,0,0,0,0,0,0,0,0,0,0,0,0,0,0,0,0,0,0,0,0,0,0,0,0,0,0,0,0,0,0,0,0,0,0,0,0,0,0,0,0,0,0,0,27.5047,0,0,0,0,0,3.9292,0,0,0,0,0,0,0,0,0,0,0,0,0,0,0,0,0,43.2217,15.7169,0,0,0,0,0,0,0,3.9292,0,0,0,0,3.9292,0,0,0,0,0,0,27.5047,0,0,3.9292,0,27.5047,0,0,0,0,0,0,0,0,0,0,0,0,0,0,0,0,0,0,0,0,0,0,0,0,0,0,0,0,0,0,0,0,0,0,0,0,0,0,0,0,0,0,0,0,0,0,27.5047,0,0,0,0,0,0,0,0,19.6462,0,0
NRS,Kangaroo Island,KAI,35.8322,136.4473,KAI20220128,2022-01-28T04:22:00Z,2022-01-28T14:52:00Z,2022,1,28,14:52:00,90,19.3694,0.7586,36.0563,La Nina,16.5264,13.3437,0,0,0,0,0,0,0,9.8231,0,0,0,0,0,0,0,0,0,0,0,0,0,0,0,0,0,0,0,0,0,0,0,0,0,0,0,0,0,0,0,0,0,0,0,0,4.9116,0,0,24.5578,0,0,0,0,0,0,0,0,0,0,0,0,0,0,0,0,4.9116,0,0,0,0,4.9116,0,0,0,0,0,0,0,0,0,0,0,0,0,0,0,0,0,0,0,0,24.5578,0,0,0,0,0,0,0,0,0,0,0,0,0,0,0,0,0,0,0,0,0,0,0,44.204,39.2924,0,0,0,0,14.7347,14.7347,0,0,0,0,0,0,9.8231,0,0,0,0,0,0,14.7347,0,0,14.7347,0,9.8231,0,0,0,0,0,0,4.9116,0,4.9116,0,0,0,0,4.9116,0,0,0,0,0,0,0,0,0,0,0,0,0,0,0,0,0,0,0,0,0,0,0,0,0,0,0,0,4.9116,0,0,0,0,0,0,0,0,0,0,0,0,0,0,0
NRS,Kangaroo Island,KAI,35.8322,136.4473,KAI20220509,2022-05-09T00:28:00Z,2022-05-09T09:58:00Z,2022,5,9,9:58:00,100,18.1521,2.0991,35.9091,La Nina,0.7992,0.679,0,0,0,0,0,0,0,0,0,0,0,0,0,0,0,0,0,0,0,0,0,0,0,0,0,0,0,0,0,0.943,0,0,0,0,0,0,0,0,0,0,0.943,0,0,0,0,0,0,6.6011,0,0,0,0,0,0,0,0,0,0,0,0,0,0,0,0,0,0,0,0,0,0,0,0,0,0,0,0,0,0,0,0.943,0,0,0,0,0,0,0,0,0,0,5.6581,0,0,0,0,0,0,0,0,0,0,0,0,0,0,0,0,0,0,0,0,0,0,0,16.0313,0,0,0,0,0,4.7151,0,0,0,0,0,0,3.7721,4.7151,0,0,0,0,0,0,7.5441,0,0,0.943,0,5.6581,0,0.943,0,0,0,0,0,0,0,0,0,0,0,0.943,0,0,0,0,0,0,0,0,0,0,0,0,0,0,0,0,0,0,0,0,0,0,0,0,0,0,0,0,0,0,0,0,3.772,0,0,0,0,0,0,0,0,0,0,0
NRS,Kangaroo Island,KAI,35.8322,136.4473,KAI20220901,2022-09-01T20:30:00Z,2022-09-02T06:00:00Z,2022,9,2,6:00:00,100,15.1978,0.1871,35.8505,La Nina,14.6121,10.5948,7.0726,0,0,7.0726,0,0,0,7.0726,0,0,0,0,0,0,0,0,0,0,0,0,0,0,0,0,0,0,0,0,0,0,0,0,0,0,0,0,0,0,0,0,0,0,0,0,0,0,0,84.8716,0,0,0,0,0,0,0,0,0,0,0,0,0,0,0,0,0,0,0,0,0,7.0726,0,0,0,0,0,0,0,0,0,7.0726,0,0,0,0,0,0,0,0,0,0,14.1452,0,0,0,0,0,0,0,0,0,0,0,0,0,0,0,0,0,0,0,0,0,0,0,360.7044,7.0726,0,0,0,0,0,0,0,0,0,0,0,0,14.1453,0,0,0,0,0,0,0,0,0,56.5811,0,190.9612,0,0,0,0,0,0,0,0,7.0726,0,0,0,0,0,0,0,0,0,0,0,0,0,0,0,0,0,0,0,0,0,0,0,0,0,0,0,0,0,0,0,0,0,0,0,0,0,63.6537,0,0,0,0,0,0,0,0,0,0,0
NRS,Kangaroo Island,KAI,35.8322,136.4473,KAI20221206,2022-12-06T04:15:00Z,2022-12-06T14:45:00Z,2022,12,6,14:45:00,100,16.6468,0.1138,35.8184,La Nina,9.6223,6.6589,11.7877,0,0,0,0,0,0,0,0,0,0,0,0,0,0,0,0,0,0,0,0,0,0,0,0,0,0,0,0,0,0,0,0,0,0,0,0,0,0,0,0,0,0,0,0,0,0,0,0,0,0,0,0,0,0,0,0,0,0,0,0,11.7877,0,0,0,0,0,0,0,0,0,0,0,0,0,0,0,0,0,0,0,0,0,0,0,0,0,0,0,0,153.2405,0,0,0,0,0,11.7877,0,0,0,0,0,0,0,0,0,0,0,0,0,0,0,0,0,117.8773,0,0,0,0,0,0,0,0,0,0,0,0,0,11.7877,0,11.7877,0,0,0,0,58.9386,0,0,23.5755,0,23.5755,0,0,0,0,0,0,0,0,0,0,0,0,0,0,0,0,0,0,0,0,0,0,0,0,0,0,0,0,0,0,0,0,0,0,0,0,0,0,0,0,0,0,0,0,0,0,11.7877,0,0,0,0,0,0,0,0,0,0,0
NRS,Maria Island,MAI,42.5967,148.2333,MAI20120119,2012-01-19T01:00:00Z,2012-01-19T12:00:00Z,2012,1,19,12:00:00,80,17.4528,0.2713,35.4814,La Nina,12.9252,NA,4.4204,0,0,0,0,0,0,187.8669,0,0,0,0,0,0,0,0,0,0,0,0,0,0,0,0,22.102,0,0,0,0,0,0,0,0,0,0,0,0,0,0,6.6306,0,0,0,0,0,0,0,2.2102,2.2102,11.051,0,0,0,0,4.4204,0,0,0,0,0,0,0,0,0,0,0,24.3122,0,0,0,0,0,0,0,0,0,0,0,0,0,0,0,0,0,0,0,0,0,0,0,0,0,0,0,0,0,0,0,0,0,0,0,0,0,0,0,0,0,0,0,11.051,0,0,0,0,2.2102,0,0,0,0,15.4714,0,0,0,0,0,0,0,0,0,0,0,0,0,0,0,0,0,0,0,0,0,0,0,0,0,0,0,0,183.4465,0,0,0,0,0,0,0,0,0,0,0,0,0,0,0,0,0,0,0,0,0,0,0,0,0,0,0,0,0,0,0,0,0,0,0,0,0,0,0,0,0,0,0,0,0,0,0,0,0
NRS,Maria Island,MAI,42.5967,148.2333,MAI20120222,2012-02-22T00:00:00Z,2012-02-22T11:00:00Z,2012,2,22,11:00:00,80,17.8822,0.247,35.5186,La Nina,2.5285,NA,5.0519,0,0,0,0,0,0,97.2488,0,0,0,0,0,0,0,0,0,0,0,0,0,0,0,0,10.1038,0,0,0,0,0,0,0,0,0,0,0,0,0,0,1.263,0,0,0,0,3.7889,0,0,0,0,0,0,0,0,0,21.4705,0,0,0,0,0,0,0,0,0,0,0,26.5224,0,0,0,0,0,0,0,0,0,0,0,0,0,0,0,0,0,0,0,0,0,0,0,0,0,0,0,0,0,0,0,0,0,0,0,0,0,0,0,0,0,0,0,2.5259,0,0,0,5.0518,0,0,0,0,0,40.4151,0,0,0,0,0,0,0,0,0,5.0519,0,0,0,0,2.5259,0,0,0,0,0,0,0,0,0,0,0,2.5259,0,41.678,0,0,0,0,0,0,0,2.5259,0,0,0,0,0,0,0,0,0,0,0,0,0,0,0,0,0,0,0,0,0,0,0,0,0,0,0,0,0,0,0,0,0,0,0,0,0,0,0,0,0
NRS,Maria Island,MAI,42.5967,148.2333,MAI20120326,2012-03-26T23:40:00Z,2012-03-27T10:40:00Z,2012,3,27,10:40:00,80,17.1641,0.1497,35.4343,La Nina,3.8899,NA,1.7682,0,0.8841,0,0,0,0,4.4204,0,0,0,0,0,0,0,0,0,0,0,0,0,0,0,0,0,0,1.7682,0,0,0,0,0,0,0,0,0,0,0,0,0,0,0,0,0,2.6522,0,0,0.8841,0.8841,0.8841,0,0,0,0,23.8701,0,0,1.7682,0,0,0,0,0,0,0,0,7.9567,0,0,0,0,0,0,0,0,0,0,0,0,0,0,0,0,0,0,0,0,0,0,0,0,0,0,0,0,0,1.7682,0,0,0,0,0,0,0,0,0,0,0,0,0,1.7682,0,0,0,2.6522,0.8841,1.7682,0,0,0.8841,13.2612,0,0,0,0,0,0,0,0,0,0,0,0,0,0,2.6522,0,0,0,0.8841,0,0,0,0,0,0,0,0,0,14.1453,0,0,0,0,0,0,0,0,0,0,0,0,0,0,0,0,0.8841,0,0,0,0,0,0,0,0,0,0,0,0,0,0,0,0,0,0,0,0,0,0,0,0,0,0,0,0,0,0,0,0
NRS,Maria Island,MAI,42.5967,148.2333,MAI20120412,2012-04-12T00:45:00Z,2012-04-12T10:45:00Z,2012,4,12,10:45:00,80,16.1294,0.3418,35.4102,Neutral,2.3472,NA,0,0,0,0,0,0,0,7.9567,0,0,0,0,0,0,0,0,0,0,0,0,0,0,0,0,3.0943,0,0,0.442,0,0,0,0,0,0,0,0,0,0,0,0.8841,0,0,0,0,0,0,0.8841,0.442,0,0.442,0,0,0,0,1.7682,0,0,0,0,0,0,0,0,0,0,0,9.2828,0,0,0,0,0,0,0,0,0,0,0,0,0,0,0,0,0,0,0,0,0,0,0,0,0,0,0,0,0,0,0,0,0,0,0,0,0,0,0,0,0,0,0,0.8841,0,0,0,0,2.2102,0,0,0,0,5.3045,0,0,0,0,0,0,0,0,0,0,0,0,0,0,0,0,0,0,0.884,0,0,0,0,0,0,0,0,0,15.9135,0,0,0,0,0,0,0,0,0,0,0,0,0,0,0,0,0,0,0,0,0,0,0,0,0,0,0,0,0,0,0,0,0,0,0,0,0,0,0,0,0,0,0,0,0,0.442,0,0,0
NRS,Maria Island,MAI,42.5967,148.2333,MAI20120524,2012-05-24T01:30:00Z,2012-05-24T11:30:00Z,2012,5,24,11:30:00,80,14.6796,0.3178,35.3999,Neutral,31.3848,NA,0.2526,0,0,0,0,0,0,11.8719,0,0,0,0,0,0,0,0,0,0,0,0,0,0,0,0,13.1349,0,0.7578,0,0,0,0.7578,0,0,0,0,0,0,0,0,0.2526,0.2526,0,0,0,0.7578,0,0,0.5052,0.7578,2.5259,0,0,1.0104,0,6.3149,0,0,0,0,0,0,0,0,0,0,0,2.0208,0,0,0,0,0,0,0,0,0,0,0,0,0,0,0,0,0,0,0,0,0,0,0,0,0,0,0,0,0,0.5052,0,0,0,0,0.2526,0,0,0,0,0,0,0,0,0.7578,0,0,0,0.5052,0.2526,1.263,0,0,0,7.0726,0,0,0,0,0,0,0,0,0,0,0,0,0,0,2.2733,0,0,0,0,0,0,0,0,0,0,0,0,0,17.6816,0,0,0,0,0,0,0,0.7578,0,0,0,0,0,0,0,0,0,0,0,0,0,0,0,0,0,0,0,0,0,0,0,0,0,0,0,0,0,1.7682,0,0,0,0,0,0,0,0,0,0,0
NRS,Maria Island,MAI,42.5967,148.2333,MAI20120621,2012-06-21T01:00:00Z,2012-06-21T11:00:00Z,2012,6,21,11:00:00,80,13.4016,0.2889,35.2989,Neutral,1.3261,NA,0.5894,0,0,0,0,0,0,10.3142,0,0,0,0,0,0,0,0,0,0,0,0,0,0,0,0,0.2947,0,0,0,0,0,0.2947,0,0,0,0,0,0,0,0.2947,0.2947,0,0,0,0,2.0629,0,0,0.5894,1.7682,1.1788,0,0,0.2947,0.5894,11.7877,0,0,0,0,0,0,0,0,0,0,0,1.4735,0,0,0,0,0,0,0,0,0,0,0,0,0,0,0,0,0,0,0,0,0,0,0,0,0,0,0,0,0,0.2947,0,0,0,0,0,0,0,0,0,0,0,0,0,0.8841,0,0,0,1.4735,0.2947,0.2947,0,0,0,7.662,0,0,0,0,0,0,0,0,0,0,0,0,0,0,3.2416,0,0,0,0,0,0,0,0,0,0,0,0,0,14.44,0,0,0,0,0,0,0.5894,0,0,0,0,0,0,0,0,0,0,0,0,0,0,0,0,0,0,0,0,0,0,0,0,0,0,0,0,0,0,0.5894,0,0,0,0,0,0,0,0,0,0,0
NRS,Maria Island,MAI,42.5967,148.2333,MAI20120724,2012-07-24T00:50:00Z,2012-07-24T10:50:00Z,2012,7,24,10:50:00,80,13.06814,0.26535000000000003,35.27811,Neutral,1.7682,NA,0,0,0,0,0,0,0,0.52,0,0,0,0,0,0,0,0,0,0,0,0,0,0,0,0,0,0,2.6002,0.52,0,0,0,0,0,0,0,0,0,0,0,0.52,0,0,0,0,8.8408,1.0401,9.3608,1.0401,9.3608,5.2005,0,0,0,1.0401,27.5625,0,0,0,0,0,0,0.52,0,0,0,0,6.7606,0,0,0,0,0,0,0,0,0,0,0,0,0,0,0,0,0,0,0,0,0,0,0,0,0,0,0,0,0,1.0401,0,0,0,0,0,0,0,0,0,0,0,0,0,2.0802,0,0,0,1.5601,0,0,0,0,0,3.6403,0,0,0,0,0,0,0,0,0,0,0,0,0,0,4.1604,0,0,0,0,0,0,0,0,0,0,0,0,0,2.6002,0,0,0,0,0,0,0,1.5601,0,0,0,0,0,0,0,0,0,0,0,0,0,0,0,0,0,0,0,0,0,0,0,0,0,0,0,0,0,0,0,0,0,0,0,0,0,0,0,0,0
NRS,Maria Island,MAI,42.5967,148.2333,MAI20120820,2012-08-20T01:15:00Z,2012-08-20T11:15:00Z,2012,8,20,11:15:00,80,12.1811,0.1561,35.2795,Neutral,1.9494,NA,0.442,0,0,0,0,0,0,11.051,0,0,0,0,0,0,0,0,0,0,0,0,0,0,0,0,12.3771,0,0,0,0,0,0,0,0,0,0,0,0,0,0,1.326,0,0,0,0,1.7682,0,0.8841,0.442,15.9134,0,0,0,0,0.442,15.0294,0,0,0,0,0,0,0,0,0,0,0,3.0942,0,0,0,0,0,0,0,0,0,0,0,0,0,0,0,0,0,0,0,0,0,0,0,0,0,0,0,0,0,0,0,0,0,0,0.442,0,0,0,0,0,0,0,0,1.3261,0,0,0,0.8841,0,0,0,0,0,2.6522,0,0,0,0,0,0,0,0,0,0,0,0,0,0,1.7682,0,0,0,0,0,0,0,0,0,0,0,0,0,36.6893,0,0,0,0,0,0,0,0,0,0,0,0,0,0,0,0,0,0,0,0,0,0,0,0,0,0,0,0,0,0,0,0,0,0,0,0,0,0,0,0,0,0,0,0,0,0,0,0,0
NRS,Maria Island,MAI,42.5967,148.2333,MAI20121002,2012-10-02T00:15:00Z,2012-10-02T10:15:00Z,2012,10,2,10:15:00,80,11.9761,0.2707,35.0576,Neutral,11.3516,NA,1.7682,0,0,0,0,0,0,0,0,0,0,0,0,0.8841,0,0,0,0,0,0,0,0,0,0,4.4204,0,0,0,0,0,0,0,0,1.7682,0,0,0,0,0,3.5364,0,0,0,0,2.6522,0,0,0,1.7682,0,0,0,0,0,36.2473,0,0,0,0,0,0,0,0,0,0,0,12.3771,0,0,0,0,0,0,0,0,0,0,0,0,0,0,0,0,0,0,0,0,0,0,0,2.6523,0,0,0,0,0,0.8841,0,0,0,0,0,0,0,0,0,0,0,0,0,10.609,0,0,0,4.4204,0,0,0,0,0,39.7836,0,0,0,0,0,0,0,0,0,0,0,0,0,0,4.4204,0,0,0,0,0,0,0,0,0,0,0,0,0,23.8701,0,0,0,0,0,0,0,0,0,0,0,0,0,0,0,0,0,0,0,0,0,0,0,0,0,0,0,0,0,0,0,0.8841,0,0,0,0,0,0,0,0,0,0,0,0,0,0,0,0,0
NRS,Maria Island,MAI,42.5967,148.2333,MAI20121017,2012-10-17T23:52:00Z,2012-10-18T10:52:00Z,2012,10,18,10:52:00,80,12.1938,0.6675,35.0269,Neutral,22.7208,NA,0,0,0,0,0,0,0,1.7682,0,0,0,0,0,0,0,0,0,0,0,0,0,0,0,0,0,0,0,0,0,0,0,0,0,0,0,0,0,0,0,1.7682,0,0,0,0,1.7682,0,0,0,5.3045,0,0,0,0,0,70.7264,0,0,0,0,0,0,0,0,0,0,0,10.609,0,0,0,0,0,0,0,0,0,0,0,0,0,0,0,0,0,0,0,0,0,0,1.7682,1.7682,0,0,0,0,0,0,0,0,0,0,0,0,0,0,0,0,0,0,0,3.5363,0,0,0,1.7682,0,0,0,1.7682,0,22.9861,0,0,0,0,0,0,0,0,0,0,0,0,0,0,1.7682,0,0,0,0,0,0,0,0,0,0,0,0,0,35.3632,0,0,0,0,0,0,1.7682,0,0,0,0,0,0,0,0,0,0,0,0,0,0,0,0,0,0,0,0,0,0,0,0,0,0,0,0,0,0,0,0,0,0,0,0,0,0,0,0,0,0
NRS,Maria Island,MAI,42.5967,148.2333,MAI20121112,2012-11-12T23:45:00Z,2012-11-13T10:45:00Z,2012,11,13,10:45:00,80,13.2932,0.4094,35.0432,Neutral,17.1114,NA,0,0,0,0,0,0,0,19.1551,0,0,0,0,0,0,0,0,0,0,0,0,0,0,0,0,1.4735,0,4.4204,0,0,0,0,0,0,0,0,0,0,0,0,4.4204,0,0,0,0,1.4735,1.4735,0,1.4735,4.4204,4.4204,0,0,1.4735,0,154.7139,0,0,0,0,0,0,0,0,0,0,0,23.5755,0,0,0,0,0,0,0,0,0,0,0,0,0,0,0,0,0,0,0,0,0,0,0,0,0,0,0,0,0,0,0,0,0,0,0,0,0,0,0,0,0,0,0,2.9469,0,0,0,1.4735,0,0,0,0,0,2.9469,0,0,0,0,0,0,0,0,0,0,0,0,0,0,0,0,0,1.4735,0,0,0,0,0,0,0,0,0,0,137.0323,0,0,0,0,0,0,0,0,0,0,0,0,0,0,0,0,0,0,0,0,0,0,0,0,0,0,0,0,0,0,0,0,0,0,0,0,0,7.3673,0,0,0,0,0,0,0,0,0,0,0
NRS,Maria Island,MAI,42.5967,148.2333,MAI20130129,2013-01-29T23:33:00Z,2013-01-30T10:33:00Z,2013,1,30,10:33:00,80,16.126,0.5935,35.1101,Neutral,18.9591,NA,0,0,0,0,0,0,0,7.3673,0,0,0,0,0,0,0,0,0,0,0,0,0,0,0,0,70.7263,0,0,0,0,0,0,0,0,0,0,0,0,0,0,0,0,0,0,0,0,0,0,0,0,1.4735,0,0,0,0,0,0,0,0,0,0,0,0,0,0,0,0,0,0,0,0,0,0,0,0,0,0,0,0,0,0,0,0,0,0,0,0,0,0,0,0,0,0,0,0,0,0,0,0,0,0,0,0,0,0,0,0,0,0,0,0,0,0,0,0,0,0,0,0,0,0,0,0,0,0,0,0,0,0,0,0,0,0,0,0,0,0,0,0,0,0,0,0,0,0,0,0,0,0,0,75.1467,0,0,0,0,0,0,0,0,0,0,0,0,0,0,0,0,0,0,0,0,0,0,0,0,0,0,0,0,0,0,0,0,0,0,0,0,0,0,0,0,0,0,0,0,0,0,0,0,0
NRS,Maria Island,MAI,42.5967,148.2333,MAI20130214,2013-02-14T00:00:00Z,2013-02-14T11:00:00Z,2013,2,14,11:00:00,77,18.0724875,0.2668625,35.4892125,Neutral,9.8924,NA,0,0,0,0,0,0,0,12.8593,0,0,0,0,0,0,0,0,0,0,0,0,0,0,0,0,14.6963,0,0,0,0,0,0,0,0,0,0,0,0,0,0,11.0223,1.837,0,0,0,0,1.837,1.837,0,0,0,0,0,0,0,1.837,0,0,0,0,0,0,0,0,0,0,0,3.6741,0,0,0,0,0,0,0,0,0,0,0,0,0,0,0,0,0,0,0,0,0,0,0,0,0,0,0,0,0,0,0,0,0,0,0,0,0,0,0,0,0,0,0,0,0,0,0,0,1.837,0,0,0,0,16.5334,0,0,0,0,0,0,0,0,0,0,0,0,0,0,0,0,0,0,0,0,0,0,0,0,0,0,0,0,86.3412,0,0,0,0,0,0,0,0,0,0,0,0,0,0,0,0,0,0,0,0,0,0,0,0,0,0,0,0,0,0,0,0,0,0,0,0,0,0,0,0,0,0,0,0,0,0,0,0,0
NRS,Maria Island,MAI,42.5967,148.2333,MAI20130313,2013-03-13T23:00:00Z,2013-03-14T10:00:00Z,2013,3,14,10:00:00,80,17.4822,0.3387,35.27,Neutral,4.5176,NA,0,0,0,0,0,0,0,1.1051,0,0,0,0,0,0,0,0,0,0,0,0,0,0,0,0,2.2102,0,0,0,0,0,0,0,0,0,0,0,0,0,0,1.1051,0,0,0,0,0,0,0,0,0,3.3153,0,0,2.2102,0,12.1561,0,0,0,0,0,0,0,0,0,0,0,0,0,0,0,0,0,0,0,0,0,0,0,0,0,0,0,0,0,0,0,0,0,0,0,0,0,0,0,0,0,0,0,0,0,0,0,0,0,0,0,0,0,0,0,2.2102,3.3153,0,0,1.1051,0,3.3153,0,0,0,7.7357,0,0,0,0,0,0,0,0,0,0,0,0,0,0,1.1051,0,0,0,1.1051,0,0,0,0,0,0,0,0,0,41.9938,0,0,0,0,0,0,0,0,0,0,0,0,0,0,0,0,0,0,0,0,0,0,0,0,0,0,0,0,0,0,0,0,0,0,0,0,0,0,0,0,0,0,0,0,0,0,0,0,0
NRS,Maria Island,MAI,42.5967,148.2333,MAI20130424,2013-04-24T00:50:00Z,2013-04-24T10:50:00Z,2013,4,24,10:50:00,81,16.4941,0.1791,35.3623,Neutral,8.3169,NA,13.2612,0,0,0,0,0,0,112.7202,0,0,0,0,0,0,0,0,0,0,0,0,0,0,0,0,4.4204,0,2.2102,0,0,0,0,0,0,0,0,0,0,0,0,17.6816,0,2.2102,0,0,4.4204,4.4204,0,2.2102,0,4.4204,0,0,0,0,2.2102,0,0,0,0,0,0,0,0,0,0,0,0,0,0,0,0,0,0,0,0,0,0,0,0,0,0,0,0,0,0,0,0,0,0,0,0,0,0,0,0,0,11.051,0,0,0,0,0,0,0,0,0,0,0,0,2.2102,0,0,0,0,0,6.6306,0,0,0,0,13.2612,0,0,0,0,0,6.6306,0,0,0,0,0,0,0,0,17.6816,0,0,0,0,0,0,0,0,0,0,0,0,0,61.8856,0,0,0,0,0,0,0,0,0,0,0,0,0,0,0,0,0,0,0,0,0,0,0,0,0,0,0,0,0,0,0,0,0,0,0,0,0,15.4714,0,0,0,0,0,0,0,0,0,0,0
NRS,Maria Island,MAI,42.5967,148.2333,MAI20130611,2013-06-11T01:55:00Z,2013-06-11T11:55:00Z,2013,6,11,11:55:00,80,14.5013,0.2181,35.3463,La Nina,2.9926,NA,4.4204,0,0,0,0,0,0,2.2102,0,0,0,0,0,0,0,0,0,0,0,0,0,0,0,0,0,0,0,2.2102,0,0,0,0,0,0,0,0,0,0,0,0,0,0,0,0,6.6306,0,0,8.8408,0,6.6306,0,0,0,0,17.6816,0,0,0,0,0,0,0,0,0,0,0,8.8408,0,0,0,0,0,0,0,2.2102,0,0,0,0,0,0,0,0,0,0,0,0,0,0,0,0,0,0,0,0,0,0,0,0,0,0,0,0,0,0,0,0,0,0,0,0,0,0,0,24.3122,4.4204,0,0,0,0,11.051,0,0,0,0,0,0,2.2102,0,0,0,0,2.2102,0,0,24.3122,0,0,2.2102,0,0,0,0,0,0,0,0,0,0,15.4714,0,0,0,0,0,0,0,0,0,0,0,0,0,0,0,0,0,0,0,0,0,0,0,0,0,0,0,0,0,0,0,0,0,0,0,0,0,4.4204,0,0,0,0,0,0,0,0,0,0,0
NRS,Maria Island,MAI,42.5967,148.2333,MAI20130807,2013-08-07T01:30:00Z,2013-08-07T11:30:00Z,2013,8,7,11:30:00,75,13.2676,0.1923,35.4174,Neutral,2.8143,NA,6.2868,0,0,0,0,0,0,31.434,0,0,0,0,0,1.5717,0,0,0,1.5717,0,0,0,0,0,0,0,0,0,0,0,0,0,0,0,0,0,0,0,0,0,0,0,0,0,0,7.8585,3.1434,0,6.2868,0,6.2868,0,0,0,0,29.8622,0,0,0,0,0,0,0,0,0,0,0,12.5736,0,0,0,0,0,0,0,4.7151,0,0,0,0,0,0,0,0,0,0,0,0,0,0,0,1.5717,0,0,0,0,0,1.5717,0,0,0,0,0,0,0,0,0,0,0,0,0,1.5717,0,0,0,4.7151,3.1434,0,0,0,0,12.5736,0,0,0,0,0,1.5717,0,3.1434,0,0,0,0,0,0,14.1453,0,0,0,0,0,0,0,0,0,0,0,0,0,36.149,0,0,0,0,0,0,0,0,0,0,0,0,0,0,0,0,0,0,0,0,0,0,0,0,0,0,0,0,0,0,0,0,0,0,0,0,0,1.5717,0,0,0,0,0,0,0,0,0,0,0
NRS,Maria Island,MAI,42.5967,148.2333,MAI20130821,2013-08-21T01:21:00Z,2013-08-21T11:21:00Z,2013,8,21,11:21:00,80,13.2301,0.2219,35.4096,Neutral,0.6763,NA,2.612,0,0,0,0,0,0,1.6074,0,0,0,0,0,0.2009,0,0,0,0,0,0,0,0,0,0,0.4018,0,0,0,0,0,0,0,0,0,0,0,0,0,0,0.4019,0,0,0,0,0.8037,2.0093,0.2009,0.2009,0,0.8037,0,0,0,0,1.4065,0,0,0,0,0,0,0.2009,0,0,0,0,1.6074,0,0,0,0,0,0,0,0.8037,0,0,0,0,0,0,0,0,0,0,0,0,0,0,0,0,0,0,0,0,0,0.2009,0,0,0,0,0,0,0,0,0,0,0,0,0,1.2056,0,0,0,0,0.4019,0,0,0,0,6.2287,0,0,0,0,0,0,0,0,0,0,0,0,0,0,7.8362,0,0,0,0,0,0,0,0,0,0,0,0,0,2.2102,0,0,0,0,0,0,0,0.4019,0.4018,0,0,0,0,0,0,0,0,0,0,0,0,0,0,0,0,0,0,0,0,0,0,0,0,0,0,0,0,1.4065,0,0,0,0,0,0,0,0,0,0,0
NRS,Maria Island,MAI,42.5967,148.2333,MAI20130924,2013-09-24T01:40:00Z,2013-09-24T11:40:00Z,2013,9,24,11:40:00,70,13.2402,0.5401,35.3213,Neutral,0.2172,NA,0.7367,0,0,0,0,0,0,2.2102,0,0,0,0,0,0,0,0,0,0,0,0,0,0,0,0,2.2102,0,4.4204,0,0,0,0,0,0,0,0,0,0,0,0,0,0,0,0,0,4.4204,0.7367,0.7367,0.7367,0.7367,3.6837,0,0,0,0,11.051,0,0,0,0,0,0,0,0,0,0,0,7.3673,0,0,0,0,0,0,0,0,0,0,0,0,0,0,0,0,0,0,0,0,0,0,0,2.9469,0,0,0,0,0,0,0,0,0,0,0,0,0,0,0,0,0,0,0,1.4735,0,0,0,4.4204,0,0,0.7367,0,0,14.7347,5.8939,0,0,0,0,0,0,0,0,0,0,0,0,0,9.5775,0,0,0,0,0,0,0,0,0,0,0,0,0,9.5776,0,0,0,0,0,0,0,0.7367,0,0,0,0,0,0,0,0,0,0,0,0,0,0,0,0,0,0,0,0,0,0,0,0,0,0,0,0,0,0,0,0,0,0,0,0,0,0,0,0,0
NRS,Maria Island,MAI,42.5967,148.2333,MAI20131117,2013-11-17T23:50:00Z,2013-11-18T10:50:00Z,2013,11,18,10:50:00,74,14.064,0.0475,35.2979,Neutral,8.5162,NA,0,0,0,0,0,0,0,7.1682,0,0,0,0,0,0,0,0,0,0,0,0,0,0,0,0,11.947,0,0,0,0,0,0,0,0,0,0,0,0,0,0,4.7788,0,0,0,0,0,0,0,0,0,14.3364,0,0,0,0,23.894,0,0,0,0,0,0,0,0,0,0,0,28.6728,0,0,0,0,0,0,0,0,0,0,0,0,0,0,0,0,0,0,0,0,0,0,0,0,0,0,0,0,0,0,0,0,0,0,0,0,0,0,0,0,0,0,0,0,0,0,0,0,4.7788,0,0,0,0,28.6728,2.3894,0,0,0,0,0,0,0,0,0,0,0,0,0,0,0,0,0,0,0,0,0,0,0,0,0,0,0,21.5046,0,0,0,0,0,0,0,0,0,0,0,0,0,0,0,0,0,0,0,0,0,0,0,0,0,0,0,0,0,0,0,0,0,0,0,0,0,0,0,0,0,0,0,0,0,0,0,0,0
NRS,Maria Island,MAI,42.5967,148.2333,MAI20131217,2013-12-17T00:05:00Z,2013-12-17T11:05:00Z,2013,12,17,11:05:00,80,15.3603,0.0813,35.1859,Neutral,19.5647,NA,0,0,0,0,0,0,0,2.2102,0,0,0,0,0,0,0,0,0,0,0,0,0,0,0,0,3.3153,0,0,0,0,0,0,0,0,0,0,0,0,0,0,0,0,0,0,0,0,1.1051,0,0,0,0,0,0,0,0,0,0,0,0,0,0,0,0,0,0,0,0,1.1051,0,0,0,0,0,0,0,0,0,0,0,0,0,0,0,0,0,0,0,0,0,0,0,5.5255,0,0,0,0,0,1.1051,0,0,0,0,0,0,0,0,0,0,0,0,0,0,0,0,0,1.1051,0,0,0,0,0,11.051,0,0,0,0,0,0,0,0,0,0,0,0,0,0,2.2102,2.2102,0,0,1.1051,0,0,0,0,0,0,0,0,0,7.7357,0,0,0,0,0,0,0,0,0,0,0,0,0,0,0,0,0,0,0,0,0,0,0,0,0,0,0,0,0,0,0,0,0,0,0,0,0,11.051,0,0,0,0,0,0,0,0,0,0,0
NRS,Maria Island,MAI,42.5967,148.2333,MAI20140122,2014-01-22T23:50:00Z,2014-01-23T10:50:00Z,2014,1,23,10:50:00,75,16.1098,0.1496,35.2787,Neutral,20.3032,NA,0,0,0,0,0,0,0,0,0,0,0,0,0,0,0,0,0,0,0,0,0,0,0,0,6.2868,0,0,0,1.5717,0,0,0,0,0,0,0,0,0,0,0,1.5717,0,0,0,1.5717,0,0,0,0,0,0,0,0,0,0,0,1.5717,0,0,0,0,0,0,0,0,0,3.1434,0,0,0,0,0,0,0,0,0,0,0,0,0,0,0,0,0,0,0,0,0,0,0,1.5717,0,0,0,0,0,0,0,0,0,0,0,0,0,0,0,0,0,0,0,0,0,0,0,1.5717,6.2868,0,0,0,0,23.5755,0,0,0,0,0,0,0,0,0,0,0,0,0,0,7.8585,7.8585,0,0,1.5717,0,0,0,0,0,0,0,0,0,11.0019,0,0,0,0,0,0,0,0,0,0,0,0,0,0,0,0,0,1.5717,0,0,0,0,0,0,0,0,0,0,0,0,0,0,0,0,0,0,0,36.1491,0,0,0,0,0,0,0,0,0,0,0
NRS,Maria Island,MAI,42.5967,148.2333,MAI20140205,2014-02-05T00:05:00Z,2014-02-05T11:05:00Z,2014,2,5,11:05:00,78,18.0724875,0.2668625,35.4892125,Neutral,21.8655,NA,0,0,0,0,0,0,0,4.653,0,0,0,0,0,0,0,0,0,0,0,0,0,0,0,0,1.551,0,0,0,0,0,0,0,0,0,0,0,0,0,0,1.551,0,0,0,0,0,0,0,0,0,0,0,0,0,0,1.551,0,0,0,0,0,0,0,0,0,0,0,0,0,0,0,0,0,0,0,0,0,0,0,0,0,0,0,0,0,0,0,0,0,0,0,6.204,0,0,0,0,0,0,0,0,0,0,0,0,0,0,0,0,0,0,0,0,0,0,0,1.551,0,0,0,0,0,13.9591,0,0,0,0,0,0,0,0,0,0,0,0,0,0,6.2041,0,0,0,0,0,0,0,0,0,0,0,0,0,4.653,0,0,0,0,0,0,0,0,0,0,0,0,0,0,0,0,0,0,0,0,0,0,0,0,0,0,0,0,0,0,0,0,0,0,0,0,0,66.6937,0,0,0,0,0,0,0,0,0,0,0
NRS,Maria Island,MAI,42.5967,148.2333,MAI20140318,2014-03-18T23:55:00Z,2014-03-19T10:55:00Z,2014,3,19,10:55:00,75,17.3384,0.3503,35.4286,Neutral,41.0826,NA,21.2179,0,0,0,0,0,0,0,0,0,0,0,0,0,0,0,0,0,0,0,0,0,0,0,4.7151,0,0,0,11.7877,0,0,0,0,0,0,0,0,0,0,0,0,0,0,0,0,0,0,0,0,0,0,0,0,0,0,0,0,0,0,0,0,2.3575,0,0,0,0,0,0,0,0,0,0,0,0,0,0,0,0,0,0,0,0,0,0,0,0,0,0,0,0,2.3575,0,0,0,0,0,18.8604,0,0,0,0,0,0,0,0,0,0,0,0,2.3575,4.715,2.3575,0,0,11.7877,2.3575,0,0,0,0,89.5867,0,0,0,0,0,0,0,0,0,0,0,0,0,0,4.7151,0,0,0,35.3632,0,0,0,0,0,0,0,0,0,7.0726,0,0,0,0,0,0,0,0,0,0,0,0,0,0,0,0,2.3575,0,0,0,0,0,0,0,0,0,0,0,0,0,0,0,0,0,0,0,0,723.7664,0,0,0,0,0,0,0,0,0,0,0
NRS,Maria Island,MAI,42.5967,148.2333,MAI20140408,2014-04-08T01:03:00Z,2014-04-08T11:03:00Z,2014,4,8,11:03:00,78,17.4332,0.291,35.4915,Neutral,4.6845,NA,8.9063,0,0.5239,0,0,0,0,0.5239,0,0,0,0,0,0,0,0,0,0,0,0,0,0,0,0,2.0956,0,0,0,2.0956,0,0,0,0,0,0,0,0,0,0,0,0,0,0,0,0,0,0,0,0,2.6195,0,0,1.0478,0,5.239,0,0.5239,0,0,0,0,1.0478,0,0,0.5239,0,0.5239,0,0,0,0,0,0,0,0,0,0,0,0,0,0,0,0,0,0,0,0,0,0,0,0,0,0,0,0,0,0.5239,0,0,0,0,0,0,0,0,0,0,1.0478,0,0.5239,0,0,0,0,0.5239,1.0478,0,0,0,0,5.7629,0,0,0,0,0,4.1912,0,0,0,0.5239,0,0,0,0,5.7629,0,0,0,5.239,0,0,0,0,0,0,0,1.0478,0,7.8585,0,0,0,0,0,0,0,0.5239,0.5239,0,0,0,0,0,0,0,0,0,0,0,0,0,0,0,0,0,0,0,0,0,0,0,0,0,0,0,0,38.2447,0,0,0,0,0,0,0,0,0,0,0
NRS,Maria Island,MAI,42.5967,148.2333,MAI20140516,2014-05-16T00:20:00Z,2014-05-16T10:20:00Z,2014,5,16,10:20:00,78,15.0011,0.2993,35.3624,Neutral,7.835,NA,4.1257,0,1.1788,0,0,0,0,0,0,0,0,0,0,0,0,0,0,0,0,0,0,0,0,0,1.1788,0,0,0,0,0,0,0,0,0,0,0,0,0,0,0,0,0,0,0,1.7682,0,0,1.1788,0.5894,6.4832,0,0,4.1257,0,7.662,0,0,0,0,0,0,0,0,0,0,0,0,0,0,0,0,0,0,0,0,0,0,0,0,0,0,0,0,0,0,0,0,0,0,0,0,0,0,0,0,0,1.1788,0,0,0,0,0,0,0,0,0,0,0,0,0,2.9469,0.5894,0,0,0,0.5894,1.1788,0,0,0.5894,30.6481,0,0,0,0,0,0,0,0,0,0,0,0,0,0,9.4302,0,0,0,14.7347,0,0,0,0,0,0,0,0,0,4.7151,0,0,0,0,0,0,0,2.3575,0,0,0,0,0,0,0,0,0,0,0,0,0,0,0,0,0,0,0,0,0,0,0,0,0,0,0,0,0,39.4889,0,0,0,0,0,0,0,0,0,0,0
NRS,Maria Island,MAI,42.5967,148.2333,MAI20140619,2014-06-19T01:30:00Z,2014-06-19T11:30:00Z,2014,6,19,11:30:00,75,13.917,0.1724,35.3419,Neutral,1.2919,NA,1.886,0,0,0,0,0,0,0.4715,0,0,0,0,0,0,0,0,0,0,0,0,0,0,0,0,2.829,0,0,0,0,0,0,0,0,0,0,0,0,0,0,0,0,0,0,0,3.7721,0,0,7.0727,0,8.0157,0,0,0.943,0,20.2749,0,0,0,0,0,0,0.4715,0,0,0,0,8.9587,0,0,0,0,0,0,0,0,0,0,0,0,0,0,0,0,0,0,0,0,0,0,0,0,0,0,0,0,0,0.4715,0,0,0,0,0,0,0,0,0,0,0,0,0,0.943,0.4715,0,0,2.3575,1.886,0,0,0,0,8.4872,0,0,0,0,0,0,0,1.886,0,0,0,0,0,0,22.6324,0.943,0,0,1.4145,0,0,0,0,0,0,0,0,0,6.6011,0,0,0,0,0,0,0,1.886,0,0,0,0,0,0,0,0,0,0,0,0,0,0,0,0,0,0,0,0,0,0,0,0,0,0,0,0,0,5.6581,0,0,0,0,0,0,0,0,0,0,0
NRS,Maria Island,MAI,42.5967,148.2333,MAI20140703,2014-07-03T01:30:00Z,2014-07-03T11:30:00Z,2014,7,3,11:30:00,75,13.9999,0.1232,35.3333,Neutral,0.7025,NA,4.7151,0,0,0,0,0,0,3.5363,0,0,0,0,0,0.7858,0,0,0,0,0,0,0,0,0,0,0,0,0,0.3929,0.7858,0,0,0,0,0,0,0,0,0,0,0,0,0,0,0,4.3222,0,0,4.3222,0,2.7505,0,0,0.7858,0,14.5382,0,0,0,0,0,0,0.3929,0,0,0,0,9.8231,0,0,0,0,0,0,0,0,0,0,0,0,0,0,0,0,0,0,0,0,0,0,0,0,0,0,0,0,0,0.7858,0,0,0,0,0,0,0,0,0,0,0,0,0,0.7858,0,0,0,1.1788,0.3929,0,0,0,0,6.6797,0,0,0,0,0,0,0,1.5717,0,0,0,0,0,0,8.2514,0.3929,0,0,0.7858,0,0.7858,0,0,0,0,0,0,0,12.1807,0,0,0,0,0,0,0,2.3575,0,0,0,0,0,0,0,0,0,0,0,0,0,0,0,0,0,0,0,0,0,0,0,0,0,0,0,0,0,4.7151,0,0,0,0,0,0,0,0,0.3929,0,0
NRS,Maria Island,MAI,42.5967,148.2333,MAI20140807,2014-08-07T02:00:00Z,2014-08-07T12:00:00Z,2014,8,7,12:00:00,80,13.4463,0.0794,35.3348,Neutral,0.1856,NA,0.8841,0,0.221,0,0,0,0,0,0,0,0,0,0,0.442,0,0,0,0,0,0,0,0,0,0,0.221,0,0,0,1.5471,0,0,0,0,0,0,0,0,0,0,0,0,0,0,0,2.8732,0,0,0,1.1051,0,0,0,0,0,11.272,0,0.221,0,0,0,0,0,0,0,0,0,1.3261,0,0,0,0,0,0,0,0,0,0.221,0,0,0,0,0,0,0,0,0,0,0,0,0,0,0,0,0,0,0,0.442,0,0,0,0,0,0,0,0,0,0,0.221,0,0,2.4312,0,0,0,0.8841,0.442,0,0,0,0,3.3153,0,0,0,0,0,0,0,0,0,1.1051,0,0,0,0,5.3045,0,0,0,0,0,0,0,0,0,0,0,0,0,1.3261,0,0,0,0,0,0,0,0.6631,0,0,0,0,0,0,0,0,0,0,0,0,0,0,0,0,0,0,0,0,0,0,0,0,0,0,0,0,0,4.8624,0,0,0,0,0,0,0,0,0.221,0,0
NRS,Maria Island,MAI,42.5967,148.2333,MAI20140821,2014-08-21T01:50:00Z,2014-08-21T11:50:00Z,2014,8,21,11:50:00,75,12.9998,0.1912,35.3076,Neutral,1.1505,NA,1.886,0,0,0,0,0,0,5.6581,0,0,0,0,0,0,0,0,0,0,0,0,0,0,0,0,0.943,0,0,0,1.886,0,0,0,0,0,0,0,0,0,0,0,0,0,0,0,3.7721,0,0,0.943,3.7721,5.6581,0,0,0,0,46.2079,0,0,0,0,0,0,0,0,0,0,0,3.7721,0,0,0,0,0,0,0,0,0,0,0,0,0,0,0,0,0,0,0,0,0,0,0,0,0,0,0,0,0,0.943,0,0,0,0,0,0,0,0,0,0,0,0,0,5.6581,0,0,0,9.4302,0,0,0,0,0,6.6011,0,0,0,0,0,0.943,0,0,0,0,0,0,0,0,11.3162,0.943,0,0,0,0,0,0,0,0,0,0,0,0,43.3788,0,0,0,0,0,0,0,1.886,0,0,0,0,0,0,0,0,0,0,0,0,0,0,0,0,0,0,0,0,0,0,0,0,0,0,0,0,0,1.886,0,0,0,0,0,0,0,0,0,0,0
NRS,Maria Island,MAI,42.5967,148.2333,MAI20140915,2014-09-15T23:20:00Z,2014-09-16T09:20:00Z,2014,9,16,9:20:00,75,12.9999,0.4021,35.2843,Neutral,21.9346,NA,0,0,0,0,0,0,0,141.4528,0,0,0,0,0,0,0,0,0,0,0,0,0,0,0,0,18.8604,0,0,0,0,0,0,0,0,0,0,0,0,0,0,0,0,0,0,0,4.7151,14.1453,0,0,0,4.7151,0,0,0,0,80.1565,0,0,0,0,0,0,0,0,0,0,0,4.7151,0,0,0,0,0,0,0,0,0,0,0,0,0,0,0,0,0,0,0,0,0,0,0,0,0,0,0,0,0,0,0,0,0,0,0,0,0,0,0,0,0,0,0,4.7151,0,0,4.7151,0,0,0,0,0,0,4.7151,0,0,0,0,0,9.4302,0,0,0,9.4302,0,0,0,0,0,0,0,0,0,0,0,0,0,0,0,0,0,0,254.6149,0,0,0,0,0,0,0,0,0,0,0,0,0,0,0,0,0,0,0,0,0,0,0,0,0,0,0,0,0,0,0,0,0,0,0,0,0,0,0,0,0,0,0,0,0,0,0,0,0
NRS,Maria Island,MAI,42.5967,148.2333,MAI20141029,2014-10-29T22:27:00Z,2014-10-30T09:27:00Z,2014,10,30,9:27:00,75,13.0384,0.1978,35.2615,Neutral,11.6698,NA,0,0,0,0,0,0,0,18.0745,0,0,0,0,0,0,0,0,0,0,0,0,0,0,0,0,0.7858,0,0,0,0,0,0,0,0,0,0,0,0,0,0,0,0,0,0,0,0,0,0,0.7858,0,0.3929,0,0,0,0,8.6443,0,0.7858,0,0,0,0,0,0,0,0,0,0,0,0,0,0,0,0,0,0,0,0,0,0,0,0,0,0,0,0,0,0,0,0,0,0,0,0,0,0,0,0,0,0,0,0,0,0,0,0,0,0,0,0,0,0.7858,0,0,0,0,0,0,0,2.3575,0,1.5717,0,0,0,0,0,0,0,0,0,0,0,0,0,0,0.3929,0,0,0,0,0,0,0,0,0,0,0,0,0,4.7151,0,0,0,0,0,0,0,0.3929,0,0,0,0,0,0,0,0,0,0,0,0,0,0,0,0,0,0,0,0,0,0,0,0,0,0,0,0,0,1.1787,0,0,0,0,0,0,0,0,0,0,0
NRS,Maria Island,MAI,42.5967,148.2333,MAI20141127,2014-11-27T22:30:00Z,2014-11-28T09:30:00Z,2014,11,28,9:30:00,75,13.8278,0.0467,35.2491,Neutral,11.005,NA,0,0,0,0,0,0,0,28.2906,0,0,0,0,0,0,0,0,0,0,0,0,0,0,0,0,25.933,0,0,0,1.1788,0,0,0,0,0,0,0,0,0,0,0,0,0,0,0,0,0,0,0,0,0,0,0,0,0,30.6481,0,1.1788,0,0,0,0,0,0,0,0,0,1.1788,0,0,0,0,0,0,0,0,0,0,0,0,0,0,0,0,0,0,0,0,0,0,0,0,0,0,0,0,0,1.1788,0,0,0,0,0,0,0,0,0,0,0,0,0,0,0,0,0,0,0,0,0,0,0,2.3575,0,0,0,0,0,0,0,0,0,3.5363,0,0,0,0,0,0,0,0,0,0,0,0,0,0,0,0,0,0,124.9499,0,0,0,0,0,0,0,0,0,0,0,0,0,0,0,0,0,0,0,0,0,0,0,0,0,0,0,0,0,0,0,0,0,0,0,0,0,1.1788,0,0,0,0,0,0,0,0,0,0,0
NRS,Maria Island,MAI,42.5967,148.2333,MAI20141208,2014-12-08T23:05:00Z,2014-12-09T10:05:00Z,2014,12,9,10:05:00,80,14.5361,0.3378,35.2765,Neutral,4.1905,NA,0,0,0,0,0,0,0,29.8377,0,0,0,0,0,0,0,0,0,0,0,0,0,0,0,0,6.3542,0,0,0,0,0,0,0,0,0,0,0,0,0,0,0,0,0,0,0,1.6576,0,0,0,0,0,0,0,0,0,0.2763,0,0,0,0,0,0,0,0,0,0,0,2.7627,0,0,0,0,0,0,0,0,0,0,0,0,0,0,0,0,0,0,0,0,0,0,0,0,0,0,0,0,0,0,0,0,0,0,0,0,0,0,0,0,0,0,0,0,0,0,0,0.2763,0,0,0,0.8288,0,3.3153,0,0,0,0,0,0,0,0,0,0,0,0,0,0,0.5525,0.5525,0,0,0,0,0,0,0,0,0,0,0,0,49.7295,0,0,0,0,0,0,0,0,0,0,0,0,0,0,0,0,0,0,0,0,0,0,0,0,0,0,0,0,0,0,0,0,0,0,0,0,0,0.2763,0,0,0,0,0,0,0,0,0,0,0
NRS,Maria Island,MAI,42.5967,148.2333,MAI20150224,2015-02-24T23:20:00Z,2015-02-25T10:20:00Z,2015,2,25,10:20:00,75,18.2371,0.1193,35.5806,Neutral,4.5453,NA,3.7721,0,0,0,0,0,0,55.6381,0,0,0,0,0,0,0,0,0,0,0,0,0,0,0,0,8.4872,0,1.886,0,2.8291,0,2.8291,0,0,0,0,0,0,0,0,0,3.7721,0,0,0,0,0,0,0.943,0,14.1453,0,0,0,0,5.6581,0,0,0,0,0,0,0,0,0,0,0,2.8291,0,0,0,0,0,0,0,0,0,0,0,0,0,0,0,0,0,0,0,0,0,0,0,0,0,0,0,0,0,5.6581,0,0,0,0,0,0,0,0,0,0,0,0,0,0.943,2.8291,0,0,4.7151,0.943,28.2905,0,0,0,22.6324,0,0,0,0,0,1.886,0,0,0,0,0,0,0,0,0.943,0,0,0,1.886,0,0,0,0,0,0,0,0,0,82.9856,0,0,0,0,0,0,0,0.943,0,0,0,0,0,0,0,0,0,0,0,0,0,0,0,0,0,0,0,0,0,0,0,0,0,0,0,0,0,0.943,0,0,0,0,0,0,0,0,0,0,0
NRS,Maria Island,MAI,42.5967,148.2333,MAI20150312,2015-03-12T22:33:00Z,2015-03-13T09:33:00Z,2015,3,13,9:33:00,75,17.2506,0.2423,35.5779,Neutral,1.3768,NA,9.4302,0,0,0,0,0,0,22.9019,0,0,0,0,0,0,0,0,0,0,0,0,0,0,0,0,13.4717,0,0,0,2.6943,0,0,0,0,0,0,0,0,0,0,0,1.3472,0,0,0,0,0,0,2.0208,1.3472,3.3679,0,0,0,0,6.0623,0,0,0,0,0,0,0.6736,0,0,0,0,0,0,0,0,0,0,0,0,0,0,0,0,0,0,0,0,0,0,0,0,0,0,0,0,0,0,0,0,0,0,0.6736,0,0,0,0,0,0,0,0,0,0,0,0,0,7.4094,6.7358,0,0,0,0.6736,6.0623,0,0,0,16.8396,0,0,0,0,0,0.6736,0,0,0,0,0,0,0,0,8.7566,0,0,0,0,0,0,0,0,0,0,0,0,0,32.332,0,0,0,0,0,0,0,1.3472,0,0,0,0,0,0,0,0,0,0,0,0,0,0,0,0,0,0,0,0,0,0,0,0,0,0,0,0,0,0,0,0,0,0,0,0,0,0,0,0,0
NRS,Maria Island,MAI,42.5967,148.2333,MAI20150421,2015-04-21T00:50:00Z,2015-04-21T10:50:00Z,2015,4,21,10:50:00,70,16.490875,0.487325,35.45695,El Nino,11.9528,NA,40.4151,0,0,0,0,0,0,409.2025,0,0,0,0,0,0,0,0,0,0,0,0,0,0,0,0,25.2594,0,0,15.1556,0,0,0,0,0,0,0,0,0,0,0,25.2594,5.0519,0,0,5.0519,0,0,0,30.3113,0,25.2594,0,0,0,0,5.0519,0,0,0,0,0,0,0,0,0,0,0,0,0,0,0,5.0519,0,0,0,0,0,0,0,0,0,0,0,0,0,0,0,0,0,0,0,0,0,0,0,0,0,5.0519,0,0,0,0,0,0,0,0,0,0,0,0,0,0,0,0,0,10.1038,20.2075,35.3632,0,0,0,25.2594,0,0,0,0,0,0,0,0,0,0,0,0,0,0,35.3632,0,0,0,25.2594,0,0,0,0,0,0,0,0,0,414.2544,0,0,0,0,0,0,0,0,0,0,0,0,0,0,0,0,0,0,0,0,0,0,0,0,0,0,0,0,0,0,0,0,0,0,0,0,0,0,0,0,0,0,0,0,0,5.0519,0,0,0
NRS,Maria Island,MAI,42.5967,148.2333,MAI20150526,2015-05-26T00:35:00Z,2015-05-26T10:35:00Z,2015,5,26,10:35:00,75,14.882045454545455,0.23262727272727274,35.38040909090909,El Nino,0.7073,NA,6.2868,0,0,0,0,0,0,12.5736,0,0,0,0,0,0,0,0,0,0,0,0,0,0,0,0,0,0,0,0,1.5717,0,0,0,0,0,0,0,0,0,0,0,0,0,0,0,0,0,0,9.4302,0,11.0019,0,0,0,0,12.5736,0,0,0,0,0,0,0,0,0,0,0,3.1434,0,0,0,0,0,0,0,0,0,0,0,0,0,0,0,0,0,0,0,0,0,0,0,0,0,0,0,0,0,1.5717,0,0,0,0,0,0,0,0,0,0,0,0,0,3.1434,0,0,0,0,0,0,0,0,0,11.0019,0,0,0,0,0,0,0,0,0,0,0,0,0,0,11.0019,0,0,0,3.1434,0,0,0,0,1.5717,0,0,0,0,77.0132,0,0,0,0,0,0,0,1.5717,0,0,0,0,0,0,0,0,0,0,0,0,0,0,0,0,0,0,0,0,0,0,0,0,0,0,0,0,0,1.5717,0,0,0,0,0,0,0,0,0,0,0
NRS,Maria Island,MAI,42.5967,148.2333,MAI20150723,2015-07-23T00:45:00Z,2015-07-23T10:45:00Z,2015,7,23,10:45:00,75,12.6643,0.0608,35.3444,El Nino,2.0133,NA,4.7151,0,0,0,0,0,0,0,0,0,0,0,0,0,0,0,0,0,0,0,0,0,0,0,0,0,0,0,2.3575,0,0,0,0,0,0,0,0,0,0,0,0,0,0,0,0,0,0,0,0,4.7151,0,0,0,0,28.2905,0,2.3575,0,0,0,0,0,0,0,0,0,2.3575,0,0,0,0,0,0,0,0,0,0,0,0,0,0,0,0,0,0,0,0,0,0,0,0,0,0,0,0,0,0,0,0,0,0,2.3575,0,0,0,0,0,0,0,0,2.3575,0,0,0,0,2.3575,0,0,0,0,2.3575,0,0,0,0,0,2.3575,0,0,0,0,0,0,0,0,4.7151,0,0,0,0,0,0,0,0,0,0,0,0,0,94.3019,0,0,0,0,0,0,0,0,0,0,0,0,0,0,0,0,0,0,0,0,0,0,0,0,0,0,0,0,0,0,0,0,0,0,0,0,0,0,0,0,0,0,0,0,0,2.3575,0,0,0
NRS,Maria Island,MAI,42.5967,148.2333,MAI20150811,2015-08-11T23:35:00Z,2015-08-12T09:35:00Z,2015,8,12,9:35:00,75,11.8587,0.1542,35.2751,El Nino,1.3674,NA,0,0,0,0,0,0,0,1.5717,0,0,0,0,0,0,0,0,0,0,0,0,0,0,0,0,0,0,0,0,0,0,0,0,0,0,0,0,0,0,0,0,0,0,0,0,6.2868,0,0,0,0,1.5717,0,0,0,0,42.4358,0,0,0,0,0,0,0,0,0,0,0,4.7151,0,0,0,0,0,0,0,0,0,0,0,0,0,0,0,0,0,0,0,0,0,0,0,0,0,0,0,0,0,0,0,0,0,0,0,0,0,0,0,0,0,0,0,3.1434,0,0,0,0,0,0,0,0,0,4.7151,0,0,0,0,0,0,0,0,0,0,0,0,0,0,9.4302,0,0,0,0,0,0,0,0,0,0,0,0,0,9.4302,0,0,0,0,0,0,0,7.8585,0,0,0,0,0,0,0,0,0,0,0,0,0,0,0,0,0,0,0,0,0,0,0,0,0,0,0,0,0,0,0,0,0,0,0,0,0,0,0,0,0
NRS,Maria Island,MAI,42.5967,148.2333,MAI20151001,2015-10-01T01:05:00Z,2015-10-01T11:05:00Z,2015,10,1,11:05:00,75,12.2387,0.9632,35.1609,El Nino,26.876,NA,0,0,0,0,0,0,0,14.1453,0,0,0,0,0,0,0,0,0,0,0,0,0,0,0,0,377.2073,0,0,0,4.7151,0,0,0,0,0,0,0,0,0,0,9.4302,0,0,0,0,0,0,0,0,0,9.4302,0,0,0,0,28.2905,0,4.7151,0,0,0,0,0,0,0,0,0,4.7151,0,0,0,0,0,0,0,0,0,0,0,0,0,0,0,0,0,0,0,0,0,0,0,0,0,0,0,0,0,0,0,0,0,0,0,0,0,0,4.7151,0,0,0,0,0,0,0,0,0,0,0,0,42.4358,0,0,0,0,0,0,0,0,0,0,0,0,0,0,0,0,9.4302,0,0,0,0,0,0,0,0,0,0,0,0,0,160.3131,0,0,0,0,0,0,0,0,0,0,0,0,0,0,0,0,0,0,0,0,0,0,0,0,0,0,0,0,0,0,0,0,0,0,0,0,0,0,0,0,0,0,0,0,0,0,0,0,0
NRS,Maria Island,MAI,42.5967,148.2333,MAI20151118,2015-11-18T23:45:00Z,2015-11-19T10:45:00Z,2015,11,19,10:45:00,75,14.7163,1.8857,35.3496,El Nino,24.5185,NA,16.5028,0,0,0,0,0,0,2.3576,0,0,0,0,0,0,0,0,0,0,0,0,0,0,0,0,3.5363,0,0,0,0,0,0,0,0,0,0,0,0,0,0,0,0,0,0,0,0,0,0,0,0,3.5363,0,0,0,0,1.1788,0,1.1788,0,0,0,0,0,0,0,0,0,4.7151,0,0,0,0,0,0,0,0,0,0,0,0,0,0,0,0,0,0,0,0,0,0,0,0,0,0,0,0,0,0,0,0,0,0,0,0,0,0,0,0,0,0,0,0,0,0,0,0,3.5363,0,0,0,0,9.4302,0,0,0,0,0,0,0,0,0,0,0,0,0,0,2.3575,0,0,0,0,0,0,0,0,0,0,0,0,0,7.0727,0,0,0,0,0,1.1788,0,0,1.1788,0,0,0,0,0,0,0,0,0,0,0,0,0,0,0,0,0,0,0,0,0,1.1788,0,0,0,0,0,0,1.1788,0,0,0,0,0,0,0,0,0,0,0
NRS,Maria Island,MAI,42.5967,148.2333,MAI20151216,2015-12-16T22:35:00Z,2015-12-17T09:35:00Z,2015,12,17,9:35:00,75,16.8562,0.0826,35.5522,El Nino,2.829,NA,0,0,0,0,0,0,0,2.3575,0,2.3575,0,0,0,0,0,0,0,0,0,0,0,0,0,0,21.2179,0,0,0,7.0726,0,0,0,0,0,0,0,0,0,0,0,7.0725,0,0,0,0,0,0,2.3575,0,2.3575,0,0,0,0,4.7151,0,0,0,0,0,0,0,0,0,0,0,66.0113,0,0,0,0,0,0,0,0,0,0,0,0,0,2.3575,0,0,0,0,0,0,0,0,0,0,0,0,0,0,0,7.0726,0,2.3575,0,0,0,0,0,0,0,0,0,0,0,0,2.3575,0,0,2.3575,11.7877,11.7877,0,0,0,66.0113,0,0,0,0,0,7.0726,0,0,0,0,0,0,0,0,0,2.3575,0,0,4.7151,0,0,0,0,0,0,0,0,0,11.7877,0,0,0,0,0,0,0,0,0,0,0,0,0,0,0,0,0,0,0,0,0,0,0,0,0,0,0,0,0,0,0,0,0,0,0,0,0,0,0,0,0,0,0,0,0,0,0,0,0
NRS,Maria Island,MAI,42.5967,148.2333,MAI20160209,2016-02-09T23:45:00Z,2016-02-10T10:45:00Z,2016,2,10,10:45:00,75,19.8603,0.1318,35.3406,El Nino,4.2436,NA,0,0,0,0,0,0,0,111.9834,0,0,0,0,0,0,0,0,0,0,0,0,0,0,0,0,5.8939,0,0,0,0,0,0,0,0,0,0,0,0,0,0,2.3576,0,0,0,0,0,0,0,0,0,2.3575,0,0,0,0,8.2514,0,0,0,0,0,0,0,0,0,0,0,10.609,0,0,0,0,0,0,0,0,0,0,0,0,0,0,0,0,0,0,0,0,0,0,0,0,0,0,0,0,0,2.3575,0,0,0,0,0,0,0,0,0,0,2.3575,0,0,0,0,0,0,0,1.1788,0,0,0,0,8.2514,0,0,0,0,0,0,0,0,0,0,0,0,0,0,0,0,0,0,2.3575,0,0,0,0,0,0,0,0,0,130.8438,0,0,0,0,0,0,0,0,0,0,0,0,0,0,0,0,0,0,0,0,0,0,0,0,0,0,0,0,0,0,0,0,0,0,0,0,0,0,0,0,0,0,0,0,0,0,0,0,0
NRS,Maria Island,MAI,42.5967,148.2333,MAI20160303,2016-03-03T23:15:00Z,2016-03-04T10:15:00Z,2016,3,4,10:15:00,75,19.2113,0.3225,35.6044,El Nino,9.8121,NA,9.4302,0,0,0,0,0,0,759.1296,0,0,0,0,0,0,0,0,0,0,0,0,0,0,0,0,9.4302,0,0,0,0,0,0,0,0,0,0,0,0,0,0,0,14.1453,0,0,0,0,0,0,14.1453,0,4.7151,0,0,0,0,4.7151,0,0,0,0,0,0,0,0,0,0,0,0,0,0,0,0,0,0,0,0,0,0,0,0,0,0,0,0,0,0,0,0,0,0,0,0,0,0,0,0,0,0,0,0,0,0,0,0,0,0,0,0,0,0,0,4.7151,0,0,0,0,0,0,0,0,0,37.7207,0,0,0,0,0,0,0,0,0,0,0,0,0,0,0,0,0,0,0,0,0,0,0,0,0,0,0,0,433.7883,0,0,0,0,0,0,0,0,0,0,0,0,0,0,0,0,0,0,0,0,0,0,0,0,0,0,0,0,0,0,0,0,0,0,0,0,0,0,0,0,0,0,0,0,0,0,0,0,0
NRS,Maria Island,MAI,42.5967,148.2333,MAI20160321,2016-03-21T23:11:00Z,2016-03-22T10:11:00Z,2016,3,22,10:11:00,75,19.7689,0.1142,35.6478,El Nino,6.0825,NA,14.1453,0,0,0,0,0,0,108.4471,0,0,0,0,0,0,0,0,0,0,0,0,0,0,0,0,4.7151,0,0,4.7151,0,0,0,0,0,0,0,0,0,0,0,0,0,0,0,0,0,0,0,9.4302,0,0,0,0,0,0,4.7151,0,4.7151,0,0,0,0,0,0,0,0,0,0,0,0,0,0,0,0,0,0,0,0,0,0,0,0,0,0,0,0,0,0,0,0,0,0,0,0,0,0,0,18.8604,0,0,0,0,0,0,0,0,0,0,4.7151,0,0,9.4302,0,0,0,0,0,28.2906,0,0,0,23.5755,0,0,0,0,0,0,0,0,0,0,0,0,0,0,9.4302,0,0,0,18.8604,0,0,0,0,0,0,0,0,0,122.5923,0,0,0,0,0,0,0,0,0,0,0,0,0,0,0,0,0,0,0,0,0,0,0,0,0,0,0,0,0,0,0,0,0,0,0,0,0,4.7151,0,0,0,0,0,0,0,0,0,0,0
NRS,Maria Island,MAI,42.5967,148.2333,MAI20160428,2016-04-28T00:47:00Z,2016-04-28T10:47:00Z,2016,4,28,10:47:00,75,17.582,0.7534,35.645,El Nino,13.5842,NA,9.4302,0,0,0,0,0,0,18.8604,0,0,0,0,0,0,0,0,0,0,0,0,0,0,0,0,0,0,0,2.3575,0,0,0,0,0,0,0,0,0,0,0,0,2.3575,0,0,0,2.3575,0,0,0,4.7151,4.7151,0,0,0,0,2.3575,0,0,0,0,0,0,0,0,0,0,0,2.3575,0,0,4.7151,0,0,0,0,0,0,0,0,0,0,0,0,0,0,0,0,0,0,0,0,0,0,0,0,0,0,11.7877,0,0,0,0,0,0,0,0,0,0,0,0,0,0,0,0,0,0,0,18.8603,0,0,0,7.0726,0,0,0,0,0,0,0,0,0,0,0,0,0,0,4.7151,0,0,0,7.0726,0,0,0,0,0,0,0,0,0,54.2236,0,0,0,0,0,0,0,4.7151,0,0,0,0,0,0,0,0,0,0,0,0,0,0,0,0,0,0,0,0,0,0,0,0,0,0,0,0,0,4.7151,0,0,0,0,0,0,0,0,0,0,0
NRS,Maria Island,MAI,42.5967,148.2333,MAI20160530,2016-05-30T23:45:00Z,2016-05-31T09:45:00Z,2016,5,31,9:45:00,80,14.3806,0.1865,35.5007,El Nino,3.7862,NA,0,0,0,0,0,0,0,39.7836,0,0,0,0,0,0,0,0,0,0,0,0,0,0,0,0,4.4204,0,0,0,0,0,0,0,0,0,0,0,0,0,0,0,0,0,0,0,0,0,0,0,0,35.3632,0,0,0,0,4.4204,0,0,0,0,0,0,0,0,0,0,0,0,0,0,0,0,0,0,0,0,0,0,0,0,0,0,0,0,0,0,0,0,0,0,0,8.8408,0,0,0,0,0,0,0,0,0,0,0,0,0,0,0,0,0,0,0,0,0,0,0,4.4204,0,0,0,0,0,70.7264,0,0,0,0,0,0,0,0,0,0,0,0,0,0,4.4204,0,0,0,0,0,0,0,0,0,0,0,0,0,150.2935,0,0,0,0,0,0,0,0,0,0,0,0,0,0,0,0,0,0,0,0,0,0,0,0,0,0,0,0,0,0,0,0,0,0,0,0,0,4.4204,0,0,0,0,0,0,0,0,0,0,0
NRS,Maria Island,MAI,42.5967,148.2333,MAI20160630,2016-06-30T23:30:00Z,2016-07-01T09:30:00Z,2016,7,1,9:30:00,75,13.3014,0.2311,35.2945,La Nina,0.4008,NA,0,0,0,0,0,0,0,7.5442,0,0,0,0,0,0,0,0,0,0,0,0,0,0,0,0,1.4145,0,0,0,0,0,0,0,0,0,0,0,0,0,0,0,0,0,0,0,0,0,0,0,0,1.886,0,0,0,0,11.7877,0,0,0,0,0,0,0,0.4715,0,0,0,2.8291,0,0,1.4145,0,0,0,0,0,0,0,0,0,0,0,0,0,0,0,0,0,0,0,0,0,0,0,0,0,0,0,0,0,0,0,0,0,0,0,0,0,0,0,0,0,0,0,0,0,0,0,0,0,0,3.3006,0,0,0,0,0,0.943,0,0,0,0,0,0,0,0,0.4715,0,0,0,0,0,0,0,0,0,0,0,0,0,22.161,0,0,0,0,0,0,0,0,0,0,0,0,0,0,0,0,0,0,0,0,0,0,0,0,0,0,0,0,0,0,0,0,0,0,0,0,0,0,0,0,0,0,0,0,0,0,0,0,0
NRS,Maria Island,MAI,42.5967,148.2333,MAI20160720,2016-07-20T23:30:00Z,2016-07-21T09:30:00Z,2016,7,21,9:30:00,75,12.9935,0.1296,35.2365,La Nina,0.3253,NA,0,0,0,0,0,0,0,7.8585,0,0,0,0,0,0,0,0,0,0,0,0,0,0,0,0,1.5717,0,0,0,0,0,0,0,0,0,0,0,0,0,0,5.5009,0,0,0,0,0,0,0,0,0,0.7858,0,0,0,0,18.8604,0,0,0,0,0,0,0,0,0,0,0,0.7858,0,0,0,0,0,0,0,0,0,0,0,0,0,0,0,0,0,0,0,0,0,0,0,0,0,0,0,0,0,0,0,0,0,0,0,0,0,0,0,0,0,0,0,2.3575,0,0,0,0,0,0.7858,0,0,0,10.216,0,0,0,0,0,0,0,0,0,0,0,0,0,0,2.3575,0,0,0,0,0,0,0,0,0,0,0,0,0,38.5065,0,0,0,0,0,0,0,1.5716,0,0,0,0,0,0,0,0,0,0,0,0,0,0,0,0,0,0,0,0,0,0,0,0,0,0,0,0,0,0,0,0,0,0,0,0,0,0,0,0,0
NRS,Maria Island,MAI,42.5967,148.2333,MAI20160831,2016-08-31T00:26:00Z,2016-08-31T10:26:00Z,2016,8,31,10:26:00,75,12.4077,0.4839,35.2214,Neutral,2.8856,NA,0,0,0,0,0,0,0,3.1434,0,0,0,0,0,0,0,0,0,0,0,0,0,0,0,0,17.2887,0,0,0,0,0,0,0,0,0,0,0,0,0,0,0,0,0,0,0,3.1434,0,0,0,1.5717,14.1453,0,0,0,0,58.1528,0,0,0,0,0,0,0,0,0,0,0,9.4302,0,0,0,0,0,0,0,0,0,0,0,0,0,0,0,0,0,0,0,0,0,0,0,0,0,0,0,0,0,0,0,0,0,0,0,0,0,0,0,0,0,0,0,1.5717,1.5717,0,0,0,0,0,0,0,0,7.8585,0,0,0,0,0,0,0,0,0,0,0,0,0,0,11.0019,0,0,0,0,0,0,0,0,0,0,0,0,0,1.5717,0,0,0,0,0,0,0,4.7151,0,0,0,0,0,0,0,0,0,0,0,0,0,0,0,0,0,0,0,0,0,0,0,0,0,0,0,0,0,0,0,0,0,0,0,0,0,0,0,0,0
NRS,Maria Island,MAI,42.5967,148.2333,MAI20160927,2016-09-27T00:10:00Z,2016-09-27T10:10:00Z,2016,9,27,10:10:00,75,12.9214,0.3808,35.0983,Neutral,10.4675,NA,0,0,0,0,0,0,0,89.5868,0,0,0,0,0,0,0,0,0,0,0,0,0,0,0,0,37.7207,0,0,0,4.7151,0,0,0,0,0,0,0,0,0,0,0,0,0,0,0,0,0,0,0,4.7151,0,0,0,0,0,122.5924,0,0,0,0,0,0,0,0,0,0,0,4.7151,0,0,0,0,0,0,0,0,0,0,0,0,0,0,0,0,0,0,0,0,0,0,0,4.7151,0,0,0,0,0,0,0,0,0,0,0,0,0,0,0,0,0,0,0,4.7151,0,0,0,0,4.7151,0,0,42.4358,0,4.7151,0,0,0,0,0,0,0,0,0,0,0,0,0,0,14.1453,0,0,0,0,0,0,0,0,0,0,0,0,0,141.4527,0,0,0,0,0,0,0,0,0,0,0,0,0,0,0,0,0,0,0,0,0,0,0,0,0,0,0,0,0,0,0,0,0,0,0,0,0,0,0,0,0,0,0,0,0,0,0,0,0
NRS,Maria Island,MAI,42.5967,148.2333,MAI20161117,2016-11-17T22:10:00Z,2016-11-18T09:10:00Z,2016,11,18,9:10:00,75,13.987218181818182,0.7051181818181818,35.155818181818184,Neutral,5.677,NA,0,0,0,0,0,0,0,0,0,0,0,0,0,0,0,0,0,0,0,0,0,0,0,0,2.3575,0,0,0,0,0,0,0,0,0,0,0,0,0,0,2.3575,0,0,0,0,0,0,0,0,0,0,0,0,0,0,14.1453,0,0,0,0,0,0,0,0,0,0,0,0,0,0,0,0,0,0,0,0,0,0,0,0,0,0,0,0,0,0,0,0,0,0,0,0,0,0,0,0,0,0,0,0,0,0,0,0,0,0,0,0,0,0,0,0,0,0,0,0,0,0,0,0,0,28.2905,0,0,0,0,0,0,0,0,0,0,0,0,0,0,0,0,0,0,0,0,0,0,0,0,0,0,0,0,11.7877,0,0,0,0,0,0,0,0,0,0,0,0,0,0,0,0,0,0,0,0,0,0,0,0,0,0,0,0,0,0,0,0,0,0,0,0,0,0,0,0,0,0,0,0,0,0,0,0,0
NRS,Maria Island,MAI,42.5967,148.2333,MAI20170104,2017-01-04T22:45:00Z,2017-01-05T09:45:00Z,2017,1,5,9:45:00,75,16.7,0.1844,35.235,Neutral,10.9249,NA,0,0,0,0,0,0,0,0,0,0,0,0,0,0,0,0,0,0,0,0,0,0,0,0,9.4302,0,0,0,2.3575,0,0,0,0,0,0,0,0,0,0,0,0,0,0,0,0,0,0,0,0,4.7151,0,0,0,0,25.933,0,0,0,0,0,0,0,0,0,0,0,7.0726,0,0,0,0,0,0,0,0,0,0,0,0,0,2.3575,0,0,0,0,0,0,0,0,0,0,0,0,0,0,0,0,0,0,0,0,0,0,0,0,0,0,0,0,0,4.7151,4.7151,0,0,0,35.3632,0,0,0,0,30.6481,0,0,0,0,0,0,2.3575,42.4358,0,0,0,0,0,0,9.4302,0,0,0,2.3575,0,0,0,0,0,0,0,0,0,58.9386,0,0,0,0,0,0,0,0,0,0,0,0,0,0,0,0,0,0,0,0,0,0,0,0,0,0,0,0,0,0,0,0,0,0,0,0,0,4.7151,0,0,0,0,0,0,0,0,0,0,0
NRS,Maria Island,MAI,42.5967,148.2333,MAI20170223,2017-02-23T21:50:00Z,2017-02-24T08:50:00Z,2017,2,24,8:50:00,75,17.6545,0.5282,35.5251,Neutral,17.2855,NA,4.7151,0,0,0,0,0,0,16.5028,0,0,0,0,0,0,0,0,0,0,0,0,0,0,0,0,21.2179,0,0,0,0,0,0,0,0,0,0,0,0,0,0,0,11.7877,0,0,0,0,0,0,0,0,9.4302,0,0,0,0,16.5028,0,2.3575,0,0,0,0,0,0,0,0,0,7.0726,0,0,0,0,0,0,0,0,0,0,0,0,0,0,0,0,0,0,0,0,0,0,0,0,0,0,0,0,0,7.0726,0,0,0,0,0,0,0,0,0,0,0,0,0,4.7151,0,0,0,0,4.7151,2.3575,0,0,0,11.7877,0,0,0,0,0,0,0,0,0,0,0,0,0,0,7.0726,4.7151,0,0,9.4302,0,0,0,0,0,0,0,0,0,58.9386,0,0,0,0,0,0,0,0,0,0,0,0,0,0,0,0,0,0,0,0,0,0,0,0,0,0,0,0,0,0,0,0,0,0,0,0,0,0,0,0,0,0,0,0,0,0,0,0,0
NRS,Maria Island,MAI,42.5967,148.2333,MAI20170323,2017-03-23T22:30:00Z,2017-03-24T09:30:00Z,2017,3,24,9:30:00,75,17.9237,0.0924,35.5499,Neutral,8.8832,NA,0,0,0,0,0,0,0,9.4302,0,0,0,0,0,0,0,0,0,0,0,0,0,0,0,0,4.7151,0,0,0,23.5755,0,0,0,0,0,0,0,0,0,0,4.7151,4.7151,0,0,0,0,0,0,9.4302,9.4302,4.7151,0,0,0,0,9.4302,0,0,0,0,0,0,0,0,0,0,0,4.7151,0,0,0,0,0,0,0,0,0,0,0,0,0,0,0,0,0,0,0,0,0,0,0,0,0,0,0,0,0,23.5755,0,0,0,0,0,0,0,0,0,0,0,0,0,9.4302,0,0,0,0,9.4302,9.4302,0,0,4.7151,33.0056,0,0,0,0,0,0,0,0,0,0,0,0,0,0,42.4358,14.1453,0,0,42.4358,0,0,0,0,0,0,0,0,0,37.7207,0,0,0,0,0,0,0,0,0,0,0,0,0,0,0,0,0,0,0,0,0,0,0,0,0,0,0,0,0,0,0,0,0,0,0,0,0,9.4302,0,0,0,0,0,0,0,0,0,0,0
NRS,Maria Island,MAI,42.5967,148.2333,MAI20170412,2017-04-12T00:15:00Z,2017-04-12T10:15:00Z,2017,4,12,10:15:00,75,16.442,0.2334,35.4116,Neutral,10.2506,NA,4.7151,0,0,0,0,0,0,1.5717,0,0,0,0,0,0,0,0,0,0,0,0,0,0,0,0,7.8585,0,0,0,0,0,0,0,0,0,0,0,0,0,0,1.5717,7.8585,0,0,0,0,0,0,0,0,4.7151,0,0,0,0,1.5717,0,0,0,0,0,6.2868,0,0,0,0,0,1.5717,0,0,4.7151,0,0,0,0,0,0,0,0,0,0,0,0,0,0,0,0,0,0,0,0,1.5717,0,0,0,0,0,3.1434,0,0,0,0,0,0,0,0,0,0,0,0,0,3.1434,0,0,0,0,0,3.1434,0,0,0,29.8622,0,0,0,0,0,0,0,0,0,0,0,0,0,0,6.2868,0,0,0,3.1434,0,0,0,0,0,0,0,0,0,23.5755,0,0,0,0,0,0,0,0,0,0,0,0,0,0,0,0,0,0,0,0,0,0,0,0,0,0,0,0,0,0,0,0,0,0,0,0,0,0,0,0,0,0,0,0,0,0,0,0,0
NRS,Maria Island,MAI,42.5967,148.2333,MAI20170601,2017-06-01T23:00:00Z,2017-06-02T09:00:00Z,2017,6,2,9:00:00,75,14.1399,0.1733,35.252,La Nina,11.7311,NA,0.943,0,0,0,0,0,0,3.772,0,0,0,0,0,0,0,0,0,0,0,0,0,0,0,0,1.886,0,0,0,0,0,0,0,0,0,0,0,0,0,0,0,0,0,0,0,0,0,0,0,0,19.8034,0,0,0,0,42.4358,0,0,0,0,0,0,0,0,0,0,0,4.7151,0,0,0,0,0,0,0,0,0,0,0,0,0,0,0,0,0,0,0,0,0,0,0,0,0,0,0,0,0,0,0,0,0,0,0,0,0,0,0,0,0,0,0,7.5441,0.943,0,0,0,0.943,0,0,0,0,16.9743,0,0,0,0,0,0,0,0,0,0,0,0,0,0,0,0,0,0,0.943,0,0,0,0,0,0,0,0,0,8.4871,0,0,0,0,0,0,0,1.886,0,0,0,0,0,0,0,0,0,0,0,0,0,0,0,0,0,0,0,0,0,0,0,0,0,0,0,0,0,0,0,0,0,0,0,0,0,0,0,0,0
NRS,Maria Island,MAI,42.5967,148.2333,MAI20170626,2017-06-26T23:25:00Z,2017-06-27T09:25:00Z,2017,6,27,9:25:00,75,13.4567,0.1391,35.2497,La Nina,0.7497,NA,0.3698,0,0,0,0,0,0,1.2019,0,0,0,0,0,0,0,0,0,0,0,0,0,0,0,0,0.3698,0,0,0,0,0,0,0,0,0,0,0,0,0,0,0,0,0,0,0,0,0,0,0,0.4623,0.6472,0,0,0,0,1.017,0,0,0,0,0,0,0,0,0,0,0,0.3698,0,0,0,0,0,0,0,0,0,0,0,0,0,0,0,0,0,0,0,0,0,0,0,0,0,0,0,0,0,0,0,0,0,0,0,0,0,0,0,0,0,0,0,0.4623,0.185,0,0,0,0,0.0925,0,0,0.2774,1.3868,0,0,0,0,0,0,0,0,0,0,0,0,0,0,0.0925,0,0,0,0.0925,0,0,0,0,0,0,0,0,0,1.017,0,0,0,0,0,0,0,0.0925,0,0,0,0,0,0,0,0,0,0,0,0,0,0,0,0,0,0,0,0,0,0,0,0,0,0,0,0,0,0.0925,0,0,0,0,0,0,0,0,0,0,0
NRS,Maria Island,MAI,42.5967,148.2333,MAI20170801,2017-08-01T00:01:00Z,2017-08-01T10:01:00Z,2017,8,1,10:01:00,75,12.3636,0.1669,35.2147,La Nina,13.3484,NA,0.7254,0,0,0,0,0,0,1.0881,0,0,0,0,0,0,0,0,0,0,0,0,0,0,0,0,0.7253,0,0,0,0,0,0,0,0,0,0,0,0,0,0,0.1813,0.5439,0,0,0,0,0,0,0,1.2694,0.544,0,0,0,0,0.1813,0,0,0,0,0,0,0,0,0,0,0,0.1813,0,0,0,0,0,0,0,0,0,0,0,0,0,0,0,0,0,0,0,0,0,0,0,0,0,0,0,0,0,0.1813,0,0,0,0,0,0,0,0,0,0,0,0,0,1.6321,0,0,0,0,0,0.3626,0,0,0,3.2643,0,0,0,0,0,0,0,0,0,0,0,0,0,0,0.3627,0,0,0,0.1813,0,0,0,0,0,0,0,0,0,2.9016,0,0,0,0,0,0,0,0,0,0,0,0,0,0,0,0,0,0,0,0,0,0,0,0,0,0,0,0,0,0,0,0,0,0,0,0,0,0,0,0,0,0,0,0,0,0,0,0,0
NRS,Maria Island,MAI,42.5967,148.2333,MAI20170921,2017-09-21T23:15:00Z,2017-09-22T09:15:00Z,2017,9,22,9:15:00,75,11.9577,0.2614,35.2254,La Nina,14.2537,NA,0.943,0,0,0,0,0,0,33.9487,0,0,0,0,0,0,0,0,0,0,0,0,0,0,0,0,6.6011,0,0,0.943,0,0,0,0,0,0,0,0,0,0,0,15.0883,0,0,0,0,0,0,0,0,0.943,19.8034,0,0,0,0,41.4928,0,0.943,0,0,0,0,0,0,0,0,0,3.7721,0,0,0,0,0,0,0,0,0,0,0,0,0,0,0,0,0,0,0,0,0,0,0,0,0,0,0,0,0,0,0,0,0,0,0,0,0,0,0,0,0,0,0,1.886,0,0,0,0,0,0,0,0,0,3.7721,0,0,0,0,0,0,0,0,0,0,0,0,0,0,5.6581,1.886,0,0,0,0,0,0,0,0,0,0,0,0,16.9744,0,0,0,0,0,0,0,0,0,0,0,0,0,0,0,0,0,0,0,0,0,0,0,0,0,0,0,0,0,0,0,0,0,0,0,0,0,0,0,0,0,0,0,0,0,0,0,0,0
NRS,Maria Island,MAI,42.5967,148.2333,MAI20171015,2017-10-15T22:50:00Z,2017-10-16T09:50:00Z,2017,10,16,9:50:00,75,12.35,1.3565,35.049,La Nina,18.2427,NA,0,0,0,0,0,0,0,25.1472,0,0,0,0,0,0,0,0,0,0,0,0,0,0,0,0,6.2868,0,0,0,0,0,0,0,0,0,0,0,0,0,0,0,1.5717,0,0,0,0,0,0,0,0,0,0,0,0,0,6.2868,0,0,0,0,0,0,0,0,0,0,0,3.1434,0,0,0,0,0,0,0,0,0,0,0,0,0,0,0,0,0,0,0,0,0,0,0,0,0,0,0,0,0,0,0,0,0,0,0,0,0,0,0,0,0,0,0,0,0,0,0,0,3.1434,0,0,3.1434,0,15.717,0,0,0,0,0,0,0,0,0,0,0,0,0,0,0,0,0,0,0,0,0,0,0,0,0,0,0,0,33.0057,0,0,0,0,0,0,0,0,0,0,0,0,0,0,0,0,0,0,0,0,0,0,0,0,0,0,0,0,0,0,0,0,0,0,0,0,0,0,0,0,0,0,0,0,0,0,0,0,0
NRS,Maria Island,MAI,42.5967,148.2333,MAI20171123,2017-11-23T22:50:00Z,2017-11-24T09:50:00Z,2017,11,24,9:50:00,75,15.0728,0.586,35.1563,La Nina,14.2396,NA,0,0,0,0,0,0,0,19.8033,0,0,0,0,0,1.886,0,0,0,0,0,1.886,0,0,0,0,41.4929,0,0,0,0,0,0,0,0,0,0,0,0,0,0,7.5442,0,0,0,0,0,0,0,0,0,0.943,0,0,0,0,3.7721,0,0,0,0,0,0,0,0,0,0,0,9.4302,0,0,0,0,0,0,0,0,0,0,0,0,0,0,0,0,0,0,0,0,0,0,0,0,0,0,0,0,0,0,0,0,0,0,0,0,0,0,0,0,0,0,0,5.6581,0,0,0,0.943,2.8291,0,0,25.4615,0,12.2592,0,0,0,0,0,0,0,0,0,0,0,0,0,0,0.943,0.943,0,0,0,0,0,0,0,0,0,0,0,0,11.3162,0,0,0,0,0,0,0,0,0,0,0,0,0,0,0,0,0,0,0,0,0,0,0,0,0,0,0,0,0,0,0,0,0,0,0,0,0,0,0,0,0,0,0,0,0,0,0,0,0
NRS,Maria Island,MAI,42.5967,148.2333,MAI20171217,2017-12-17T22:40:00Z,2017-12-18T09:40:00Z,2017,12,18,9:40:00,75,17.3784,0.1527,35.4431,La Nina,13.9802,NA,2.3575,0,0,0,0,0,0,9.4301,0,0,0,0,0,0,0,0,0,0,0,0,0,0,0,0,11.0018,0,0,0,0,0,0,0,0,0,0,0,0,0,0,1.5716,0,0,0,0,0,0,0,0,0,0.7858,0,0,0,0,5.5009,0,0,0,0,0,0,0,0,0,0,0,11.7877,0,0,0,0,0,0,0,0,0,0,0,0,0,0,0,0,0,0,0,0,0,0,0,0,0,0,0,0,0,0,0,0,0,0,0,0,0,0,0,0,0,0,0,1.5717,0,0,0,1.5717,6.2868,0,0,0,0,14.9311,0,0,0,0,0,0,0,0,0,0,0,0,0,0,1.5717,0,0,0,2.3575,0,0,0,0,0,0,0,0,0,9.4301,0,0,0,0,0,0,0,0,0,0,0,0,0,0,0,0,0,0,0,0,0,0,0,0,0,0,0,0,0,0,0,0,0,0,0,0,0,0,0,0,0,0,0,0,0,0,0,0,0
NRS,Maria Island,MAI,42.5967,148.2333,MAI20180116,2018-01-16T23:30:00Z,2018-01-17T10:30:00Z,2018,1,17,10:30:00,75,16.857,0.3215,35.3386,La Nina,51.0078,NA,0,0,0,0,0,0,0,0,0,0,0,0,0,0,0,0,0,0,0,0,0,0,0,0,9.4302,0,0,23.5755,0,0,0,0,0,0,0,0,0,0,0,0,9.4302,0,0,0,0,0,0,0,0,0,0,0,0,0,9.4302,0,0,0,0,0,4.7151,0,0,0,0,0,0,0,0,0,0,0,0,0,0,0,0,0,0,0,0,0,0,0,0,0,0,0,0,0,0,0,0,0,0,0,0,0,0,0,0,0,0,0,0,0,0,0,0,0,0,14.1453,0,0,23.5755,0,0,0,0,0,127.3074,0,0,0,0,0,0,0,0,0,0,0,0,0,0,0,0,0,0,4.7151,0,0,0,0,0,0,0,0,0,70.7264,0,0,0,0,0,0,0,0,0,0,0,0,0,0,0,0,0,0,0,0,0,0,0,0,0,0,0,0,0,0,0,0,0,0,0,0,0,0,0,0,0,0,0,0,0,0,0,0,0
NRS,Maria Island,MAI,42.5967,148.2333,MAI20180301,2018-03-01T22:30:00Z,2018-03-02T09:30:00Z,2018,3,2,9:30:00,75,18.0273,0.3532,35.5387,La Nina,28.7338,NA,0,0,0,0,0,0,0,66.0112,0,0,0,0,0,0,0,0,0,0,0,0,0,0,0,0,4.7151,0,0,4.7151,0,0,0,0,0,0,0,0,0,0,0,0,0,14.1453,0,0,0,0,0,0,0,0,0,0,0,0,0,0,0,0,0,0,0,0,0,0,0,0,0,0,0,0,0,0,0,0,0,0,0,0,0,0,0,0,0,0,0,0,0,0,0,0,0,0,0,0,0,0,0,0,0,0,0,0,0,0,0,0,0,0,0,0,4.7151,0,0,0,4.7151,0,14.1453,0,0,0,42.4358,0,0,0,0,0,0,0,0,0,0,0,0,0,0,23.5755,0,0,0,0,0,0,0,0,0,0,0,0,0,89.5868,0,0,0,0,0,0,0,0,0,0,0,0,0,0,0,0,0,0,0,0,0,0,0,0,0,0,0,0,0,0,0,0,0,0,0,0,0,0,0,0,0,0,0,0,0,0,0,0,0
NRS,Maria Island,MAI,42.5967,148.2333,MAI20180315,2018-03-15T21:45:00Z,2018-03-16T08:45:00Z,2018,3,16,8:45:00,75,18.9134,0.1714,35.6977,La Nina,23.3397,NA,18.8604,0,0,0,0,0,0,165.0282,0,0,0,0,0,0,0,0,0,0,0,0,0,0,0,0,4.7151,0,0,9.4302,0,0,0,0,0,0,0,0,0,0,0,4.7151,9.4302,0,0,0,0,0,0,141.4527,0,33.0056,0,0,0,0,9.4302,0,0,0,0,0,0,0,0,0,0,0,4.7151,0,0,33.0056,0,0,0,0,0,0,0,0,0,0,0,0,0,0,0,0,0,0,0,0,0,0,0,0,0,0,14.1453,0,0,0,0,0,0,0,0,0,0,0,0,0,0,0,0,0,0,4.7151,0,0,0,0,33.0056,0,0,0,0,0,0,0,0,0,0,0,0,0,0,84.8716,0,0,0,84.8716,0,0,0,0,0,0,0,0,0,47.1509,0,0,0,0,0,0,0,0,0,0,0,0,0,0,0,0,0,0,0,0,0,0,0,0,0,0,0,0,0,0,0,0,0,0,0,0,0,0,0,0,0,0,0,0,0,0,0,0,0
NRS,Maria Island,MAI,42.5967,148.2333,MAI20180418,2018-04-18T23:30:00Z,2018-04-19T09:30:00Z,2018,4,19,9:30:00,75,15.8422,1.5875,35.4767,La Nina,21.1189,NA,14.1453,0,0,0,0,0,0,56.5811,0,0,0,0,0,0,0,0,0,0,0,0,0,0,0,0,9.4302,0,0,0,0,0,0,0,0,0,0,0,0,0,0,4.7151,0,0,0,0,0,0,0,84.8716,0,56.5811,0,0,0,0,23.5755,0,0,0,0,0,0,0,0,0,0,0,4.7151,0,0,9.4302,0,0,0,0,0,0,0,0,0,0,0,0,0,0,0,0,0,0,0,0,14.1453,0,0,0,0,0,4.7151,0,0,0,0,0,0,0,0,0,0,0,0,0,4.7151,0,0,0,9.4302,9.4302,14.1453,0,0,0,47.1509,0,0,0,0,0,0,0,0,0,0,0,0,0,0,28.2905,0,0,0,9.4302,0,0,0,0,0,0,0,0,0,80.1565,0,0,0,0,0,0,0,0,0,0,0,0,0,0,0,0,0,0,0,0,0,0,0,0,0,0,0,0,0,0,0,0,0,0,0,0,0,0,0,0,0,0,0,0,0,0,0,0,0
NRS,Maria Island,MAI,42.5967,148.2333,MAI20180605,2018-06-05T23:30:00Z,2018-06-06T09:30:00Z,2018,6,6,9:30:00,75,14.5987,0.9852,35.4956,La Nina,17.1063,NA,0,0,0,0,0,0,0,33.0057,0,0,0,0,0,0,0,0,0,0,0,0,0,0,0,0,0,0,0,0,0,0,0,0,0,0,0,0,0,0,0,0,0,0,0,0,0,0,0,37.7207,0,42.4358,0,0,0,0,9.4302,0,0,0,0,0,0,0,0,0,0,0,0,0,0,0,0,0,0,0,0,0,0,0,0,0,0,0,0,0,0,0,0,0,0,0,9.4302,0,0,0,0,0,23.5755,0,0,0,0,0,0,0,0,0,0,0,0,0,4.7151,0,0,0,0,9.4302,0,0,0,0,89.5867,0,0,0,0,0,0,0,0,0,0,0,0,0,0,4.7151,0,0,0,56.5811,0,0,0,0,0,0,0,0,0,61.2962,0,0,0,0,0,0,0,0,0,0,0,0,0,0,0,0,0,0,0,0,0,0,0,0,0,0,0,0,0,0,0,0,0,0,0,0,0,0,0,0,0,0,0,0,0,0,0,0,0
NRS,Maria Island,MAI,42.5967,148.2333,MAI20180627,2018-06-27T23:00:00Z,2018-06-28T09:00:00Z,2018,6,28,9:00:00,75,13.621,1.4511,35.307,La Nina,7.0632,NA,4.7151,0,0,0,0,0,0,9.4302,0,0,0,0,0,0,0,0,0,0,0,0,0,0,0,0,0,0,0,0,0,0,0,0,0,0,0,0,0,0,0,0,0,0,0,0,0,4.7151,0,18.8604,0,4.7151,0,0,0,0,42.4358,0,0,0,0,0,0,0,0,0,0,0,0,0,0,0,0,0,0,0,0,0,0,0,0,0,0,0,0,0,0,0,0,0,0,0,0,0,0,0,0,0,9.4302,0,0,0,0,0,0,0,0,0,0,0,0,0,9.4302,0,0,0,18.8604,0,0,0,0,0,4.7151,0,0,0,0,0,0,0,0,0,0,0,0,0,0,23.5755,0,0,0,14.1453,0,0,0,0,0,0,0,0,0,66.0113,0,0,0,0,0,0,0,0,0,0,0,0,0,0,0,0,0,0,0,0,0,0,0,0,0,0,0,0,0,0,0,0,0,0,0,0,0,0,0,0,0,0,0,0,0,0,0,0,0
NRS,Maria Island,MAI,42.5967,148.2333,MAI20180711,2018-07-11T22:40:00Z,2018-07-12T08:40:00Z,2018,7,12,8:40:00,75,13.1495,1.1306,35.2763,Neutral,6.2711,NA,0.943,0,0,0,0,0,0,0,0,0,0,0,0,0,0,0,0,0,0,0,0,0,0,0,0,0,0,0.943,0,0,0,0,0,0,0,0,0,0,0,0,0,0,0,0,0,0,0,1.886,0.943,13.2023,0,0,0,0,31.1196,0,0,0,0,0,0,0,0,0,0,0,0.943,0,0,0,0,0,0,0,0,0,0,0,0,0,0,0,0,0,0,0,0,0,0,0,0,0,0,0,0,0,1.886,0,0,0,0,0,0,0,0,0,0,0,0,0,0.943,0,0,0,1.886,0,0,0,0,0,5.6581,0,0,0,0,0,0,0,0,0,0,0,0,0,0,10.3732,0,0,0,0,0,0,0,0,0,0,0,0,0,4.7151,0,0,0,0,0,0,0,0,0,0,0,0,0,0,0,0,0,0,0,0,0,0,0,0,0,0,0,0,0,0,0,0,0,0,0,0,0,0,0,0,0,0,0,0,0,0,0.943,0,0
NRS,Maria Island,MAI,42.5967,148.2333,MAI20180919,2018-09-19T23:50:00Z,2018-09-20T09:50:00Z,2018,9,20,9:50:00,75,12.2094,0.6136909090909091,35.198,Neutral,12.2592,NA,0,0,0,0,0,0,0,4.7151,0,0,0,0,0,0,0,0,0,0,0,0,0,0,0,0,0,0,0,0,0,0,0,0,0,0,0,0,0,0,0,0,0,0,0,0,0,0,0,0,0,4.7151,0,0,0,0,66.0113,0,0,0,0,0,0,0,0,0,0,0,23.5755,0,0,0,0,0,0,0,0,0,0,0,0,0,0,0,0,0,0,0,0,0,0,0,0,0,0,0,0,0,4.7151,0,0,0,0,0,0,0,0,0,0,0,0,0,4.7151,0,0,0,14.1453,0,0,0,0,0,4.7151,0,0,0,0,0,0,0,0,0,0,0,0,0,0,37.7207,14.1453,0,0,0,0,0,0,0,0,0,0,0,0,70.7264,0,0,0,0,0,0,0,0,0,0,0,0,0,0,0,0,0,0,0,0,0,0,0,0,0,0,0,0,0,0,0,0,0,0,0,0,0,0,0,0,0,0,0,0,0,0,0,0,0
NRS,Maria Island,MAI,42.5967,148.2333,MAI20181018,2018-10-18T21:45:00Z,2018-10-19T08:45:00Z,2018,10,19,8:45:00,75,12.8779,1.3672,35.2315,Neutral,3.5033,NA,0,0,0,0,0,0,0,0,0,0,0,0,0,0,0,0,0,0,0,0,0,0,0,0,9.4302,0,0,0,0,0,0,0,0,0,0,0,0,0,0,0,0,0,0,0,0,0,0,0,0,33.0056,0,0,0,0,70.7264,0,0,0,0,0,0,0,0,0,0,0,70.7264,0,0,0,0,0,0,0,0,0,0,0,0,0,0,0,0,0,0,0,0,0,0,0,0,0,0,0,0,0,0,0,0,0,0,0,0,0,0,0,0,4.7151,0,0,9.4302,0,0,0,0,0,0,0,4.7151,0,179.1734,0,0,0,0,0,0,0,0,0,0,0,0,0,0,70.7264,4.7151,0,0,0,0,0,0,0,0,0,0,0,0,33.0056,0,0,0,0,0,0,0,0,0,0,0,0,0,0,0,0,0,0,0,0,0,0,0,0,0,0,0,0,0,0,0,0,0,0,0,0,0,0,0,0,0,0,0,0,0,0,0,0,0
NRS,Maria Island,MAI,42.5967,148.2333,MAI20181204,2018-12-04T22:10:00Z,2018-12-05T09:10:00Z,2018,12,5,9:10:00,85,15.2354,0.3900222222222222,35.26985555555556,Neutral,18.1143,NA,0,0,0,0,0,0,0,12.4811,0,0,0,0,0,0,0,0,0,0,0,0,0,0,0,0,4.1604,0,0,0,0,0,0,0,0,0,0,0,0,0,0,0,0,0,0,0,0,0,0,0,0,0,0,0,0,0,0,0,0,0,0,0,4.1604,0,0,0,0,0,12.4811,0,0,0,0,0,0,0,0,0,0,0,0,0,0,0,0,0,0,0,0,0,0,0,16.6415,0,0,0,0,0,0,0,0,0,0,0,0,0,0,0,0,0,0,0,0,0,0,0,8.3207,29.1226,0,0,0,0,45.7641,0,0,0,0,0,0,0,0,0,0,0,0,0,0,20.8019,4.1604,0,0,8.3207,0,0,0,0,0,0,0,0,0,66.566,0,0,0,0,0,0,0,0,0,0,0,0,0,0,0,0,0,0,0,0,0,0,0,0,0,0,0,0,0,0,0,0,0,0,0,0,0,0,0,0,0,0,0,0,0,0,0,0,0
NRS,Maria Island,MAI,42.5967,148.2333,MAI20190106,2019-01-06T21:50:00Z,2019-01-07T08:50:00Z,2019,1,7,8:50:00,80,16.727036363636365,0.35674545454545453,35.29127272727273,Neutral,18.4375,NA,4.4204,0,0,0,0,0,0,8.8408,0,0,0,0,0,0,0,0,0,0,0,0,0,0,0,0,0,0,0,0,0,0,0,0,0,0,0,0,0,0,0,0,0,0,0,0,0,0,0,0,0,8.8408,0,0,0,0,0,0,0,0,0,0,0,0,0,0,0,0,30.9428,0,0,0,0,0,0,0,0,0,0,0,0,0,0,0,0,0,0,0,0,0,0,0,13.2612,0,0,0,0,0,0,0,0,0,0,0,0,0,0,0,0,0,0,0,0,0,0,0,0,53.0448,4.4204,0,0,0,39.7836,0,0,0,0,0,0,0,0,0,0,0,0,0,0,26.5224,4.4204,0,0,8.8408,0,0,0,0,0,0,0,0,0,8.8408,0,0,0,0,0,0,0,0,0,0,0,0,0,0,0,0,0,0,0,0,0,0,0,0,0,0,0,0,0,0,0,0,0,0,0,0,0,0,0,0,0,0,0,0,0,0,0,0,0
NRS,Maria Island,MAI,42.5967,148.2333,MAI20190320,2019-03-20T22:35:00Z,2019-03-21T09:35:00Z,2019,3,21,9:35:00,75,17.6551,0.2723357142857143,35.4406,El Nino,15.192,NA,18.8604,0,0,0,0,0,0,42.4358,0,0,0,0,0,0,0,0,0,0,0,0,0,0,0,0,0,0,0,0,0,0,0,0,0,0,0,0,0,0,0,0,0,0,0,0,0,0,0,4.7151,0,4.7151,0,0,0,0,0,0,0,0,0,0,0,0,0,0,0,0,0,0,0,0,0,0,0,0,0,0,0,0,0,0,0,0,0,0,0,0,0,0,0,0,42.4359,0,0,0,0,0,14.1453,0,0,0,0,0,0,0,0,0,0,0,0,0,0,0,0,0,14.1453,42.4358,0,0,0,0,56.5811,0,0,0,0,0,0,0,23.5755,0,0,0,0,0,0,42.4358,0,0,0,4.7151,0,0,0,0,0,0,0,0,0,33.0057,0,0,0,0,0,0,0,0,0,0,0,0,0,0,0,0,0,0,0,0,0,0,0,0,0,0,0,0,0,0,0,0,0,0,0,0,0,0,0,0,0,0,0,0,0,0,0,0,0
NRS,Maria Island,MAI,42.5967,148.2333,MAI20190430,2019-04-30T23:47:00Z,2019-05-01T09:47:00Z,2019,5,1,9:47:00,75,15.3018,0.0964,35.3969,Neutral,24.6033,NA,4.7151,0,0,0,0,0,0,396.0676,0,0,0,0,0,0,0,0,0,0,0,0,0,0,0,0,0,0,0,0,0,0,0,0,0,0,0,0,0,0,0,0,0,0,0,0,0,0,0,9.4302,0,9.4302,0,0,0,0,18.8604,0,0,0,0,0,0,0,0,0,0,0,0,0,0,0,0,0,0,0,0,0,0,0,0,0,0,0,0,0,0,0,0,0,0,0,37.7208,0,0,0,0,0,0,0,0,0,0,0,0,0,0,0,0,0,0,0,0,0,0,0,4.7151,9.4302,0,0,0,0,113.1622,0,0,0,0,0,0,0,0,0,0,0,0,0,0,37.7207,0,0,0,0,0,0,0,0,0,0,0,0,0,84.8716,0,0,0,0,0,0,0,0,0,0,0,0,0,0,0,0,0,0,0,0,0,0,0,0,0,0,0,0,0,0,0,0,0,0,0,0,0,4.7151,0,0,0,0,0,0,0,0,0,0,0
NRS,Maria Island,MAI,42.5967,148.2333,MAI20190624,2019-06-24T00:10:00Z,2019-06-24T10:10:00Z,2019,6,24,10:10:00,75,13.4999,0.2018,35.3702,Neutral,24.3299,NA,0,0,0,0,0,0,0,5.8939,0,0,0,0,0,0,0,0,0,0,0,0,0,0,0,0,0,0,0,0,0,0,0,0,0,0,0,0,0,0,0,0,0,0,0,0,0,0,0,7.0726,0,14.1453,0,0,0,0,16.5028,0,0,0,0,0,0,0,0,0,0,0,3.5363,0,0,0,0,0,0,0,0,0,0,0,0,0,0,0,0,0,0,0,0,0,0,0,0,0,0,0,0,0,1.1788,0,0,0,0,0,0,0,0,0,0,0,0,0,3.5363,0,0,0,2.3575,0,0,0,0,0,15.324,0,0,0,0,0,0,0,0,0,0,0,0,0,0,5.8939,0,0,0,0,0,0,0,0,0,0,0,0,0,24.7542,0,0,0,0,0,0,0,1.1788,0,0,0,0,0,0,0,0,0,0,0,0,0,0,0,0,0,0,0,0,0,0,0,0,0,0,0,0,0,0,0,0,0,0,0,0,0,0,0,0,0
NRS,Maria Island,MAI,42.5967,148.2333,MAI20190731,2019-07-31T00:20:00Z,2019-07-31T10:20:00Z,2019,7,31,10:20:00,75,12.6975,0.1523,35.2958,Neutral,8.9917,NA,0,0,0,0,0,0,0,11.3163,0,0,0,0,0,0,0,0,0,0,0,0,0,0,0,0,2.829,0,0,0,0,0,0,0,0,0,0,0,0,0,0,0.943,0,0,0,0,0.943,0,0,0.943,6.6011,3.7721,0,0,0,0,5.6581,0,0,0,0,0,0,0,0,0,0,0,1.886,0,0,0,0,0,0,0,0,0,0,0,0,0,0,0,0,0,0,0,0,0,0,0,0,0,0,0,0,0,0,0,0,0,0,0,0,0,0,0,0,0,0,0,1.886,0,0,0,0.943,6.6011,0,0,0,0,11.3162,0,0,0,0,0,0,0,0,0,0,0,0,0,0,8.4872,0,0,0,0,0,0,0,0,0,0,0,0,0,14.1453,0,0,0,0,0,0,0,0,0,0,0,0,0,0,0,0,0,0,0,0,0,0,0,0,0,0,0,0,0,0,0,0,0,0,0,0,0,0,0,0,0,0,0,0,0,0,0,0,0
NRS,Maria Island,MAI,42.5967,148.2333,MAI20190828,2019-08-28T23:20:00Z,2019-08-29T09:20:00Z,2019,8,29,9:20:00,75,11.9257,0.1596,35.1759,Neutral,4.8094,NA,0.5097,0,0,0,0,0,0,2.2938,0,0,0,0,0,0,0,0,0,0,0,0,0,0,0,0,0,0,0,0,0,0,0,0,0,0,0,0,0,0,0,0.2549,0,0,0,0,0,0,0,0,0.5097,0.2549,0,0,0,0,0.7646,0,0,0,0,0,0,0,0,0,0,0,0.7646,0,0,0,0,0,0,0,0.2549,0,0,0,0,0,0,0,0,0,0,0,0,0,0,0,0.2549,0,0,0,0,0,0,0,0,0,0,0,0,0,0,0,0,0,0,0,0,0,0,0,2.039,0.5097,0,0,0,0,2.5487,0,0,0,0,0,0,0,0,0,0,0,0,0,0,1.0195,0,0,0,0,0,0,0,0,0,0,0,0,0,2.039,0,0,0,0,0,0,0,0.2549,0,0,0,0,0,0,0,0,0,0,0,0,0,0,0,0,0,0,0,0,0,0,0,0,0,0,0,0,0,0,0,0,0,0,0,0,0,0,0,0,0
NRS,Maria Island,MAI,42.5967,148.2333,MAI20190925,2019-09-25T00:03:00Z,2019-09-25T10:03:00Z,2019,9,25,10:03:00,75,11.7462,1.7067,35.0822,Neutral,9.086,NA,0,0,0,0,0,0,0,9.4302,0,0,0,0,0,0,0,0,0,0,0,0,0,0,0,0,0,0,0,0,0,0,0,0,0,0,0,0,0,0,0,0,0,0,0,0,0,0,0,0,0,0,0,0,0,0,14.1453,0,0,0,0,0,0,0,0,0,0,0,0,0,0,0,0,0,0,0,0,0,0,0,0,0,0,0,0,0,0,0,0,0,0,0,0,0,0,0,0,0,0,0,0,0,0,0,0,0,0,0,0,0,0,0,9.4302,0,0,0,0,0,0,0,0,0,14.1453,0,0,0,0,0,0,0,0,0,0,0,0,0,0,9.4302,0,0,0,0,0,0,0,0,0,0,0,0,0,28.2906,0,0,0,0,0,0,0,0,0,0,0,0,0,0,0,0,0,0,0,0,0,0,0,0,0,0,0,0,0,0,0,0,0,0,0,0,0,0,0,0,0,0,0,0,0,0,0,0,0
NRS,Maria Island,MAI,42.5967,148.2333,MAI20191015,2019-10-15T22:40:00Z,2019-10-16T09:40:00Z,2019,10,16,9:40:00,75,13.0127,0.2491,35.2918,Neutral,32.8642,NA,0,0,0,0,0,0,0,14.1453,0,0,0,0,0,0,0,0,0,0,0,0,0,0,0,0,89.5868,0,0,0,0,0,0,0,0,0,0,0,0,0,0,51.8661,0,0,0,0,0,0,0,0,9.4302,0,0,0,0,0,56.5811,0,0,0,0,0,0,0,0,0,0,0,47.1509,0,0,0,0,0,0,0,0,0,0,0,0,0,0,0,0,0,0,0,0,0,0,0,33.0057,0,0,0,0,0,0,0,0,0,0,0,0,0,0,0,0,0,0,0,4.7151,0,0,0,4.7151,4.7151,0,0,9.4302,0,61.2962,0,0,0,0,0,0,0,0,0,0,0,0,0,0,9.4302,0,0,0,0,0,0,0,0,0,0,0,0,0,245.1847,0,0,0,0,0,0,0,0,0,0,0,0,0,0,0,0,0,0,0,0,0,0,0,0,0,0,0,0,0,0,0,0,0,0,0,0,0,0,0,0,0,0,0,0,0,0,0,0,0
NRS,Maria Island,MAI,42.5967,148.2333,MAI20191121,2019-11-21T22:23:00Z,2019-11-22T09:23:00Z,2019,11,22,9:23:00,75,12.8259,2.0728,35.0696,Neutral,10.0856,NA,0,0,0,0,0,0,0,18.8604,0,0,0,0,0,0,0,0,0,0,0,0,0,0,0,0,0,0,0,0,0,0,0,0,0,0,0,0,0,0,0,0,0,0,0,0,0,0,0,0,0,0,0,0,0,0,18.8604,0,0,0,0,0,0,0,0,0,0,0,9.4302,0,0,0,0,0,0,0,0,0,0,0,0,0,0,0,0,0,0,0,0,0,0,0,4.7151,0,0,0,0,0,0,0,0,0,0,0,0,0,0,0,0,0,0,0,4.7151,0,0,0,9.4302,9.4302,0,0,0,0,23.5755,0,0,0,0,0,0,0,0,0,0,0,0,0,0,4.7151,0,0,0,0,0,0,0,0,0,0,0,0,0,18.8604,0,0,0,0,0,0,0,0,0,0,0,0,0,0,0,0,0,0,0,0,0,0,0,0,0,0,0,0,0,0,0,0,0,0,0,0,0,0,0,0,0,0,0,0,0,0,0,0,0
NRS,Maria Island,MAI,42.5967,148.2333,MAI20191210,2019-12-10T22:30:00Z,2019-12-11T09:30:00Z,2019,12,11,9:30:00,75,13.2788,0.3767,35.0931,Neutral,9.5811,NA,0,0,0,0,0,0,0,9.4302,0,0,0,0,0,0,0,0,0,0,0,0,0,0,0,0,18.8604,0,0,0,0,0,0,0,0,0,0,0,0,0,0,0,0,0,0,0,0,4.7151,0,0,0,0,0,0,0,0,28.2905,0,0,0,0,0,0,0,0,0,0,0,9.4302,0,0,0,0,0,0,0,0,0,0,0,0,0,0,0,0,0,0,0,0,0,0,0,183.8886,0,0,0,0,0,0,0,0,0,0,0,0,0,0,0,0,0,0,0,0,0,0,0,0,0,0,0,0,0,18.8604,0,0,0,0,0,0,0,0,0,0,0,0,0,0,0,0,0,0,0,0,0,0,0,0,0,0,0,0,18.8604,0,0,0,0,0,0,0,0,0,0,0,0,0,0,0,0,0,0,0,0,0,0,0,0,0,0,0,0,0,0,0,0,0,0,0,0,0,0,0,0,0,0,0,0,0,0,0,0,0
NRS,Maria Island,MAI,42.5967,148.2333,MAI20200106,2020-01-06T22:45:00Z,2020-01-07T09:45:00Z,2020,1,7,9:45:00,75,16.2972,0.1611,35.1309,Neutral,64.625,NA,0,0,0,0,0,0,0,23.5755,0,0,0,0,0,0,0,0,0,0,0,0,0,0,0,0,0,0,0,0,0,0,0,0,0,0,0,0,0,0,0,0,0,0,0,0,0,0,0,0,0,0,0,0,0,0,0,0,0,0,0,0,0,0,0,0,0,0,0,0,0,0,0,0,0,0,0,0,0,0,0,0,0,0,0,0,0,0,0,0,0,0,28.2905,0,0,0,0,0,0,0,0,0,0,0,0,0,0,0,0,0,0,0,0,0,0,0,0,18.8604,0,0,0,0,42.4358,0,0,0,0,0,0,0,0,0,0,0,0,0,0,4.7151,0,0,0,0,0,0,0,0,0,0,0,0,0,14.1453,0,0,0,0,0,0,0,0,0,0,0,0,0,0,0,0,0,0,0,0,0,0,0,0,0,0,0,0,0,0,0,0,0,0,0,0,0,0,0,0,0,0,0,0,0,0,0,0,0
NRS,Maria Island,MAI,42.5967,148.2333,MAI20200223,2020-02-23T23:30:00Z,2020-02-24T10:30:00Z,2020,2,24,10:30:00,75,17.6198,0.1496,35.5759,Neutral,8.6522,NA,9.4302,0,0,0,0,0,0,0,0,0,0,0,0,0,0,0,0,0,0,0,0,0,0,0,0,0,0,0,0,0,0,0,0,0,0,0,0,0,0,2.3575,0,0,0,0,0,0,0,0,0,0,0,0,0,0,18.8604,0,0,0,0,0,0,0,0,0,0,0,2.3575,0,0,0,0,0,0,0,0,0,0,0,0,0,0,0,0,0,0,0,0,0,0,0,21.2179,0,0,0,0,0,4.7151,0,0,0,0,0,0,0,0,0,0,0,0,0,0,0,0,0,2.3575,4.7151,0,0,0,0,11.7877,0,0,0,0,0,0,0,0,0,0,0,0,0,0,7.0726,0,0,0,0,0,0,0,0,0,0,0,0,0,51.866,0,0,0,0,0,0,0,0,0,0,0,0,0,0,0,0,0,0,0,0,0,0,0,0,0,0,0,0,0,0,0,0,0,0,0,0,0,2.3575,0,0,0,0,0,0,0,0,0,0,0
NRS,Maria Island,MAI,42.5967,148.2333,MAI20200526,2020-05-26T00:10:00Z,2020-05-26T10:10:00Z,2020,5,26,10:10:00,75,13.2904,0.1963,35.101,Neutral,8.7559,NA,0,0,0,0,0,0,0,169.7433,0,0,0,0,0,0,0,0,0,0,0,0,0,0,0,0,4.7151,0,0,14.1453,0,0,0,0,0,0,0,0,0,0,0,42.4358,0,0,0,0,0,0,0,0,4.7151,0,0,0,0,0,28.2905,0,0,0,0,0,0,0,0,0,0,0,4.7151,0,0,0,0,0,0,0,0,0,0,0,0,0,0,0,0,0,0,0,0,0,0,0,4.7151,0,0,0,0,0,0,0,0,0,0,0,0,0,0,0,0,0,0,0,0,0,0,0,0,0,0,0,0,0,66.0113,0,0,0,0,0,0,0,0,0,0,0,0,0,0,4.7151,0,0,0,0,0,0,0,0,0,0,0,0,0,179.1734,0,0,0,0,0,0,0,0,0,0,0,0,0,0,0,0,0,0,0,0,0,0,0,0,0,0,0,0,0,0,0,0,0,0,0,0,0,0,0,0,0,0,0,0,0,0,0,0,0
NRS,Maria Island,MAI,42.5967,148.2333,MAI20200628,2020-06-28T23:45:00Z,2020-06-29T09:45:00Z,2020,6,29,9:45:00,75,13.122,0.2838,35.2639,La Nina,1.3391,NA,17.5132,0,0,0,0,0,0,0,0,0,0,0,0,0,0,0,0,0,0,0,0,0,0,0,1.3472,0,0,0,1.3472,0,0,0,0,0,0,0,0,0,0,4.0416,0,0,0,0,0,0,0,0,0,3.3679,0,0,0,0,6.7358,0,0,0,0,0,0,0,0,0,0,0,0,0,0,0,0,0,0,0,0,0,0,0,0,0,0,0,0,0,0,0,0,0,0,0,0,0,0,0,0,0,0.6736,0,0,0,0,0,0,0,0,0,0,0,0,0,1.3472,0,0,0,1.3472,0,0,0,0,0,24.249,0,0,0,0,0,0,0,0,0,0,0,0,0,0,1.3472,0,0,0,0,0,0,0,0,0,0,0,0,0,9.4302,0,0,0,0,0,0,0,0,0,0,0,0,0,0,0,0,0,0,0,0,0,0,0,0,0,0,0,0,0,0,0,0,0,0,0,0,0,0,0,0,0,0,0,0,0,0,0,0,0
NRS,Maria Island,MAI,42.5967,148.2333,MAI20200810,2020-08-10T00:05:00Z,2020-08-10T10:05:00Z,2020,8,10,10:05:00,75,12.8757,0.4029,35.3414,La Nina,4.8424,NA,0,0,0,0,0,0,0,7.0726,0,0,0,0,0,0,0,0,0,0,0,0,0,0,0,0,7.0726,0,0,0,0,0,0,0,0,0,0,0,0,0,0,7.0725,0,0,0,0,0,0,0,0,0,0,0,0,0,0,21.2179,0,0,0,0,0,0,0,0,0,0,7.0726,0,0,0,0,0,0,0,0,0,0,0,0,0,0,0,0,0,0,0,0,0,0,0,0,0,0,0,0,0,0,0,0,0,0,0,0,0,0,0,0,0,0,0,0,0,0,0,0,0,0,0,0,0,0,2.3575,0,0,0,0,0,0,0,0,0,0,0,0,0,0,4.7151,0,0,0,0,0,0,0,0,0,0,0,0,0,66.0112,0,0,0,0,0,0,0,0,0,0,0,0,0,0,0,0,0,0,0,0,0,0,0,0,0,0,0,0,0,0,0,0,0,0,0,0,0,0,0,0,0,0,0,0,0,0,0,0,0
NRS,Maria Island,MAI,42.5967,148.2333,MAI20200909,2020-09-09T23:00:00Z,2020-09-10T09:00:00Z,2020,9,10,9:00:00,75,12.2017,0.3424,35.2623,La Nina,6.3795,NA,0,0,0,0,0,0,0,33.0057,0,0,0,0,0,0,0,0,0,0,0,0,0,0,0,0,4.7151,0,0,0,0,0,0,0,0,0,0,0,0,0,0,18.8604,0,0,0,0,0,0,0,0,0,9.4302,0,0,0,0,136.7376,0,0,0,0,0,0,0,0,0,0,9.4302,0,0,0,0,0,0,0,0,0,0,0,0,0,0,0,0,0,0,0,0,0,0,0,0,0,0,0,0,0,0,0,0,0,0,0,0,0,0,0,0,0,0,0,0,4.7151,0,0,0,0,0,0,0,0,0,56.5811,0,0,0,0,0,0,0,0,0,0,0,0,0,0,18.8604,0,0,0,0,0,0,0,0,0,0,0,0,0,273.4753,0,0,0,0,0,0,0,0,0,0,0,0,0,0,0,0,0,0,0,0,0,0,0,0,0,0,0,0,0,0,0,0,0,0,0,0,0,0,0,0,0,0,0,0,0,0,0,0,0
NRS,Maria Island,MAI,42.5967,148.2333,MAI20200928,2020-09-28T23:00:00Z,2020-09-29T09:00:00Z,2020,9,29,9:00:00,75,12.0181,1.6298,35.1979,La Nina,4.9933,NA,0,0,0,0,0,0,0,9.4302,0,0,0,0,0,0,0,0,0,0,0,0,0,0,0,0,0,0,0,4.7151,0,0,0,0,0,0,0,0,0,0,0,4.7151,0,0,0,0,0,0,0,0,0,14.1453,0,0,0,0,14.1453,0,0,0,0,0,0,0,0,0,0,0,0,0,0,0,0,0,0,0,0,0,0,0,0,0,0,0,0,0,0,0,0,0,0,0,0,0,0,0,0,0,0,0,0,0,0,0,0,0,0,0,0,0,0,0,0,0,0,0,0,4.7151,0,0,4.7151,0,9.4302,0,0,0,0,0,0,0,0,0,0,0,0,0,0,0,0,0,0,0,0,0,0,0,0,0,0,0,0,4.7151,0,0,0,0,0,0,0,0,0,0,0,0,0,0,0,0,0,0,0,0,0,0,0,0,0,0,0,0,0,0,0,0,0,0,0,0,0,0,0,0,0,0,0,0,0,0,0,0,0
NRS,Maria Island,MAI,42.5967,148.2333,MAI20201020,2020-10-20T23:10:00Z,2020-10-21T10:10:00Z,2020,10,21,10:10:00,75,12.4942,1.1068,35.1629,La Nina,22.4863,NA,0,0,0,0,0,0,0,18.8604,0,0,0,0,0,0,0,0,0,0,0,0,0,0,0,0,188.6036,0,0,4.7151,0,0,0,0,0,0,0,0,0,0,0,47.151,0,0,0,0,0,0,0,0,18.8604,14.1453,0,0,0,0,136.7376,0,0,0,0,0,0,0,0,0,0,0,0,0,0,0,0,0,0,0,0,0,0,0,0,0,0,0,0,0,0,0,0,0,0,0,0,0,0,0,0,0,0,0,0,0,0,0,0,0,0,0,0,0,0,0,0,0,0,0,9.4302,4.7151,0,0,0,0,56.5811,0,0,0,0,0,0,0,0,0,0,0,0,0,0,0,0,0,0,0,0,0,0,0,0,0,0,0,0,287.6205,0,0,0,0,0,0,0,0,0,0,0,0,0,0,0,0,0,0,0,0,0,0,0,0,0,0,0,0,0,0,0,0,0,0,0,0,0,0,0,0,0,0,0,0,0,0,0,0,0
NRS,Maria Island,MAI,42.5967,148.2333,MAI20201118,2020-11-18T22:45:00Z,2020-11-19T09:45:00Z,2020,11,19,9:45:00,75,14.6416,0.6625,35.1493,La Nina,35.151,31.0772,0,0,0,0,0,0,0,75.4414,0,0,0,0,0,0,0,0,0,0,0,0,0,0,0,0,18.8604,0,0,0,0,0,0,0,0,0,0,0,0,0,0,14.1453,0,0,0,0,0,0,0,0,0,9.4302,0,0,0,0,221.6093,0,0,0,0,0,0,0,0,0,0,0,0,0,0,0,0,0,0,0,0,0,0,0,0,0,0,0,0,0,0,0,0,0,0,0,0,0,0,0,0,0,0,0,0,0,0,0,0,0,0,0,0,0,0,0,4.7151,0,0,0,0,0,0,0,23.5755,0,33.0056,0,0,0,0,0,0,0,0,0,0,0,0,0,0,0,0,0,0,0,0,0,0,0,0,0,0,0,0,551.6656,0,0,0,0,0,0,0,0,0,0,0,0,0,0,0,0,0,0,0,0,0,0,0,0,0,0,0,0,0,0,0,0,0,0,0,0,0,0,0,0,0,0,0,0,0,0,0,0,0
NRS,Maria Island,MAI,42.5967,148.2333,MAI20210106,2021-01-06T22:54:00Z,2021-01-07T09:54:00Z,2021,1,7,9:54:00,75,16.7159,0.2661,35.3959,La Nina,9.6801,3.3618,0,0,0,0,0,0,0,1.886,0,0,0,0,0,0,0,0,0,0,0,0,0,0,0,0,5.6581,0,0,0,0,0,0,0,0,0,0,0,0,0,0,0,0,0,0,0,0,0,0,0,0,0,0,0,0,0,6.6011,0,0,0,0,0,0,0,0,0,0,0,0,0,0,0,0,0,0,0,0,0,0,0,0,0,0,0,0,0,0,0,0,0,0,0,0,0,0,0,0,0,0,0,0,0,0,0,0,0,0,0,0,0,0,0,0,0,0,0,0,1.886,0,0,0,0,7.5441,0,0,0,0,0,0,0,0,0,0,0,0,0,0,0,1.886,0,0,0.943,0,0,0,0,0,0,0,0,0,5.6581,0,0,0,0,0,0,0,0,0,0,0,0,0,0,0,0,0,0,0,0,0,0,0,0,0,0,0,0,0,0,0,0,0,0,0,0,0,0,0,0,0,0,0,0,0,0,0,0,0
NRS,Maria Island,MAI,42.5967,148.2333,MAI20210215,2021-02-15T22:50:00Z,2021-02-16T09:50:00Z,2021,2,16,9:50:00,75,17.8258,0.4309,35.5287,La Nina,0.4951,0.1509,5.6581,0,0,0,0,0,0,80.1566,0,0,0,0,0,0,0,0,0,0,0,0,0,0,0,0,5.6582,0,0,0.943,0,0,0,0,0,0,0,0,0,0,0,0,0,0,0,0,0,0,0,0,0,0.943,0,0,0,0,3.7721,0,0,0,0,0,0,0,0,0,0,0,0,0,0,0,0,0,0,0,0,0,0,0,0,0,0,0,0,0,0,0,0,0,0,0,0,0,0,0,0,0,0,0,0,0,0,0,0,0,0,0,0,0,0,0,0.943,0,0,0,0,0,2.8291,0,0,0,14.1453,0,0,0,0,0,0,0,0,0,0,0,0,0,0,0,0,0,0,1.886,0,0,0,0,0,0,0,0,0,13.2023,0,0,0,0,0,0,0,0,0,0,0,0,0,0,0,0,0,0,0,0,0,0,0,0,0,0,0,0,0,0,0,0,0,0,0,0,0,0,0,0,0,0,0,0,0,0,0,0,0
NRS,Maria Island,MAI,42.5967,148.2333,MAI20210329,2021-03-29T23:17:00Z,2021-03-30T10:17:00Z,2021,3,30,10:17:00,75,18.1001,0.3477,35.6089,La Nina,10.6372,6.2381,7.0726,0,0,0,0,0,0,63.6538,0,0,0,0,0,0,0,0,0,0,0,0,0,0,0,0,2.3575,0,0,0,0,0,0,0,0,0,0,0,0,0,0,0,0,0,0,0,0,0,0,0,0,0,0,0,0,0,7.0726,0,0,0,0,0,0,0,0,0,0,0,0,0,0,0,0,0,0,0,0,0,0,0,0,0,0,0,0,0,0,0,0,0,0,0,0,0,0,0,0,0,0,0,0,0,0,0,0,0,0,0,0,0,0,0,0,2.3575,0,0,0,0,2.3575,0,0,0,7.0726,0,0,0,0,0,0,0,0,0,0,0,0,0,0,0,0,0,0,7.0726,0,0,0,0,0,0,0,0,0,28.2905,0,0,0,0,0,0,0,0,0,0,0,0,0,0,0,0,0,0,0,0,0,0,0,0,0,0,0,0,0,0,0,0,0,0,0,0,0,0,0,0,0,0,0,0,0,0,0,0,0
NRS,Maria Island,MAI,42.5967,148.2333,MAI20210428,2021-04-28T00:18:00Z,2021-04-28T10:18:00Z,2021,4,28,10:18:00,75,16.1647,0.2091,35.5512,La Nina,11.4577,6.0164,2.3575,0,0,0,0,0,0,2.3575,0,0,0,0,0,0,0,0,0,0,0,0,0,0,0,0,0,0,0,0,0,0,2.3575,0,0,0,0,0,0,0,0,0,4.715,0,0,0,0,0,0,0,0,0,0,0,0,0,37.7207,0,0,0,0,0,0,0,0,0,0,0,2.3575,0,0,0,0,0,0,0,0,0,0,0,0,0,0,0,0,0,0,0,0,0,0,0,0,0,0,0,0,0,2.3575,0,0,0,0,0,0,0,0,0,0,0,0,0,2.3575,0,0,0,0,0,0,0,0,0,16.5028,0,0,0,0,0,0,0,0,0,0,0,0,0,0,14.1453,2.3575,0,0,2.3575,0,0,0,0,0,0,0,0,0,11.7877,0,0,0,0,0,0,0,2.3575,0,0,0,0,0,0,0,0,0,0,0,0,0,0,0,0,0,0,0,0,0,0,0,0,0,0,0,0,0,0,0,0,0,0,0,0,0,0,0,0,0
NRS,Maria Island,MAI,42.5967,148.2333,MAI20210531,2021-05-31T02:00:00Z,2021-05-31T12:00:00Z,2021,5,31,12:00:00,75,14.2026,0.1992,35.3554,La Nina,2.2067,1.1175,4.2436,0,0,0,0,0,0,4.2436,0,0,0,0,0,0,0,0,0,0,0,0,0,0,0,0,1.4146,0,0,0,0,0,0,0,0,0,0,0,0,0,0,2.3576,0,0,0,0,0,1.1788,0,0,0,1.1788,0,0,0,0,5.8939,0,0,0,0,0,0,0,0,0,0,0,0,0,0,0,0,0,0,0,0,0,0,0,0,0,0,0,0,0,0,0,0,0,0,0,0,0,0,0,0,0,0.7073,0,0,0,0,0,0,0,0,0,0,0,0,0,0.7073,0,0,0,0,0,0.7073,0,0,0,4.0078,0,0,0,0,0,0.2358,0,0,0,0,0,0,0,0,0.2358,0,0,0,0.4715,0,0,0,0,0,0,0,0,0,12.9665,0,0,0,0,0,0,0,0,0,0,0,0,0,0,0,0,0,0,0,0,0,0,0,0,0,0,0,0,0,0,0,0,0,0,0,0,0,0,0,0,0,0,0,0,0,0,0,0,0
NRS,Maria Island,MAI,42.5967,148.2333,MAI20210625,2021-06-25T00:28:00Z,2021-06-25T10:28:00Z,2021,6,25,10:28:00,75,13.4518,0.1863,35.2749,La Nina,0.5941,0.3961,1.5717,0,0,0,0,0,0,1.5717,0,0,0,0,0,0,0,0,0,0,0,0,0,0,0,0,0.6287,0,0,0,0,0,0,0,0,0,0,0,0,0,0,0.3143,0.3143,0,0,0,0,0.3143,0,0,0,0,0,0,0,0,1.5717,0,0,0,0,0,0,0,0,0,0,0,0,0,0,0,0,0,0,0,0,0,0,0,0,0,0,0,0,0,0,0,0,0,0,0,0,0,0,0,0,0,0,0,0,0,0,0,0,0,0,0,0,0,0,0,1.5717,0,0,0,0,0,0.3143,0,0,0,3.7721,0,0,0,0,0,0,0,0,0,0,0,0,0,0,0,0,0,0,0,0,0,0,0,0,0,0,0,0,7.5442,0,0,0,0,0,0,0,0,0,0,0,0,0,0,0,0,0,0,0,0,0,0,0,0,0,0,0,0,0,0,0,0,0,0,0,0,0,0,0,0,0,0,0,0,0,0,0,0,0
NRS,Maria Island,MAI,42.5967,148.2333,MAI20210809,2021-08-09T00:20:00Z,2021-08-09T10:20:00Z,2021,8,9,10:20:00,75,12.6785,0.1623,35.2686,La Nina,1.9379,1.0515,0.4715,0,0,0,0,0,0,0,0,0,0,0,0,0,0,0,0,0,0,0,0,0,0,0,1.4145,0,0,0,0,0,0,0,0,0,0,0,0,0,0,0,0,0,0,0,0,1.886,0,0,0.4715,0.4715,0,0,0,0,4.2436,0,0,0,0,0,0,0,0,0,0,0,0,0,0,0,0.4715,0,0,0,0,0,0,0,0,0,0,0,0,0,0,0,0,0,0,0,0,0,0,0,0,0,0.4715,0,0,0,0,0,0,0,0,0,0,0.4715,0,0,4.7151,0,0,0,0,0.4715,0,0,0,0,5.1866,0,0,0,0,0,0,0,0,0,0,0,0,0,0,13.6738,0,0,0,0,0,0,0,0,0,0,0,0,0,2.3575,0,0,0,0,0,0,0,0.943,0,0,0,0,0,0,0,0,0,0,0,0,0,0,0,0,0,0,0,0,0,0,0,0,0,0,0,0,0,0,0,0,0,0,0,0,0,0,0,0,0
NRS,Maria Island,MAI,42.5967,148.2333,MAI20210831,2021-08-31T23:35:00Z,2021-09-01T09:35:00Z,2021,9,1,9:35:00,75,12.5296,0.1368,35.2898,La Nina,3.3383,2.0888,0,0,0,0,0,0,0,22.0038,0,0,0,0,0,0,0,0,0,0,0,0,0,0,0,0,1.5717,0,0,0,0,0,0,0,0,0,0,0,0,0,0,0,1.5717,0,0,0,0,0,0,0,1.5717,0,0,0,0,0,26.7188,0,0,0,0,0,0,0,0,0,0,0,0,0,0,0,0,0,0,0,0,0,0,0,0,0,0,0,0,0,0,0,0,0,0,0,0,0,0,0,0,0,1.5717,0,0,0,0,0,0,0,0,0,0,0,0,0,0,0,0,0,6.2868,0,0,0,0,0,9.4302,0,0,0,0,0,0,0,1.5717,0,0,0,0,0,0,39.2924,0,0,0,0,0,0,0,0,0,0,0,0,0,3.1434,0,0,0,0,0,0,0,0,0,0,0,0,0,0,0,0,0,0,0,0,0,0,0,0,0,0,0,0,0,0,0,0,0,0,0,0,0,0,0,0,0,0,0,0,0,0,0,0,0
NRS,Maria Island,MAI,42.5967,148.2333,MAI20210916,2021-09-16T00:15:00Z,2021-09-16T10:15:00Z,2021,9,16,10:15:00,75,12.5425,0.2067,35.2444,La Nina,4.9461,2.4141,0,0,0,0,0,0,0,0,0,0,0,0,0,0,0,0,0,0,0,0,0,0,0,0,0,0,0,0,0,0,0,0,0,0,0,0,0,0,0,0,0,0,0,0,0,9.4302,0,0,4.7151,0,0,0,0,0,51.866,0,0,0,0,0,0,0,0,0,0,0,0,0,0,0,0,0,0,0,0,0,0,0,0,0,0,0,0,0,0,0,0,0,0,0,0,0,0,0,0,0,0,0,0,0,0,0,0,0,0,0,0,0,0,0,0,0,0,0,4.7151,0,0,0,0,0,4.7151,0,0,0,0,0,0,0,0,0,0,0,0,0,0,18.8604,0,0,0,0,0,0,0,0,0,0,0,0,0,0,0,0,0,0,0,0,0,0,0,0,0,0,0,0,0,0,0,0,0,0,0,0,0,0,0,0,0,0,0,0,0,0,0,0,0,0,0,0,0,0,0,0,0,0,0,0,0,0,0
NRS,Maria Island,MAI,42.5967,148.2333,MAI20211031,2021-10-31T23:31:00Z,2021-11-01T10:31:00Z,2021,11,1,10:31:00,75,13.0646,0.2429,35.1639,La Nina,1.952,3.3336,0,0,0,0,0,0,0,0.0943,0,0,0,0,0,0,0,0,0,0,0,0,0,0,0,0,0.0472,0,0,0.0943,0,0,0,0,0,0,0,0,0,0,0,0.0472,0.0472,0,0,0,0,0,0,0,0,0,0,0,0,0,0.4244,0,0,0,0,0,0,0,0,0,0,0,0,0,0,0,0,0,0,0,0,0,0,0,0,0,0,0,0,0,0,0,0,0,0,0,0,0,0,0,0,0,0,0,0,0,0,0,0,0,0,0,0,0,0,0,0.0943,0,0,0,0,0,0,0,0,0,0.0472,0,0,0,0,0,0,0,0,0,0,0,0,0,0,0,0,0,0,0,0,0,0,0,0,0,0,0,0,0.5187,0,0,0,0,0,0,0,0,0,0,0,0,0,0,0,0,0,0,0,0,0,0,0,0,0,0,0,0,0,0,0,0,0,0,0,0,0,0,0,0,0,0,0,0,0,0,0,0,0
NRS,Maria Island,MAI,42.5967,148.2333,MAI20211116,2021-11-16T22:56:00Z,2021-11-17T09:56:00Z,2021,11,17,9:56:00,75,13.987218181818182,0.7051181818181818,35.155818181818184,La Nina,87.5639,22.9908,0,0,0,0,0,0,0,9.4302,0,0,0,0,0,0,0,0,0,0,0,0,0,0,0,0,0,0,0,4.7151,0,0,0,0,0,0,0,0,0,0,0,4.7151,0,0,0,0,0,4.7151,0,0,0,0,0,0,0,0,42.4358,0,0,0,0,0,0,0,0,0,0,0,0,0,0,0,0,0,0,0,0,0,0,0,0,0,0,0,0,0,0,0,0,0,0,0,0,0,0,0,0,0,0,0,0,0,0,0,0,0,0,0,0,0,0,0,0,0,0,0,4.7151,0,0,0,0,0,18.8604,0,0,0,0,0,0,0,0,0,0,0,0,0,0,0,0,0,0,0,0,0,0,0,0,0,0,0,0,61.2962,0,0,0,0,0,0,0,0,0,0,0,0,0,0,0,0,0,0,0,0,0,0,0,0,0,0,0,0,0,0,0,0,0,0,0,0,0,0,0,0,0,0,0,0,0,0,0,0,0
NRS,Maria Island,MAI,42.5967,148.2333,MAI20211214,2021-12-14T22:00:00Z,2021-12-15T09:00:00Z,2021,12,15,9:00:00,75,15.2354,0.3900222222222222,35.26985555555556,La Nina,26.579,13.3107,0,0,0,0,0,0,0,4.7151,0,0,0,0,0,0,0,0,0,0,0,0,0,0,0,0,4.7151,0,0,0,0,0,0,0,0,0,0,0,0,0,0,0,0,0,0,0,0,0,0,4.7151,0,0,0,0,0,0,4.7151,0,0,0,0,0,0,0,0,0,0,0,4.7151,0,0,0,0,0,0,0,0,0,0,0,0,0,0,0,0,0,0,0,0,0,0,0,0,0,0,0,0,0,0,0,0,0,0,0,0,0,0,0,0,0,0,0,0,0,0,0,9.4302,9.4302,0,0,0,0,4.7151,0,0,0,0,0,0,0,9.4302,0,0,0,0,0,0,9.4302,0,0,0,0,0,0,0,0,0,0,0,0,0,4.7151,0,0,0,0,0,0,0,0,0,0,0,0,0,0,0,0,0,0,0,0,0,0,0,0,0,0,0,0,0,0,0,0,0,0,0,0,0,0,0,0,0,0,0,0,0,0,0,0,0
NRS,Maria Island,MAI,42.5967,148.2333,MAI20220119,2022-01-19T22:55:00Z,2022-01-20T09:55:00Z,2022,1,20,9:55:00,75,17.2242,0.3266,35.3645,La Nina,9.6565,7.3272,0,0,0,0,0,0,0,4.7151,0,0,0,0,0,0,0,0,0,0,0,0,0,0,0,0,0,0,0,0,0,0,0,0,0,0,0,0,0,0,0,9.4302,0,0,0,0,0,0,0,0,0,0,0,0,0,0,18.8604,0,0,0,0,0,0,0,0,0,0,0,4.7151,0,0,0,0,0,0,0,0,0,0,0,0,0,0,0,0,0,0,0,0,0,0,0,0,0,0,0,0,0,4.7151,0,0,0,0,0,0,0,0,0,0,0,0,0,9.4302,0,0,0,0,0,0,0,0,0,61.2962,0,0,0,0,0,0,0,0,0,0,0,0,0,0,9.4302,0,0,0,0,0,0,0,0,0,0,0,0,0,66.0113,0,0,0,0,0,0,0,0,0,0,0,0,0,0,0,0,0,0,0,0,0,0,0,0,0,0,0,0,0,0,0,0,0,0,0,0,0,0,0,0,0,0,0,0,0,0,0,0,0
NRS,Maria Island,MAI,42.5967,148.2333,MAI20220310,2022-03-10T23:05:00Z,2022-03-11T10:05:00Z,2022,3,11,10:05:00,75,17.4678,0.4945,35.4617,La Nina,17.3044,9.7036,4.7151,0,0,0,0,0,0,169.7432,0,0,0,0,0,0,0,0,0,0,0,0,0,0,0,0,0,0,0,0,0,0,0,0,0,0,0,0,0,0,0,0,0,0,0,0,0,0,0,4.7151,0,4.7151,0,0,0,0,9.4302,0,0,0,0,0,0,0,0,0,0,0,0,0,0,4.7151,0,0,0,0,0,0,0,0,0,0,0,0,0,0,0,0,0,0,0,0,23.5755,0,0,0,0,0,4.7151,0,0,0,0,0,0,0,0,0,0,0,0,0,0,0,0,0,9.4302,0,0,0,0,0,23.5755,0,0,0,0,0,0,0,0,0,0,0,0,0,0,0,9.4302,0,0,0,0,0,0,0,0,0,0,0,0,80.1566,0,0,0,0,0,0,0,0,0,0,0,0,0,0,0,0,0,0,0,0,0,0,0,0,0,0,0,0,0,0,0,0,0,0,0,0,0,0,0,0,0,0,0,0,0,0,0,0,0
NRS,Maria Island,MAI,42.5967,148.2333,MAI20220327,2022-03-27T23:11:00Z,2022-03-28T10:11:00Z,2022,3,28,10:11:00,75,17.9846,0.1843,35.5409,La Nina,8.7371,7.8883,0,0,0,0,0,0,0,11.7877,0,0,0,0,0,0,0,0,0,0,0,0,0,0,0,0,2.3575,0,0,0,0,0,0,0,0,0,0,0,0,0,0,0,2.3575,0,0,0,0,0,0,7.0726,0,4.7151,0,0,0,0,4.7151,0,0,2.3575,0,0,0,0,0,0,0,0,0,0,0,0,0,0,0,0,0,0,0,0,0,0,0,0,0,0,0,0,0,0,0,0,9.4301,0,0,0,0,0,4.7151,0,0,0,0,0,0,0,0,0,0,0,2.3575,0,0,2.3575,0,0,0,0,4.7151,0,0,0,7.0726,0,0,0,0,0,0,2.3575,0,0,0,0,0,0,0,4.7151,9.4302,0,0,2.3575,0,0,0,0,0,0,0,0,0,16.5028,0,0,0,0,0,0,0,0,0,0,0,0,0,0,0,0,0,0,0,0,0,0,0,0,0,0,0,0,0,0,0,0,0,0,0,0,0,0,0,0,0,0,0,0,0,0,0,0,0
NRS,Maria Island,MAI,42.5967,148.2333,MAI20220510,2022-05-10T00:20:00Z,2022-05-10T10:20:00Z,2022,5,10,10:20:00,75,16.2978,0.3304,35.4785,La Nina,5.2715,4.3002,9.4302,0,0,0,0,0,0,35.3632,0,0,0,0,0,0,0,0,0,0,0,0,0,0,0,0,0,0,0,0,0,0,0,0,0,0,0,0,0,0,0,2.3575,5.8938,0,0,0,1.1788,0,0,1.1788,1.1788,9.4302,0,0,0,0,2.3575,0,0,0,0,0,0,0,0,0,0,0,0,0,0,0,0,0,0,0,0,0,0,0,0,0,0,0,0,0,0,0,0,0,0,0,1.1788,0,0,0,0,0,4.7151,0,0,0,0,0,0,0,0,0,0,1.1788,0,0,3.5363,0,0,0,0,4.7151,3.5363,0,0,0,7.0726,0,0,0,0,0,0,0,0,0,0,0,0,0,0,11.7877,0,0,0,12.9665,0,0,0,0,0,0,0,0,0,49.5084,0,0,0,0,0,0,0,0,0,0,0,0,0,0,0,0,0,0,0,0,0,0,0,0,0,0,0,0,0,0,1.1788,0,0,0,0,0,0,0,0,0,0,0,0,0,0,0,0,0,0
NRS,Maria Island,MAI,42.5967,148.2333,MAI20220616,2022-06-16T00:34:00Z,2022-06-16T10:34:00Z,2022,6,16,10:34:00,75,13.5722,0.3035,35.3736,La Nina,1.7304,1.6503,0,0,0,0,0,0,0,1.5717,0,0,0,0,0,0,0,0,0,0,0,0,0,0,0,0,1.5716,0,0,0,0,0,0,0,0,0,0,0,0,0,0,7.0726,0,0,0,0,1.5717,0,0,0,1.5717,1.5717,0,0,0,0,25.1472,0,0,0,0,0,0,0,0,0,0,0,0,0,0,0,0,0,0,0,0,0,0,0,0,0,0,0,0,0,0,0,0,0,0,0,0,0,0,0,0,0,0,0,0,0,0,0,0,0,0,0,0,0,0,0,0.7858,2.3575,0,0,0,0,0,0,0,0,15.717,0,0,0,0,0,0,0,0,0,0,0,0,0,0,6.2868,0,0,0,0,0,0,0,0,0,0,0,0,0,10.216,0,0,0,0,0,0,0,1.5716,0,0,0,0,0,0,0,0,0,0,0,0,0,0,0,0,0,0,0,0,0,0,0,0,0,0,0,0,0,0,0,0,0,0,0,0,0,0,0,0,0
NRS,Maria Island,MAI,42.5967,148.2333,MAI20220704,2022-07-04T00:15:00Z,2022-07-04T10:15:00Z,2022,7,4,10:15:00,75,12.9481,0.2288,35.2964,La Nina,0.9713,1.0137,0,0,0,0,0,0,0,0.6736,0,0,0,0,0,0,0,0,0,0,0,0,0,0,0,0,0.6736,0,0,0,0,0,0,0,0,0,0,0,0,0,0,0.6736,0.6736,0,0,0,2.0208,0,0,0.6736,2.6943,0,0,0,0,0,20.8811,0,0,0,0,0,0,0,0,0,0,0,0,0,0,0,0,0,0,0,0,0,0,0,0,0,0,0,0,0,0,0,0,0,0,0,0,0,0,0,0,0,0.6736,0,0,0,0,0,0,0,0,0,0,0,0,0,4.7151,0,0,0,0.6736,0,1.3472,0,0,0,7.4094,0,0,0,0,0,0,0,0,0,0,0,0,0,0,3.3679,0,0,0,0,0,0,0,0,0,0,0,0,0,10.1038,0,0,0,0,0,0,0,0.6736,0,0,0,0,0,0,0,0,0,0,0,0,0,0,0,0,0,0,0,0,0,0,0,0,0,0,0,0,0,0,0,0,0,0,0,0,0,0,0,0,0
NRS,Maria Island,MAI,42.5967,148.2333,MAI20220826,2022-08-26T00:05:00Z,2022-08-26T10:05:00Z,2022,8,26,10:05:00,75,12.4513,0.3432,35.2937,La Nina,5.5119,5.0074,0,0,0,0,0,0,0,1.5717,0,0,0,0,0,0,0,0,0,0,0,0,0,0,0,0,7.8585,0,0,0,0,0,0,0,0,0,0,0,0,0,0,17.2887,0,0,0,0,0,3.1434,0,0,4.7151,0,0,0,0,0,25.1472,0,0,0,0,0,0,0,0,0,0,0,0,0,0,0,0,0,0,0,0,0,0,0,0,0,0,0,0,0,0,0,0,0,0,0,0,0,0,0,0,0,0,0,0,0,0,0,0,0,0,0,0,0,0,0,0,0,0,0,0,0,0,0,0,0,6.2868,0,0,0,0,0,0,0,4.7151,0,0,0,0,0,0,12.5736,0,0,0,0,0,0,0,0,0,0,0,0,0,12.5736,0,0,0,0,0,0,0,0,0,0,0,0,0,0,0,0,0,0,0,0,0,0,0,0,0,0,0,0,0,0,0,0,0,0,0,0,0,0,0,0,0,0,0,0,0,0,0,0,0
NRS,Maria Island,MAI,42.5967,148.2333,MAI20220919,2022-09-19T23:15:00Z,2022-09-20T09:15:00Z,2022,9,20,9:15:00,75,12.372,0.8067,35.1045,La Nina,11.3492,8.5815,0,0,0,0,0,0,0,0,0,0,0,0,0,0,0,0,0,0,0,0,0,0,0,0,28.2906,0,0,9.4302,0,0,0,0,0,0,0,0,0,0,0,7.0726,0,0,0,0,2.3575,0,0,0,0,4.7151,0,0,0,0,66.0113,0,0,0,0,0,0,0,0,0,0,0,0,0,0,0,0,0,0,0,0,0,0,0,0,0,0,0,0,0,0,0,0,0,0,0,0,0,0,0,0,0,0,0,0,0,0,0,0,0,0,0,0,0,0,0,14.1453,0,0,4.7151,2.3575,4.7151,0,0,2.3575,0,44.7934,0,0,0,0,0,0,0,0,0,0,0,0,0,0,4.7151,0,0,0,0,0,0,0,0,0,0,0,0,0,70.7263,0,0,0,0,0,0,0,18.8604,0,0,0,0,0,0,0,0,0,0,0,0,0,0,0,0,0,0,0,0,0,0,0,0,0,0,0,0,0,0,0,0,0,0,0,0,0,0,0,0,0
NRS,Maria Island,MAI,42.5967,148.2333,MAI20221107,2022-11-07T22:55:00Z,2022-11-08T09:55:00Z,2022,11,8,9:55:00,75,14.1482,0.26,34.9443,La Nina,36.9192,17.5166,0,0,0,0,0,0,0,0,0,0,0,0,0,0,0,0,0,0,0,0,0,0,0,0,0.4715,0,0,0.3143,0,0,0,0,0,0,0,0,0,0,0,0.3143,0,0,0,0,0,0,0,0,0,0,0,0,0,0,0,0,0,0,0,0,0,0,0,0,0,0,0,0,0,0,0,0,0,0,0,0,0,0,0,0,0,0,0,0,0,0,0,0,0,0,0,0,0,0,0,0,0,0,0,0,0,0,0,0,0,0,0,0,0,0,0,0,0,0,0,0,0,0,0,0,0,0,0,0,0,0,0,0,0,0,0,0,0,0,0,0,0,0,0,0,0,0,0,0,0,0,0,0,0,10.6875,0,0,0,0,0,0,0,0,0,0,0,0,0,0,0,0,0,0,0,0,0,0,0,0,0,0,0,0,0,0,0,0,0,0,0,0,0,0,0,0,0,0,0,0,0,0,0,0,0
NRS,Maria Island,MAI,42.5967,148.2333,MAI20221123,2022-11-23T23:00:00Z,2022-11-24T10:00:00Z,2022,11,24,10:00:00,75,13.7315,1.4317,35.1211,La Nina,11.4435,5.4931,0,0,0,0,0,0,0,10.3732,0,0,0,0,0,0,0,0,0,0,0,0,0,0,0,0,1.886,0,0,0.943,0,0,0,0,0,0,0,0,0,0,0,13.2023,0,0,0,0,0,0,0,0,0,0.943,0,0,0,0,0,0,0,0,0,0,0,0,0,0,0,0,0,0,0,0,0,0,0,0,0,0,0,0,0,0,0,0,0,0,0,0,0,0,0,0,0,0,0,0,0,0,0,0,0,0,0,0,0,0,0,0,0,0,0,0,1.886,0,0,0,0,0,0,0,4.7151,0,1.886,0,0,0,0,0,0,0,0,0,0,0,0,0,0,0,0,0,0,0,0,0,0,0,0,0,0,0,0,21.6894,0,0,0,0,0,0,0,0,0,0,0,0,0,0,0,0,0,0,0,0,0,0,0,0,0,0,0,0,0,0,0,0,0,0,0,0,0,0,0,0,0,0,0,0,0,0,0,0,0
NRS,Maria Island,MAI,42.5967,148.2333,MAI20221212,2022-12-12T23:45:00Z,2022-12-13T10:45:00Z,2022,12,13,10:45:00,75,15.5687,0.6992,35.3766,La Nina,6.5917,5.1442,0,0,0,0,0,0,0,4.7151,0,0,0,0,0,0,0,0,0,0,0,0,0,0,0,0,9.4302,0,0,2.3575,0,0,0,0,0,0,0,0,0,0,0,1.1788,1.1788,0,0,0,4.7151,0,0,0,0,3.5363,0,0,0,0,11.7877,0,0,0,0,0,0,0,0,0,0,0,0,0,0,0,0,0,0,0,0,0,0,0,0,0,0,0,0,0,0,0,0,0,0,0,0,0,0,0,0,0,0,0,0,0,0,0,0,0,0,0,0,0,0,0,10.609,0,0,0,0,15.324,0,0,0,0,3.5363,0,0,0,0,0,0,0,0,0,0,0,0,0,0,2.3575,0,0,0,0,0,0,0,0,0,0,0,0,0,45.9721,0,0,0,0,0,0,0,5.8938,0,0,0,0,0,0,0,0,0,0,0,0,0,0,0,0,0,0,0,0,0,0,0,0,0,0,0,0,0,0,0,0,0,0,0,0,0,0,0,0,0
NRS,Maria Island,MAI,42.5967,148.2333,MAI20230111,2023-01-11T21:55:00Z,2023-01-12T08:55:00Z,2023,1,12,8:55:00,75,17.3748,0.5449,35.2271,La Nina,8.5956,7.4876,0,0,0,0,0,0,0,75.4415,0,0,0,0,0,0,0,0,0,0,0,0,0,0,0,0,4.7151,0,0,0,0,0,0,0,0,0,0,0,0,0,0,14.1453,0,0,0,0,0,0,0,0,0,0,0,0,0,0,9.4302,0,0,0,0,0,0,0,0,0,0,0,0,0,0,0,0,0,0,0,0,0,0,0,0,0,0,0,0,0,0,0,0,0,0,0,9.4302,0,0,0,0,0,0,0,0,0,0,0,0,0,0,0,0,0,0,0,0,0,0,0,0,14.1453,0,0,0,0,0,0,0,0,0,0,0,0,9.4302,0,0,0,0,0,0,4.7151,0,0,0,0,0,0,0,0,0,0,0,0,0,108.4471,0,0,0,0,0,0,0,0,0,0,0,0,0,0,0,0,0,0,0,0,0,0,0,0,0,0,0,0,0,0,0,0,0,0,0,0,0,0,0,0,0,0,0,0,0,0,0,0,0
NRS,Maria Island,MAI,42.5967,148.2333,MAI20230221,2023-02-21T22:55:00Z,2023-02-22T09:55:00Z,2023,2,22,9:55:00,75,18.478,0.3058,35.5645,La Nina,4.4793,3.7626,7.0726,0,0,0,0,0,0,11.7877,0,0,0,0,0,0,0,0,0,0,0,0,0,0,0,0,23.5755,0,0,0,0,0,0,0,0,0,0,0,0,0,0,11.7877,2.3575,0,0,0,0,0,0,0,0,0,0,0,0,0,7.0726,0,0,0,0,0,0,0,0,0,0,0,0,0,0,0,0,0,0,0,0,0,0,0,0,0,0,0,0,0,0,0,0,0,0,0,0,0,0,0,0,0,9.4302,0,0,0,0,0,0,0,0,0,0,0,0,0,2.3575,0,0,0,0,0,0,0,0,0,9.4302,0,0,0,0,0,0,0,0,0,0,0,0,0,0,16.5028,2.3575,0,0,0,0,0,0,0,0,0,0,0,0,44.7934,0,0,0,0,0,0,0,0,0,0,0,0,0,0,0,0,0,0,0,0,0,0,0,0,0,0,0,0,0,0,0,0,0,0,0,0,0,0,0,0,0,0,0,0,0,0,0,0,0
NRS,Maria Island,MAI,42.5967,148.2333,MAI20230322,2023-03-22T23:04:00Z,2023-03-23T10:04:00Z,2023,3,23,10:04:00,75,17.9937,0.3459,35.5975,La Nina,NA,NA,2.3575,0,0,0,0,0,0,16.5028,0,0,0,0,0,0,0,0,0,0,0,0,0,0,0,0,0,0,0,0,0,0,0,0,0,0,0,0,0,0,0,0,0,0,0,0,0,2.3575,0,0,2.3575,2.3575,0,0,0,0,7.0726,0,0,0,0,0,0,0,0,0,0,0,0,0,0,0,0,0,0,0,0,0,0,0,0,0,0,0,0,0,0,0,0,0,0,0,0,0,0,0,0,0,4.7151,0,0,0,0,0,0,0,0,0,0,2.3575,0,0,4.7151,0,0,0,2.3575,0,0,0,0,0,37.7207,0,0,0,0,0,0,0,0,0,0,0,0,0,0,4.7151,0,0,0,0,0,0,0,0,0,0,0,0,0,28.2905,0,0,0,0,0,0,0,0,0,0,0,0,0,0,0,0,0,0,0,0,0,0,0,0,0,0,0,0,0,0,0,0,0,0,0,0,0,0,0,0,0,0,0,0,0,0,0,0,0